,Year,Frequency,Nb hot days,Accumulated area summer,Mean duration summer,Max duration summer,Mean spatial extent summer,Max spatial extent summer,Mean accumulated area summer,Max accumulated area summer,Mean speed summer,Max speed summer,Mean distance summer,Max distance summer,temp_file_path,model,calendar,JJA duration,Relative accumulated area summer (%)
750,1975,0,0,0.0,,,,,,,,,,,/bdd/CORDEX-Adjust/bias-adjusted-output/EUR-11/KNMI/ICHEC-EC-EARTH/historical/r1i1p1/KNMI-RACMO22E/SBCK-CDFt-ERA5-1976-2005/day/tasmaxAdjust/v20260512/tasmaxAdjust_EUR-11_ICHEC-EC-EARTH_historical_r1i1p1_KNMI-RACMO22E_SBCK-CDFt-ERA5-1976-2005_day_19500101-20051231.nc,KNMI_ICHEC-EC-EARTH_rcp85_r1i1p1_KNMI-RACMO22E_SBCK-CDFt-ERA5-1976-2005_day_tasmaxAdjust_v20260512,noleap,92,0.0
751,1976,3,38,10401176.754817815,13.666666666666666,17.0,596667.3551264423,964134.5629085372,3467058.9182726056,5406499.580942568,11.178005366215372,17.295261875232267,161.01678435618925,294.01945187894853,/bdd/CORDEX-Adjust/bias-adjusted-output/EUR-11/KNMI/ICHEC-EC-EARTH/historical/r1i1p1/KNMI-RACMO22E/SBCK-CDFt-ERA5-1976-2005/day/tasmaxAdjust/v20260512/tasmaxAdjust_EUR-11_ICHEC-EC-EARTH_historical_r1i1p1_KNMI-RACMO22E_SBCK-CDFt-ERA5-1976-2005_day_19500101-20051231.nc,KNMI_ICHEC-EC-EARTH_rcp85_r1i1p1_KNMI-RACMO22E_SBCK-CDFt-ERA5-1976-2005_day_tasmaxAdjust_v20260512,noleap,92,1.3181640207390437
752,1977,1,8,412402.7643697739,8.0,8.0,85286.7904707663,85286.7904707663,412402.7643697739,412402.7643697739,10.463186882374076,10.463186882374076,83.70549505899261,83.70549505899261,/bdd/CORDEX-Adjust/bias-adjusted-output/EUR-11/KNMI/ICHEC-EC-EARTH/historical/r1i1p1/KNMI-RACMO22E/SBCK-CDFt-ERA5-1976-2005/day/tasmaxAdjust/v20260512/tasmaxAdjust_EUR-11_ICHEC-EC-EARTH_historical_r1i1p1_KNMI-RACMO22E_SBCK-CDFt-ERA5-1976-2005_day_19500101-20051231.nc,KNMI_ICHEC-EC-EARTH_rcp85_r1i1p1_KNMI-RACMO22E_SBCK-CDFt-ERA5-1976-2005_day_tasmaxAdjust_v20260512,noleap,92,0.052264709932340676
753,1978,2,11,613098.7604672753,5.5,6.0,70902.55017160851,99118.17391712117,306549.38023363764,396879.3366527159,0.7783316852328116,1.523508892087304,4.65341287220771,9.141053352523825,/bdd/CORDEX-Adjust/bias-adjusted-output/EUR-11/KNMI/ICHEC-EC-EARTH/historical/r1i1p1/KNMI-RACMO22E/SBCK-CDFt-ERA5-1976-2005/day/tasmaxAdjust/v20260512/tasmaxAdjust_EUR-11_ICHEC-EC-EARTH_historical_r1i1p1_KNMI-RACMO22E_SBCK-CDFt-ERA5-1976-2005_day_19500101-20051231.nc,KNMI_ICHEC-EC-EARTH_rcp85_r1i1p1_KNMI-RACMO22E_SBCK-CDFt-ERA5-1976-2005_day_tasmaxAdjust_v20260512,noleap,92,0.0776993552035664
754,1979,5,31,5920293.389280574,6.8,8.0,249131.04993050263,440173.0790376937,1184058.677856115,2267859.912678336,10.918632262700685,20.880271604147257,78.66821797492483,167.04217283317806,/bdd/CORDEX-Adjust/bias-adjusted-output/EUR-11/KNMI/ICHEC-EC-EARTH/historical/r1i1p1/KNMI-RACMO22E/SBCK-CDFt-ERA5-1976-2005/day/tasmaxAdjust/v20260512/tasmaxAdjust_EUR-11_ICHEC-EC-EARTH_historical_r1i1p1_KNMI-RACMO22E_SBCK-CDFt-ERA5-1976-2005_day_19500101-20051231.nc,KNMI_ICHEC-EC-EARTH_rcp85_r1i1p1_KNMI-RACMO22E_SBCK-CDFt-ERA5-1976-2005_day_tasmaxAdjust_v20260512,noleap,92,0.7502918104294396
755,1980,2,15,3693149.308737223,7.5,8.0,429401.8878839727,751951.4837645278,1846574.6543686115,3263568.805209817,7.120948360769886,14.101041543703802,49.91706611430719,98.70729080592662,/bdd/CORDEX-Adjust/bias-adjusted-output/EUR-11/KNMI/ICHEC-EC-EARTH/historical/r1i1p1/KNMI-RACMO22E/SBCK-CDFt-ERA5-1976-2005/day/tasmaxAdjust/v20260512/tasmaxAdjust_EUR-11_ICHEC-EC-EARTH_historical_r1i1p1_KNMI-RACMO22E_SBCK-CDFt-ERA5-1976-2005_day_19500101-20051231.nc,KNMI_ICHEC-EC-EARTH_rcp85_r1i1p1_KNMI-RACMO22E_SBCK-CDFt-ERA5-1976-2005_day_tasmaxAdjust_v20260512,noleap,92,0.46804093966961413
756,1981,2,19,2238702.8135347697,9.5,11.0,182645.8855021472,183106.4929380132,1119351.4067673848,1208433.585924873,6.443324690275517,8.821113167447677,64.77826727337566,97.03224484192444,/bdd/CORDEX-Adjust/bias-adjusted-output/EUR-11/KNMI/ICHEC-EC-EARTH/historical/r1i1p1/KNMI-RACMO22E/SBCK-CDFt-ERA5-1976-2005/day/tasmaxAdjust/v20260512/tasmaxAdjust_EUR-11_ICHEC-EC-EARTH_historical_r1i1p1_KNMI-RACMO22E_SBCK-CDFt-ERA5-1976-2005_day_19500101-20051231.nc,KNMI_ICHEC-EC-EARTH_rcp85_r1i1p1_KNMI-RACMO22E_SBCK-CDFt-ERA5-1976-2005_day_tasmaxAdjust_v20260512,noleap,92,0.28371573442994436
757,1982,2,21,4978296.0380737735,15.0,21.0,426865.5083029268,725078.1975371714,2489148.0190368867,4327700.29645554,4.179154821247796,6.757696645051587,78.15857326153969,141.91162954608333,/bdd/CORDEX-Adjust/bias-adjusted-output/EUR-11/KNMI/ICHEC-EC-EARTH/historical/r1i1p1/KNMI-RACMO22E/SBCK-CDFt-ERA5-1976-2005/day/tasmaxAdjust/v20260512/tasmaxAdjust_EUR-11_ICHEC-EC-EARTH_historical_r1i1p1_KNMI-RACMO22E_SBCK-CDFt-ERA5-1976-2005_day_19500101-20051231.nc,KNMI_ICHEC-EC-EARTH_rcp85_r1i1p1_KNMI-RACMO22E_SBCK-CDFt-ERA5-1976-2005_day_tasmaxAdjust_v20260512,noleap,92,0.6309104129911999
758,1983,1,7,404581.34346349246,7.0,7.0,83755.6433122238,83755.6433122238,404581.34346349246,404581.34346349246,2.329809530112306,2.329809530112306,16.30866671078614,16.30866671078614,/bdd/CORDEX-Adjust/bias-adjusted-output/EUR-11/KNMI/ICHEC-EC-EARTH/historical/r1i1p1/KNMI-RACMO22E/SBCK-CDFt-ERA5-1976-2005/day/tasmaxAdjust/v20260512/tasmaxAdjust_EUR-11_ICHEC-EC-EARTH_historical_r1i1p1_KNMI-RACMO22E_SBCK-CDFt-ERA5-1976-2005_day_19500101-20051231.nc,KNMI_ICHEC-EC-EARTH_rcp85_r1i1p1_KNMI-RACMO22E_SBCK-CDFt-ERA5-1976-2005_day_tasmaxAdjust_v20260512,noleap,92,0.05127348404773672
759,1984,4,46,7732430.768773755,13.75,32.0,408374.7598779885,703107.4026715843,1933107.6921934388,3288091.188183899,14.927261768219768,29.790075464715382,297.56823537999315,953.2824148708922,/bdd/CORDEX-Adjust/bias-adjusted-output/EUR-11/KNMI/ICHEC-EC-EARTH/historical/r1i1p1/KNMI-RACMO22E/SBCK-CDFt-ERA5-1976-2005/day/tasmaxAdjust/v20260512/tasmaxAdjust_EUR-11_ICHEC-EC-EARTH_historical_r1i1p1_KNMI-RACMO22E_SBCK-CDFt-ERA5-1976-2005_day_19500101-20051231.nc,KNMI_ICHEC-EC-EARTH_rcp85_r1i1p1_KNMI-RACMO22E_SBCK-CDFt-ERA5-1976-2005_day_tasmaxAdjust_v20260512,noleap,92,0.9799479686307512
760,1985,0,0,0.0,,,,,,,,,,,/bdd/CORDEX-Adjust/bias-adjusted-output/EUR-11/KNMI/ICHEC-EC-EARTH/historical/r1i1p1/KNMI-RACMO22E/SBCK-CDFt-ERA5-1976-2005/day/tasmaxAdjust/v20260512/tasmaxAdjust_EUR-11_ICHEC-EC-EARTH_historical_r1i1p1_KNMI-RACMO22E_SBCK-CDFt-ERA5-1976-2005_day_19500101-20051231.nc,KNMI_ICHEC-EC-EARTH_rcp85_r1i1p1_KNMI-RACMO22E_SBCK-CDFt-ERA5-1976-2005_day_tasmaxAdjust_v20260512,noleap,92,0.0
761,1986,3,92,10788096.972421473,39.0,92.0,570438.9585072334,1170100.819692157,3596032.3241404905,8196444.453521546,12.478641984520324,22.30328689890299,308.9949845950981,569.8772715042637,/bdd/CORDEX-Adjust/bias-adjusted-output/EUR-11/KNMI/ICHEC-EC-EARTH/historical/r1i1p1/KNMI-RACMO22E/SBCK-CDFt-ERA5-1976-2005/day/tasmaxAdjust/v20260512/tasmaxAdjust_EUR-11_ICHEC-EC-EARTH_historical_r1i1p1_KNMI-RACMO22E_SBCK-CDFt-ERA5-1976-2005_day_19500101-20051231.nc,KNMI_ICHEC-EC-EARTH_rcp85_r1i1p1_KNMI-RACMO22E_SBCK-CDFt-ERA5-1976-2005_day_tasmaxAdjust_v20260512,noleap,92,1.367199271438482
762,1987,3,14,3580320.76776032,6.333333333333333,7.0,291278.14353031863,483721.0253021327,1193440.2559201063,2013862.6665801853,5.743873681494246,9.471894332428702,34.51500271448477,56.83136599457222,/bdd/CORDEX-Adjust/bias-adjusted-output/EUR-11/KNMI/ICHEC-EC-EARTH/historical/r1i1p1/KNMI-RACMO22E/SBCK-CDFt-ERA5-1976-2005/day/tasmaxAdjust/v20260512/tasmaxAdjust_EUR-11_ICHEC-EC-EARTH_historical_r1i1p1_KNMI-RACMO22E_SBCK-CDFt-ERA5-1976-2005_day_19500101-20051231.nc,KNMI_ICHEC-EC-EARTH_rcp85_r1i1p1_KNMI-RACMO22E_SBCK-CDFt-ERA5-1976-2005_day_tasmaxAdjust_v20260512,noleap,92,0.45374193036190824
763,1988,2,92,3682222.265557405,51.0,92.0,331426.1310915025,617826.9595468126,1841111.1327787023,3408372.291898818,7.582002350006104,9.342957784654605,458.8812926708997,859.5521161882234,/bdd/CORDEX-Adjust/bias-adjusted-output/EUR-11/KNMI/ICHEC-EC-EARTH/historical/r1i1p1/KNMI-RACMO22E/SBCK-CDFt-ERA5-1976-2005/day/tasmaxAdjust/v20260512/tasmaxAdjust_EUR-11_ICHEC-EC-EARTH_historical_r1i1p1_KNMI-RACMO22E_SBCK-CDFt-ERA5-1976-2005_day_19500101-20051231.nc,KNMI_ICHEC-EC-EARTH_rcp85_r1i1p1_KNMI-RACMO22E_SBCK-CDFt-ERA5-1976-2005_day_tasmaxAdjust_v20260512,noleap,92,0.4666561314395236
764,1989,2,20,2708366.0665767896,10.0,11.0,272976.09450673417,344716.3416711187,1354183.0332883948,1683640.8301669736,4.573417792678179,7.381122351817306,42.92647336764266,66.43010116635575,/bdd/CORDEX-Adjust/bias-adjusted-output/EUR-11/KNMI/ICHEC-EC-EARTH/historical/r1i1p1/KNMI-RACMO22E/SBCK-CDFt-ERA5-1976-2005/day/tasmaxAdjust/v20260512/tasmaxAdjust_EUR-11_ICHEC-EC-EARTH_historical_r1i1p1_KNMI-RACMO22E_SBCK-CDFt-ERA5-1976-2005_day_19500101-20051231.nc,KNMI_ICHEC-EC-EARTH_rcp85_r1i1p1_KNMI-RACMO22E_SBCK-CDFt-ERA5-1976-2005_day_tasmaxAdjust_v20260512,noleap,92,0.34323719210890213
765,1990,4,62,26531795.77851896,17.5,47.0,700676.9571106288,1858358.6661455275,6632948.94462974,21619348.862226337,8.880310911283146,27.157088238659128,136.1425913178141,271.5708823865913,/bdd/CORDEX-Adjust/bias-adjusted-output/EUR-11/KNMI/ICHEC-EC-EARTH/historical/r1i1p1/KNMI-RACMO22E/SBCK-CDFt-ERA5-1976-2005/day/tasmaxAdjust/v20260512/tasmaxAdjust_EUR-11_ICHEC-EC-EARTH_historical_r1i1p1_KNMI-RACMO22E_SBCK-CDFt-ERA5-1976-2005_day_19500101-20051231.nc,KNMI_ICHEC-EC-EARTH_rcp85_r1i1p1_KNMI-RACMO22E_SBCK-CDFt-ERA5-1976-2005_day_tasmaxAdjust_v20260512,noleap,92,3.3624328694001044
766,1991,6,35,12963533.67287408,8.666666666666666,16.0,378300.2721108677,1367529.522290301,2160588.945479013,9084117.607116168,5.570651695918841,15.22316348028883,62.73473363034707,197.9011252437548,/bdd/CORDEX-Adjust/bias-adjusted-output/EUR-11/KNMI/ICHEC-EC-EARTH/historical/r1i1p1/KNMI-RACMO22E/SBCK-CDFt-ERA5-1976-2005/day/tasmaxAdjust/v20260512/tasmaxAdjust_EUR-11_ICHEC-EC-EARTH_historical_r1i1p1_KNMI-RACMO22E_SBCK-CDFt-ERA5-1976-2005_day_19500101-20051231.nc,KNMI_ICHEC-EC-EARTH_rcp85_r1i1p1_KNMI-RACMO22E_SBCK-CDFt-ERA5-1976-2005_day_tasmaxAdjust_v20260512,noleap,92,1.6428971521233409
767,1992,2,16,2577432.368640729,8.0,10.0,248640.97328696703,274932.08338959113,1288716.1843203646,1305380.7810833205,17.56310739555522,25.485900129897296,156.35044463312593,254.85900129897297,/bdd/CORDEX-Adjust/bias-adjusted-output/EUR-11/KNMI/ICHEC-EC-EARTH/historical/r1i1p1/KNMI-RACMO22E/SBCK-CDFt-ERA5-1976-2005/day/tasmaxAdjust/v20260512/tasmaxAdjust_EUR-11_ICHEC-EC-EARTH_historical_r1i1p1_KNMI-RACMO22E_SBCK-CDFt-ERA5-1976-2005_day_19500101-20051231.nc,KNMI_ICHEC-EC-EARTH_rcp85_r1i1p1_KNMI-RACMO22E_SBCK-CDFt-ERA5-1976-2005_day_tasmaxAdjust_v20260512,noleap,92,0.3266436764144703
768,1993,6,32,4359856.757216088,8.0,13.0,148998.56727490565,405243.41332336806,726642.792869348,2153750.440636956,8.075751704860924,17.439168766478076,73.2954426913498,226.709193964215,/bdd/CORDEX-Adjust/bias-adjusted-output/EUR-11/KNMI/ICHEC-EC-EARTH/historical/r1i1p1/KNMI-RACMO22E/SBCK-CDFt-ERA5-1976-2005/day/tasmaxAdjust/v20260512/tasmaxAdjust_EUR-11_ICHEC-EC-EARTH_historical_r1i1p1_KNMI-RACMO22E_SBCK-CDFt-ERA5-1976-2005_day_19500101-20051231.nc,KNMI_ICHEC-EC-EARTH_rcp85_r1i1p1_KNMI-RACMO22E_SBCK-CDFt-ERA5-1976-2005_day_tasmaxAdjust_v20260512,noleap,92,0.5525342418852981
769,1994,1,15,292210.44559445616,15.0,15.0,48720.59846906366,48720.59846906366,292210.44559445616,292210.44559445616,4.452835981380849,4.452835981380849,66.79253972071274,66.79253972071274,/bdd/CORDEX-Adjust/bias-adjusted-output/EUR-11/KNMI/ICHEC-EC-EARTH/historical/r1i1p1/KNMI-RACMO22E/SBCK-CDFt-ERA5-1976-2005/day/tasmaxAdjust/v20260512/tasmaxAdjust_EUR-11_ICHEC-EC-EARTH_historical_r1i1p1_KNMI-RACMO22E_SBCK-CDFt-ERA5-1976-2005_day_19500101-20051231.nc,KNMI_ICHEC-EC-EARTH_rcp85_r1i1p1_KNMI-RACMO22E_SBCK-CDFt-ERA5-1976-2005_day_tasmaxAdjust_v20260512,noleap,92,0.03703247285825811
770,1995,4,26,2430238.247971262,9.75,14.0,113440.15246928803,255618.42018571947,607559.5619928155,1471923.6086156222,4.61712386420301,8.64166655781702,52.59233548925468,120.98333180943828,/bdd/CORDEX-Adjust/bias-adjusted-output/EUR-11/KNMI/ICHEC-EC-EARTH/historical/r1i1p1/KNMI-RACMO22E/SBCK-CDFt-ERA5-1976-2005/day/tasmaxAdjust/v20260512/tasmaxAdjust_EUR-11_ICHEC-EC-EARTH_historical_r1i1p1_KNMI-RACMO22E_SBCK-CDFt-ERA5-1976-2005_day_19500101-20051231.nc,KNMI_ICHEC-EC-EARTH_rcp85_r1i1p1_KNMI-RACMO22E_SBCK-CDFt-ERA5-1976-2005_day_tasmaxAdjust_v20260512,noleap,92,0.30798944156157826
771,1996,3,42,4749518.500642499,14.0,29.0,287612.4943585696,545245.1234196865,1583172.8335474995,3300388.47071146,3.735806707992712,6.7069698394906165,52.47607164915525,105.25326115474276,/bdd/CORDEX-Adjust/bias-adjusted-output/EUR-11/KNMI/ICHEC-EC-EARTH/historical/r1i1p1/KNMI-RACMO22E/SBCK-CDFt-ERA5-1976-2005/day/tasmaxAdjust/v20260512/tasmaxAdjust_EUR-11_ICHEC-EC-EARTH_historical_r1i1p1_KNMI-RACMO22E_SBCK-CDFt-ERA5-1976-2005_day_19500101-20051231.nc,KNMI_ICHEC-EC-EARTH_rcp85_r1i1p1_KNMI-RACMO22E_SBCK-CDFt-ERA5-1976-2005_day_tasmaxAdjust_v20260512,noleap,92,0.6019169321857227
772,1997,5,92,13629339.87844769,30.2,92.0,470298.8861439623,762247.8775696305,2725867.975689538,4918914.838214238,25.305484144359944,45.75699315246357,450.8569296427107,918.052969637502,/bdd/CORDEX-Adjust/bias-adjusted-output/EUR-11/KNMI/ICHEC-EC-EARTH/historical/r1i1p1/KNMI-RACMO22E/SBCK-CDFt-ERA5-1976-2005/day/tasmaxAdjust/v20260512/tasmaxAdjust_EUR-11_ICHEC-EC-EARTH_historical_r1i1p1_KNMI-RACMO22E_SBCK-CDFt-ERA5-1976-2005_day_19500101-20051231.nc,KNMI_ICHEC-EC-EARTH_rcp85_r1i1p1_KNMI-RACMO22E_SBCK-CDFt-ERA5-1976-2005_day_tasmaxAdjust_v20260512,noleap,92,1.7272762378422133
773,1998,4,34,7355273.421076309,8.5,13.0,385894.32558024,707900.927237618,1838818.3552690768,3114974.1202947446,8.539436086948937,17.290803148481654,60.72550922980548,121.0356220393716,/bdd/CORDEX-Adjust/bias-adjusted-output/EUR-11/KNMI/ICHEC-EC-EARTH/historical/r1i1p1/KNMI-RACMO22E/SBCK-CDFt-ERA5-1976-2005/day/tasmaxAdjust/v20260512/tasmaxAdjust_EUR-11_ICHEC-EC-EARTH_historical_r1i1p1_KNMI-RACMO22E_SBCK-CDFt-ERA5-1976-2005_day_19500101-20051231.nc,KNMI_ICHEC-EC-EARTH_rcp85_r1i1p1_KNMI-RACMO22E_SBCK-CDFt-ERA5-1976-2005_day_tasmaxAdjust_v20260512,noleap,92,0.9321499879203612
774,1999,2,23,6465522.815124824,19.5,21.0,540801.6906643864,960409.4134768838,3232761.407562412,5716642.437894873,10.486787932457576,19.479752123125945,217.9818109689253,409.0747945856448,/bdd/CORDEX-Adjust/bias-adjusted-output/EUR-11/KNMI/ICHEC-EC-EARTH/historical/r1i1p1/KNMI-RACMO22E/SBCK-CDFt-ERA5-1976-2005/day/tasmaxAdjust/v20260512/tasmaxAdjust_EUR-11_ICHEC-EC-EARTH_historical_r1i1p1_KNMI-RACMO22E_SBCK-CDFt-ERA5-1976-2005_day_19500101-20051231.nc,KNMI_ICHEC-EC-EARTH_rcp85_r1i1p1_KNMI-RACMO22E_SBCK-CDFt-ERA5-1976-2005_day_tasmaxAdjust_v20260512,noleap,92,0.8193899354914135
775,2000,3,92,18405179.92233124,43.0,92.0,805348.4261058726,1739510.7590703983,6135059.974110413,14698693.375646347,5.3588647444375725,8.7800082007302,124.50782027333712,263.400246021906,/bdd/CORDEX-Adjust/bias-adjusted-output/EUR-11/KNMI/ICHEC-EC-EARTH/historical/r1i1p1/KNMI-RACMO22E/SBCK-CDFt-ERA5-1976-2005/day/tasmaxAdjust/v20260512/tasmaxAdjust_EUR-11_ICHEC-EC-EARTH_historical_r1i1p1_KNMI-RACMO22E_SBCK-CDFt-ERA5-1976-2005_day_19500101-20051231.nc,KNMI_ICHEC-EC-EARTH_rcp85_r1i1p1_KNMI-RACMO22E_SBCK-CDFt-ERA5-1976-2005_day_tasmaxAdjust_v20260512,noleap,92,2.3325289571305454
776,2001,4,47,14614216.65323652,11.75,19.0,568634.1969171452,1286381.5115841753,3653554.16330913,7607848.40070535,6.092337199581952,14.116006213007957,76.44114436910804,183.50808076910343,/bdd/CORDEX-Adjust/bias-adjusted-output/EUR-11/KNMI/ICHEC-EC-EARTH/historical/r1i1p1/KNMI-RACMO22E/SBCK-CDFt-ERA5-1976-2005/day/tasmaxAdjust/v20260512/tasmaxAdjust_EUR-11_ICHEC-EC-EARTH_historical_r1i1p1_KNMI-RACMO22E_SBCK-CDFt-ERA5-1976-2005_day_19500101-20051231.nc,KNMI_ICHEC-EC-EARTH_rcp85_r1i1p1_KNMI-RACMO22E_SBCK-CDFt-ERA5-1976-2005_day_tasmaxAdjust_v20260512,noleap,92,1.8520918389987657
777,2002,2,92,1197659.5306076475,49.0,92.0,124409.20559171964,133076.30904054185,598829.7653038239,641116.5933693789,11.533263795415012,15.59342745677376,739.7169634137617,1434.595326023186,/bdd/CORDEX-Adjust/bias-adjusted-output/EUR-11/KNMI/ICHEC-EC-EARTH/historical/r1i1p1/KNMI-RACMO22E/SBCK-CDFt-ERA5-1976-2005/day/tasmaxAdjust/v20260512/tasmaxAdjust_EUR-11_ICHEC-EC-EARTH_historical_r1i1p1_KNMI-RACMO22E_SBCK-CDFt-ERA5-1976-2005_day_19500101-20051231.nc,KNMI_ICHEC-EC-EARTH_rcp85_r1i1p1_KNMI-RACMO22E_SBCK-CDFt-ERA5-1976-2005_day_tasmaxAdjust_v20260512,noleap,92,0.15178202808744257
778,2003,10,70,21936766.34605469,11.1,20.0,440293.6714534592,1043105.5981094176,2193676.634605469,5491193.189748497,15.172970410110082,35.10123253192032,171.58115864614007,561.6197205107251,/bdd/CORDEX-Adjust/bias-adjusted-output/EUR-11/KNMI/ICHEC-EC-EARTH/historical/r1i1p1/KNMI-RACMO22E/SBCK-CDFt-ERA5-1976-2005/day/tasmaxAdjust/v20260512/tasmaxAdjust_EUR-11_ICHEC-EC-EARTH_historical_r1i1p1_KNMI-RACMO22E_SBCK-CDFt-ERA5-1976-2005_day_19500101-20051231.nc,KNMI_ICHEC-EC-EARTH_rcp85_r1i1p1_KNMI-RACMO22E_SBCK-CDFt-ERA5-1976-2005_day_tasmaxAdjust_v20260512,noleap,92,2.7800946768195636
779,2004,2,13,2966346.236314495,6.5,8.0,330089.6922970184,556889.5443590368,1483173.1181572475,2479690.282428724,7.57793700659224,11.598818719087449,55.28791311159237,92.79054975269958,/bdd/CORDEX-Adjust/bias-adjusted-output/EUR-11/KNMI/ICHEC-EC-EARTH/historical/r1i1p1/KNMI-RACMO22E/SBCK-CDFt-ERA5-1976-2005/day/tasmaxAdjust/v20260512/tasmaxAdjust_EUR-11_ICHEC-EC-EARTH_historical_r1i1p1_KNMI-RACMO22E_SBCK-CDFt-ERA5-1976-2005_day_19500101-20051231.nc,KNMI_ICHEC-EC-EARTH_rcp85_r1i1p1_KNMI-RACMO22E_SBCK-CDFt-ERA5-1976-2005_day_tasmaxAdjust_v20260512,noleap,92,0.37593158677485944
780,2005,7,48,6514302.3222113,10.285714285714286,17.0,172540.49693155944,353969.7852369061,930614.6174587572,2279286.027780963,6.664395136417851,18.01077253992474,64.22348192018246,166.98139672017496,/bdd/CORDEX-Adjust/bias-adjusted-output/EUR-11/KNMI/ICHEC-EC-EARTH/historical/r1i1p1/KNMI-RACMO22E/SBCK-CDFt-ERA5-1976-2005/day/tasmaxAdjust/v20260512/tasmaxAdjust_EUR-11_ICHEC-EC-EARTH_historical_r1i1p1_KNMI-RACMO22E_SBCK-CDFt-ERA5-1976-2005_day_19500101-20051231.nc,KNMI_ICHEC-EC-EARTH_rcp85_r1i1p1_KNMI-RACMO22E_SBCK-CDFt-ERA5-1976-2005_day_tasmaxAdjust_v20260512,noleap,92,0.8255718697769734
781,2006,2,36,6444855.641514471,21.0,35.0,605034.3781945426,662635.4208702918,3222427.8207572354,3741060.131712586,14.361412797885034,17.122063131415434,340.23877342501135,599.2722095995402,/bdd/CORDEX-Adjust/bias-adjusted-output/EUR-11/KNMI/ICHEC-EC-EARTH/rcp85/r1i1p1/KNMI-RACMO22E/SBCK-CDFt-ERA5-1976-2005/day/tasmaxAdjust/v20260512/tasmaxAdjust_EUR-11_ICHEC-EC-EARTH_rcp85_r1i1p1_KNMI-RACMO22E_SBCK-CDFt-ERA5-1976-2005_day_20060101-21001231.nc,KNMI_ICHEC-EC-EARTH_rcp85_r1i1p1_KNMI-RACMO22E_SBCK-CDFt-ERA5-1976-2005_day_tasmaxAdjust_v20260512,noleap,92,0.8167707390960713
782,2007,10,65,10874640.7547202,9.0,18.0,204294.07735506856,509507.9056869405,1087464.07547202,3130613.068429076,6.231231686969473,17.265015572077715,58.62747127093875,189.9151712928549,/bdd/CORDEX-Adjust/bias-adjusted-output/EUR-11/KNMI/ICHEC-EC-EARTH/rcp85/r1i1p1/KNMI-RACMO22E/SBCK-CDFt-ERA5-1976-2005/day/tasmaxAdjust/v20260512/tasmaxAdjust_EUR-11_ICHEC-EC-EARTH_rcp85_r1i1p1_KNMI-RACMO22E_SBCK-CDFt-ERA5-1976-2005_day_20060101-21001231.nc,KNMI_ICHEC-EC-EARTH_rcp85_r1i1p1_KNMI-RACMO22E_SBCK-CDFt-ERA5-1976-2005_day_tasmaxAdjust_v20260512,noleap,92,1.3781671554321862
783,2008,2,23,5593384.890016502,14.5,19.0,499130.4748277594,734445.9775356295,2796692.445008251,4191924.5789216114,5.851732588438161,6.806660933931939,89.14730008707532,129.32655774470683,/bdd/CORDEX-Adjust/bias-adjusted-output/EUR-11/KNMI/ICHEC-EC-EARTH/rcp85/r1i1p1/KNMI-RACMO22E/SBCK-CDFt-ERA5-1976-2005/day/tasmaxAdjust/v20260512/tasmaxAdjust_EUR-11_ICHEC-EC-EARTH_rcp85_r1i1p1_KNMI-RACMO22E_SBCK-CDFt-ERA5-1976-2005_day_20060101-21001231.nc,KNMI_ICHEC-EC-EARTH_rcp85_r1i1p1_KNMI-RACMO22E_SBCK-CDFt-ERA5-1976-2005_day_tasmaxAdjust_v20260512,noleap,92,0.7088619768671848
784,2009,4,29,8164602.069687382,7.25,8.0,449733.1296294544,949785.1453142111,2041150.5174218456,4248988.976136264,16.554432854763416,26.803361717586338,124.9832462393944,214.4268937406907,/bdd/CORDEX-Adjust/bias-adjusted-output/EUR-11/KNMI/ICHEC-EC-EARTH/rcp85/r1i1p1/KNMI-RACMO22E/SBCK-CDFt-ERA5-1976-2005/day/tasmaxAdjust/v20260512/tasmaxAdjust_EUR-11_ICHEC-EC-EARTH_rcp85_r1i1p1_KNMI-RACMO22E_SBCK-CDFt-ERA5-1976-2005_day_20060101-21001231.nc,KNMI_ICHEC-EC-EARTH_rcp85_r1i1p1_KNMI-RACMO22E_SBCK-CDFt-ERA5-1976-2005_day_tasmaxAdjust_v20260512,noleap,92,1.0347179887053026
785,2010,3,34,22296374.86994345,14.666666666666666,28.0,831625.528104989,1684624.0617854858,7432124.956647817,18347044.40739038,11.333059637164649,17.746614907093445,161.205305783208,296.27148048074133,/bdd/CORDEX-Adjust/bias-adjusted-output/EUR-11/KNMI/ICHEC-EC-EARTH/rcp85/r1i1p1/KNMI-RACMO22E/SBCK-CDFt-ERA5-1976-2005/day/tasmaxAdjust/v20260512/tasmaxAdjust_EUR-11_ICHEC-EC-EARTH_rcp85_r1i1p1_KNMI-RACMO22E_SBCK-CDFt-ERA5-1976-2005_day_20060101-21001231.nc,KNMI_ICHEC-EC-EARTH_rcp85_r1i1p1_KNMI-RACMO22E_SBCK-CDFt-ERA5-1976-2005_day_tasmaxAdjust_v20260512,noleap,92,2.8256686564677485
786,2011,2,20,2918007.574658412,10.0,11.0,277582.698529802,336445.61762104096,1459003.7873292058,1739314.1274765818,21.925888994106288,32.34832917804114,208.836449757128,291.13496260237025,/bdd/CORDEX-Adjust/bias-adjusted-output/EUR-11/KNMI/ICHEC-EC-EARTH/rcp85/r1i1p1/KNMI-RACMO22E/SBCK-CDFt-ERA5-1976-2005/day/tasmaxAdjust/v20260512/tasmaxAdjust_EUR-11_ICHEC-EC-EARTH_rcp85_r1i1p1_KNMI-RACMO22E_SBCK-CDFt-ERA5-1976-2005_day_20060101-21001231.nc,KNMI_ICHEC-EC-EARTH_rcp85_r1i1p1_KNMI-RACMO22E_SBCK-CDFt-ERA5-1976-2005_day_tasmaxAdjust_v20260512,noleap,92,0.3698055218008926
787,2012,6,51,10876465.18513446,10.166666666666666,16.0,312193.16154637485,669808.5799684285,1812744.19752241,4152270.558173853,8.507118099687025,17.269838734314483,107.2757755532261,276.3174197490317,/bdd/CORDEX-Adjust/bias-adjusted-output/EUR-11/KNMI/ICHEC-EC-EARTH/rcp85/r1i1p1/KNMI-RACMO22E/SBCK-CDFt-ERA5-1976-2005/day/tasmaxAdjust/v20260512/tasmaxAdjust_EUR-11_ICHEC-EC-EARTH_rcp85_r1i1p1_KNMI-RACMO22E_SBCK-CDFt-ERA5-1976-2005_day_20060101-21001231.nc,KNMI_ICHEC-EC-EARTH_rcp85_r1i1p1_KNMI-RACMO22E_SBCK-CDFt-ERA5-1976-2005_day_tasmaxAdjust_v20260512,noleap,92,1.3783983695137376
788,2013,5,44,7405667.178853595,12.0,24.0,230148.99888235625,339088.04091279063,1481133.4357707188,3195233.0097045223,9.431372123948837,32.10639287322501,105.5541293928587,256.8511429858001,/bdd/CORDEX-Adjust/bias-adjusted-output/EUR-11/KNMI/ICHEC-EC-EARTH/rcp85/r1i1p1/KNMI-RACMO22E/SBCK-CDFt-ERA5-1976-2005/day/tasmaxAdjust/v20260512/tasmaxAdjust_EUR-11_ICHEC-EC-EARTH_rcp85_r1i1p1_KNMI-RACMO22E_SBCK-CDFt-ERA5-1976-2005_day_20060101-21001231.nc,KNMI_ICHEC-EC-EARTH_rcp85_r1i1p1_KNMI-RACMO22E_SBCK-CDFt-ERA5-1976-2005_day_tasmaxAdjust_v20260512,noleap,92,0.9385364997485626
789,2014,8,65,7847272.847479907,14.875,30.0,197498.5368679168,622222.0351538041,980909.1059349884,2829814.914624274,9.661679773931052,18.357243991331817,161.07851746189948,422.2166118006318,/bdd/CORDEX-Adjust/bias-adjusted-output/EUR-11/KNMI/ICHEC-EC-EARTH/rcp85/r1i1p1/KNMI-RACMO22E/SBCK-CDFt-ERA5-1976-2005/day/tasmaxAdjust/v20260512/tasmaxAdjust_EUR-11_ICHEC-EC-EARTH_rcp85_r1i1p1_KNMI-RACMO22E_SBCK-CDFt-ERA5-1976-2005_day_20060101-21001231.nc,KNMI_ICHEC-EC-EARTH_rcp85_r1i1p1_KNMI-RACMO22E_SBCK-CDFt-ERA5-1976-2005_day_tasmaxAdjust_v20260512,noleap,92,0.994502158006219
790,2015,2,22,6839561.386119755,11.0,16.0,638228.6021587863,929905.3861047114,3419780.693059877,5370431.608668748,20.82458565011279,35.18442724842721,300.8696501428128,562.9508359748354,/bdd/CORDEX-Adjust/bias-adjusted-output/EUR-11/KNMI/ICHEC-EC-EARTH/rcp85/r1i1p1/KNMI-RACMO22E/SBCK-CDFt-ERA5-1976-2005/day/tasmaxAdjust/v20260512/tasmaxAdjust_EUR-11_ICHEC-EC-EARTH_rcp85_r1i1p1_KNMI-RACMO22E_SBCK-CDFt-ERA5-1976-2005_day_20060101-21001231.nc,KNMI_ICHEC-EC-EARTH_rcp85_r1i1p1_KNMI-RACMO22E_SBCK-CDFt-ERA5-1976-2005_day_tasmaxAdjust_v20260512,noleap,92,0.8667926667665826
791,2016,4,41,4650639.301206689,11.5,25.0,212561.7648854422,255127.3873524965,1162659.8253016723,1641866.1691916888,4.289863721190117,10.95822630656516,38.458851072666576,65.74935783939095,/bdd/CORDEX-Adjust/bias-adjusted-output/EUR-11/KNMI/ICHEC-EC-EARTH/rcp85/r1i1p1/KNMI-RACMO22E/SBCK-CDFt-ERA5-1976-2005/day/tasmaxAdjust/v20260512/tasmaxAdjust_EUR-11_ICHEC-EC-EARTH_rcp85_r1i1p1_KNMI-RACMO22E_SBCK-CDFt-ERA5-1976-2005_day_20060101-21001231.nc,KNMI_ICHEC-EC-EARTH_rcp85_r1i1p1_KNMI-RACMO22E_SBCK-CDFt-ERA5-1976-2005_day_tasmaxAdjust_v20260512,noleap,92,0.5893857536308162
792,2017,5,92,7689471.985474681,32.0,92.0,218888.83195807584,343633.4738705546,1537894.397094936,2818018.880018544,0.9186791406946389,2.188837337123658,26.548019790979016,65.97259313214502,/bdd/CORDEX-Adjust/bias-adjusted-output/EUR-11/KNMI/ICHEC-EC-EARTH/rcp85/r1i1p1/KNMI-RACMO22E/SBCK-CDFt-ERA5-1976-2005/day/tasmaxAdjust/v20260512/tasmaxAdjust_EUR-11_ICHEC-EC-EARTH_rcp85_r1i1p1_KNMI-RACMO22E_SBCK-CDFt-ERA5-1976-2005_day_20060101-21001231.nc,KNMI_ICHEC-EC-EARTH_rcp85_r1i1p1_KNMI-RACMO22E_SBCK-CDFt-ERA5-1976-2005_day_tasmaxAdjust_v20260512,noleap,92,0.9745037074808447
793,2018,9,82,20852286.28227789,15.88888888888889,31.0,402208.913976935,1091245.9542266382,2316920.6980308765,7273027.864284137,7.0900401224737175,13.6332510064686,121.71372873154029,250.635455128036,/bdd/CORDEX-Adjust/bias-adjusted-output/EUR-11/KNMI/ICHEC-EC-EARTH/rcp85/r1i1p1/KNMI-RACMO22E/SBCK-CDFt-ERA5-1976-2005/day/tasmaxAdjust/v20260512/tasmaxAdjust_EUR-11_ICHEC-EC-EARTH_rcp85_r1i1p1_KNMI-RACMO22E_SBCK-CDFt-ERA5-1976-2005_day_20060101-21001231.nc,KNMI_ICHEC-EC-EARTH_rcp85_r1i1p1_KNMI-RACMO22E_SBCK-CDFt-ERA5-1976-2005_day_tasmaxAdjust_v20260512,noleap,92,2.6426561316456043
794,2019,5,35,7063042.695027527,10.2,14.0,303571.72160034894,444294.7197728592,1412608.5390055054,2065827.400121269,17.071611593807635,49.931128654082535,162.40717157146722,399.4490292326603,/bdd/CORDEX-Adjust/bias-adjusted-output/EUR-11/KNMI/ICHEC-EC-EARTH/rcp85/r1i1p1/KNMI-RACMO22E/SBCK-CDFt-ERA5-1976-2005/day/tasmaxAdjust/v20260512/tasmaxAdjust_EUR-11_ICHEC-EC-EARTH_rcp85_r1i1p1_KNMI-RACMO22E_SBCK-CDFt-ERA5-1976-2005_day_20060101-21001231.nc,KNMI_ICHEC-EC-EARTH_rcp85_r1i1p1_KNMI-RACMO22E_SBCK-CDFt-ERA5-1976-2005_day_tasmaxAdjust_v20260512,noleap,92,0.8951149448754939
795,2020,1,92,39335130.81603543,92.0,92.0,4602455.76506468,4602455.76506468,39335130.81603543,39335130.81603543,11.310032542316376,11.310032542316376,1040.5229938931066,1040.5229938931066,/bdd/CORDEX-Adjust/bias-adjusted-output/EUR-11/KNMI/ICHEC-EC-EARTH/rcp85/r1i1p1/KNMI-RACMO22E/SBCK-CDFt-ERA5-1976-2005/day/tasmaxAdjust/v20260512/tasmaxAdjust_EUR-11_ICHEC-EC-EARTH_rcp85_r1i1p1_KNMI-RACMO22E_SBCK-CDFt-ERA5-1976-2005_day_20060101-21001231.nc,KNMI_ICHEC-EC-EARTH_rcp85_r1i1p1_KNMI-RACMO22E_SBCK-CDFt-ERA5-1976-2005_day_tasmaxAdjust_v20260512,noleap,92,4.985027695904175
796,2021,5,45,16772266.0643621,11.6,19.0,624259.8219253207,2060217.8775482285,3354453.2128724204,11670269.839821422,15.948453736325847,26.68387735658824,194.5152065391896,346.89040563564714,/bdd/CORDEX-Adjust/bias-adjusted-output/EUR-11/KNMI/ICHEC-EC-EARTH/rcp85/r1i1p1/KNMI-RACMO22E/SBCK-CDFt-ERA5-1976-2005/day/tasmaxAdjust/v20260512/tasmaxAdjust_EUR-11_ICHEC-EC-EARTH_rcp85_r1i1p1_KNMI-RACMO22E_SBCK-CDFt-ERA5-1976-2005_day_20060101-21001231.nc,KNMI_ICHEC-EC-EARTH_rcp85_r1i1p1_KNMI-RACMO22E_SBCK-CDFt-ERA5-1976-2005_day_tasmaxAdjust_v20260512,noleap,92,2.12558619024178
797,2022,5,92,18219761.01671807,29.0,92.0,515197.4979024373,1462227.7533683316,3643952.203343614,10915466.463992689,9.3391419776057,15.398365791134054,207.59962213593707,465.3024910584497,/bdd/CORDEX-Adjust/bias-adjusted-output/EUR-11/KNMI/ICHEC-EC-EARTH/rcp85/r1i1p1/KNMI-RACMO22E/SBCK-CDFt-ERA5-1976-2005/day/tasmaxAdjust/v20260512/tasmaxAdjust_EUR-11_ICHEC-EC-EARTH_rcp85_r1i1p1_KNMI-RACMO22E_SBCK-CDFt-ERA5-1976-2005_day_20060101-21001231.nc,KNMI_ICHEC-EC-EARTH_rcp85_r1i1p1_KNMI-RACMO22E_SBCK-CDFt-ERA5-1976-2005_day_tasmaxAdjust_v20260512,noleap,92,2.309030411157766
798,2023,8,92,10791184.558397736,26.125,92.0,238106.41424345752,741442.2377943618,1348898.069799717,4422210.298500001,9.937918456434328,16.604495960249743,221.8324245357983,543.1715793222643,/bdd/CORDEX-Adjust/bias-adjusted-output/EUR-11/KNMI/ICHEC-EC-EARTH/rcp85/r1i1p1/KNMI-RACMO22E/SBCK-CDFt-ERA5-1976-2005/day/tasmaxAdjust/v20260512/tasmaxAdjust_EUR-11_ICHEC-EC-EARTH_rcp85_r1i1p1_KNMI-RACMO22E_SBCK-CDFt-ERA5-1976-2005_day_20060101-21001231.nc,KNMI_ICHEC-EC-EARTH_rcp85_r1i1p1_KNMI-RACMO22E_SBCK-CDFt-ERA5-1976-2005_day_tasmaxAdjust_v20260512,noleap,92,1.3675905680043214
799,2024,6,92,29140621.89287674,27.666666666666668,92.0,757649.0750422139,2711248.169310311,4856770.315479456,20414483.63561394,9.685779808150606,15.137587725240024,204.0334372485453,504.7565432601996,/bdd/CORDEX-Adjust/bias-adjusted-output/EUR-11/KNMI/ICHEC-EC-EARTH/rcp85/r1i1p1/KNMI-RACMO22E/SBCK-CDFt-ERA5-1976-2005/day/tasmaxAdjust/v20260512/tasmaxAdjust_EUR-11_ICHEC-EC-EARTH_rcp85_r1i1p1_KNMI-RACMO22E_SBCK-CDFt-ERA5-1976-2005_day_20060101-21001231.nc,KNMI_ICHEC-EC-EARTH_rcp85_r1i1p1_KNMI-RACMO22E_SBCK-CDFt-ERA5-1976-2005_day_tasmaxAdjust_v20260512,noleap,92,3.6930551442997204
800,2025,4,92,3844860.95933731,36.75,92.0,192579.31874212355,337066.84754251264,961215.2398343276,1653544.2058440556,6.594360811465226,12.3624988340528,247.3274125293489,657.2165394139099,/bdd/CORDEX-Adjust/bias-adjusted-output/EUR-11/KNMI/ICHEC-EC-EARTH/rcp85/r1i1p1/KNMI-RACMO22E/SBCK-CDFt-ERA5-1976-2005/day/tasmaxAdjust/v20260512/tasmaxAdjust_EUR-11_ICHEC-EC-EARTH_rcp85_r1i1p1_KNMI-RACMO22E_SBCK-CDFt-ERA5-1976-2005_day_20060101-21001231.nc,KNMI_ICHEC-EC-EARTH_rcp85_r1i1p1_KNMI-RACMO22E_SBCK-CDFt-ERA5-1976-2005_day_tasmaxAdjust_v20260512,noleap,92,0.4872676910326593
801,2026,4,92,23401099.068130136,33.25,92.0,1043400.008806886,1882722.5951565604,5850274.767032534,10298786.358727526,21.54505837269508,29.363955959565462,750.264229499149,2084.8559695607464,/bdd/CORDEX-Adjust/bias-adjusted-output/EUR-11/KNMI/ICHEC-EC-EARTH/rcp85/r1i1p1/KNMI-RACMO22E/SBCK-CDFt-ERA5-1976-2005/day/tasmaxAdjust/v20260512/tasmaxAdjust_EUR-11_ICHEC-EC-EARTH_rcp85_r1i1p1_KNMI-RACMO22E_SBCK-CDFt-ERA5-1976-2005_day_20060101-21001231.nc,KNMI_ICHEC-EC-EARTH_rcp85_r1i1p1_KNMI-RACMO22E_SBCK-CDFt-ERA5-1976-2005_day_tasmaxAdjust_v20260512,noleap,92,2.965672785348162
802,2027,4,92,5583724.5024033785,32.75,92.0,237983.14036441292,388931.1549449293,1395931.1256008446,2385381.547880318,5.555528748300508,9.807344375957443,209.49989805310463,665.772472027995,/bdd/CORDEX-Adjust/bias-adjusted-output/EUR-11/KNMI/ICHEC-EC-EARTH/rcp85/r1i1p1/KNMI-RACMO22E/SBCK-CDFt-ERA5-1976-2005/day/tasmaxAdjust/v20260512/tasmaxAdjust_EUR-11_ICHEC-EC-EARTH_rcp85_r1i1p1_KNMI-RACMO22E_SBCK-CDFt-ERA5-1976-2005_day_20060101-21001231.nc,KNMI_ICHEC-EC-EARTH_rcp85_r1i1p1_KNMI-RACMO22E_SBCK-CDFt-ERA5-1976-2005_day_tasmaxAdjust_v20260512,noleap,92,0.7076376946846794
803,2028,2,92,35137222.59968958,72.0,92.0,2149023.826109248,4135772.0974683687,17568611.29984479,34178376.83436815,5.1344300730307655,5.491663008635742,376.82362397031466,505.23299679448826,/bdd/CORDEX-Adjust/bias-adjusted-output/EUR-11/KNMI/ICHEC-EC-EARTH/rcp85/r1i1p1/KNMI-RACMO22E/SBCK-CDFt-ERA5-1976-2005/day/tasmaxAdjust/v20260512/tasmaxAdjust_EUR-11_ICHEC-EC-EARTH_rcp85_r1i1p1_KNMI-RACMO22E_SBCK-CDFt-ERA5-1976-2005_day_20060101-21001231.nc,KNMI_ICHEC-EC-EARTH_rcp85_r1i1p1_KNMI-RACMO22E_SBCK-CDFt-ERA5-1976-2005_day_tasmaxAdjust_v20260512,noleap,92,4.453017549014903
804,2029,5,55,13670467.127377031,15.6,30.0,405465.9277630797,929779.2484806494,2734093.4254754065,7352609.458835809,11.035061762160865,19.766457290051864,217.2696885516099,592.993718701556,/bdd/CORDEX-Adjust/bias-adjusted-output/EUR-11/KNMI/ICHEC-EC-EARTH/rcp85/r1i1p1/KNMI-RACMO22E/SBCK-CDFt-ERA5-1976-2005/day/tasmaxAdjust/v20260512/tasmaxAdjust_EUR-11_ICHEC-EC-EARTH_rcp85_r1i1p1_KNMI-RACMO22E_SBCK-CDFt-ERA5-1976-2005_day_20060101-21001231.nc,KNMI_ICHEC-EC-EARTH_rcp85_r1i1p1_KNMI-RACMO22E_SBCK-CDFt-ERA5-1976-2005_day_tasmaxAdjust_v20260512,noleap,92,1.732488384610657
805,2030,4,92,8892057.39344569,55.75,92.0,297910.27618694934,581931.5942204226,2223014.3483614223,5109040.282387687,5.179527212320789,9.20420976927266,151.275831611869,285.3305028474524,/bdd/CORDEX-Adjust/bias-adjusted-output/EUR-11/KNMI/ICHEC-EC-EARTH/rcp85/r1i1p1/KNMI-RACMO22E/SBCK-CDFt-ERA5-1976-2005/day/tasmaxAdjust/v20260512/tasmaxAdjust_EUR-11_ICHEC-EC-EARTH_rcp85_r1i1p1_KNMI-RACMO22E_SBCK-CDFt-ERA5-1976-2005_day_20060101-21001231.nc,KNMI_ICHEC-EC-EARTH_rcp85_r1i1p1_KNMI-RACMO22E_SBCK-CDFt-ERA5-1976-2005_day_tasmaxAdjust_v20260512,noleap,92,1.1269100028472707
806,2031,4,27,8019817.170622066,12.25,22.0,395330.31155130616,648337.1364991047,2004954.2926555164,3198004.10328544,16.25575497392359,29.60154336372436,240.2983957107853,555.2623642607944,/bdd/CORDEX-Adjust/bias-adjusted-output/EUR-11/KNMI/ICHEC-EC-EARTH/rcp85/r1i1p1/KNMI-RACMO22E/SBCK-CDFt-ERA5-1976-2005/day/tasmaxAdjust/v20260512/tasmaxAdjust_EUR-11_ICHEC-EC-EARTH_rcp85_r1i1p1_KNMI-RACMO22E_SBCK-CDFt-ERA5-1976-2005_day_20060101-21001231.nc,KNMI_ICHEC-EC-EARTH_rcp85_r1i1p1_KNMI-RACMO22E_SBCK-CDFt-ERA5-1976-2005_day_tasmaxAdjust_v20260512,noleap,92,1.016369079808448
807,2032,5,92,13867816.645408817,35.6,92.0,401565.3829852314,873314.8205154694,2773563.329081763,7306840.754225614,14.400646440019916,54.07605606712624,510.5221785763553,2000.8140744836708,/bdd/CORDEX-Adjust/bias-adjusted-output/EUR-11/KNMI/ICHEC-EC-EARTH/rcp85/r1i1p1/KNMI-RACMO22E/SBCK-CDFt-ERA5-1976-2005/day/tasmaxAdjust/v20260512/tasmaxAdjust_EUR-11_ICHEC-EC-EARTH_rcp85_r1i1p1_KNMI-RACMO22E_SBCK-CDFt-ERA5-1976-2005_day_20060101-21001231.nc,KNMI_ICHEC-EC-EARTH_rcp85_r1i1p1_KNMI-RACMO22E_SBCK-CDFt-ERA5-1976-2005_day_tasmaxAdjust_v20260512,noleap,92,1.7574989233517848
808,2033,5,80,20330846.120872963,27.6,77.0,627261.6277731892,1869250.049011763,4066169.2241745926,10953221.70614325,9.884749979222804,36.05556343774028,310.2488884945581,1298.00028375865,/bdd/CORDEX-Adjust/bias-adjusted-output/EUR-11/KNMI/ICHEC-EC-EARTH/rcp85/r1i1p1/KNMI-RACMO22E/SBCK-CDFt-ERA5-1976-2005/day/tasmaxAdjust/v20260512/tasmaxAdjust_EUR-11_ICHEC-EC-EARTH_rcp85_r1i1p1_KNMI-RACMO22E_SBCK-CDFt-ERA5-1976-2005_day_20060101-21001231.nc,KNMI_ICHEC-EC-EARTH_rcp85_r1i1p1_KNMI-RACMO22E_SBCK-CDFt-ERA5-1976-2005_day_tasmaxAdjust_v20260512,noleap,92,2.5765728724207326
809,2034,10,92,13711398.742341455,23.7,92.0,270777.7486568076,661989.8021065476,1371139.8742341455,2773382.0749443355,13.317605469837678,73.54786404686969,241.5909853887371,956.122232609306,/bdd/CORDEX-Adjust/bias-adjusted-output/EUR-11/KNMI/ICHEC-EC-EARTH/rcp85/r1i1p1/KNMI-RACMO22E/SBCK-CDFt-ERA5-1976-2005/day/tasmaxAdjust/v20260512/tasmaxAdjust_EUR-11_ICHEC-EC-EARTH_rcp85_r1i1p1_KNMI-RACMO22E_SBCK-CDFt-ERA5-1976-2005_day_20060101-21001231.nc,KNMI_ICHEC-EC-EARTH_rcp85_r1i1p1_KNMI-RACMO22E_SBCK-CDFt-ERA5-1976-2005_day_tasmaxAdjust_v20260512,noleap,92,1.7376757382561812
810,2035,2,92,10316159.373213246,55.0,92.0,866361.9666286444,1064142.1305215014,5158079.686606623,6904099.954766501,6.662339971528748,7.473606544665639,336.4118352280161,538.2987526520508,/bdd/CORDEX-Adjust/bias-adjusted-output/EUR-11/KNMI/ICHEC-EC-EARTH/rcp85/r1i1p1/KNMI-RACMO22E/SBCK-CDFt-ERA5-1976-2005/day/tasmaxAdjust/v20260512/tasmaxAdjust_EUR-11_ICHEC-EC-EARTH_rcp85_r1i1p1_KNMI-RACMO22E_SBCK-CDFt-ERA5-1976-2005_day_20060101-21001231.nc,KNMI_ICHEC-EC-EARTH_rcp85_r1i1p1_KNMI-RACMO22E_SBCK-CDFt-ERA5-1976-2005_day_tasmaxAdjust_v20260512,noleap,92,1.3073895808645675
811,2036,3,92,2419859.726938089,35.0,92.0,159610.51972837097,224606.3153316849,806619.9089793629,1107147.1566541772,5.463585808777393,8.28255554404958,271.98129853379163,761.9951100525615,/bdd/CORDEX-Adjust/bias-adjusted-output/EUR-11/KNMI/ICHEC-EC-EARTH/rcp85/r1i1p1/KNMI-RACMO22E/SBCK-CDFt-ERA5-1976-2005/day/tasmaxAdjust/v20260512/tasmaxAdjust_EUR-11_ICHEC-EC-EARTH_rcp85_r1i1p1_KNMI-RACMO22E_SBCK-CDFt-ERA5-1976-2005_day_20060101-21001231.nc,KNMI_ICHEC-EC-EARTH_rcp85_r1i1p1_KNMI-RACMO22E_SBCK-CDFt-ERA5-1976-2005_day_tasmaxAdjust_v20260512,noleap,92,0.3066741487503033
812,2037,6,92,10311165.530016266,36.5,92.0,264038.51391060586,682449.6252325996,1718527.5883360442,5831971.166031597,8.594750228830753,18.370639815244694,389.1167458939965,1415.6772461923013,/bdd/CORDEX-Adjust/bias-adjusted-output/EUR-11/KNMI/ICHEC-EC-EARTH/rcp85/r1i1p1/KNMI-RACMO22E/SBCK-CDFt-ERA5-1976-2005/day/tasmaxAdjust/v20260512/tasmaxAdjust_EUR-11_ICHEC-EC-EARTH_rcp85_r1i1p1_KNMI-RACMO22E_SBCK-CDFt-ERA5-1976-2005_day_20060101-21001231.nc,KNMI_ICHEC-EC-EARTH_rcp85_r1i1p1_KNMI-RACMO22E_SBCK-CDFt-ERA5-1976-2005_day_tasmaxAdjust_v20260512,noleap,92,1.3067567001259124
813,2038,8,92,32234577.839708883,24.125,92.0,437644.90880232473,2402349.650358483,4029322.2299636095,26593415.31728678,4.674416672578253,9.668328667418702,108.87352795871868,410.6559676452361,/bdd/CORDEX-Adjust/bias-adjusted-output/EUR-11/KNMI/ICHEC-EC-EARTH/rcp85/r1i1p1/KNMI-RACMO22E/SBCK-CDFt-ERA5-1976-2005/day/tasmaxAdjust/v20260512/tasmaxAdjust_EUR-11_ICHEC-EC-EARTH_rcp85_r1i1p1_KNMI-RACMO22E_SBCK-CDFt-ERA5-1976-2005_day_20060101-21001231.nc,KNMI_ICHEC-EC-EARTH_rcp85_r1i1p1_KNMI-RACMO22E_SBCK-CDFt-ERA5-1976-2005_day_tasmaxAdjust_v20260512,noleap,92,4.085158990528143
814,2039,2,92,41389790.05496131,53.0,92.0,2009747.9710191148,3361323.1957232654,20694895.02748065,37294526.01087541,15.521621652231754,18.57003983386529,703.7576384845751,1147.534719295036,/bdd/CORDEX-Adjust/bias-adjusted-output/EUR-11/KNMI/ICHEC-EC-EARTH/rcp85/r1i1p1/KNMI-RACMO22E/SBCK-CDFt-ERA5-1976-2005/day/tasmaxAdjust/v20260512/tasmaxAdjust_EUR-11_ICHEC-EC-EARTH_rcp85_r1i1p1_KNMI-RACMO22E_SBCK-CDFt-ERA5-1976-2005_day_20060101-21001231.nc,KNMI_ICHEC-EC-EARTH_rcp85_r1i1p1_KNMI-RACMO22E_SBCK-CDFt-ERA5-1976-2005_day_tasmaxAdjust_v20260512,noleap,92,5.245419183086301
815,2040,7,92,15735247.772654654,25.0,92.0,322948.1901863795,1330887.177521443,2247892.538950665,9203264.8026337,3.5659295407340137,6.425761179122993,131.41026402851753,591.1700284793154,/bdd/CORDEX-Adjust/bias-adjusted-output/EUR-11/KNMI/ICHEC-EC-EARTH/rcp85/r1i1p1/KNMI-RACMO22E/SBCK-CDFt-ERA5-1976-2005/day/tasmaxAdjust/v20260512/tasmaxAdjust_EUR-11_ICHEC-EC-EARTH_rcp85_r1i1p1_KNMI-RACMO22E_SBCK-CDFt-ERA5-1976-2005_day_20060101-21001231.nc,KNMI_ICHEC-EC-EARTH_rcp85_r1i1p1_KNMI-RACMO22E_SBCK-CDFt-ERA5-1976-2005_day_tasmaxAdjust_v20260512,noleap,92,1.9941625798946292
816,2041,6,92,16347606.213096363,28.83333333333333,92.0,500029.1750048571,1210407.431702959,2724601.0355160604,7265800.96918311,7.036131876994659,11.132974302808812,256.2817678137719,853.2265021449665,/bdd/CORDEX-Adjust/bias-adjusted-output/EUR-11/KNMI/ICHEC-EC-EARTH/rcp85/r1i1p1/KNMI-RACMO22E/SBCK-CDFt-ERA5-1976-2005/day/tasmaxAdjust/v20260512/tasmaxAdjust_EUR-11_ICHEC-EC-EARTH_rcp85_r1i1p1_KNMI-RACMO22E_SBCK-CDFt-ERA5-1976-2005_day_20060101-21001231.nc,KNMI_ICHEC-EC-EARTH_rcp85_r1i1p1_KNMI-RACMO22E_SBCK-CDFt-ERA5-1976-2005_day_tasmaxAdjust_v20260512,noleap,92,2.071768112712081
817,2042,5,92,18031965.24432981,33.0,92.0,680294.7763618652,1366760.45345912,3606393.048865963,7511570.13580426,18.16692953243885,41.98681556289085,486.0534831229823,940.0024319036708,/bdd/CORDEX-Adjust/bias-adjusted-output/EUR-11/KNMI/ICHEC-EC-EARTH/rcp85/r1i1p1/KNMI-RACMO22E/SBCK-CDFt-ERA5-1976-2005/day/tasmaxAdjust/v20260512/tasmaxAdjust_EUR-11_ICHEC-EC-EARTH_rcp85_r1i1p1_KNMI-RACMO22E_SBCK-CDFt-ERA5-1976-2005_day_20060101-21001231.nc,KNMI_ICHEC-EC-EARTH_rcp85_r1i1p1_KNMI-RACMO22E_SBCK-CDFt-ERA5-1976-2005_day_tasmaxAdjust_v20260512,noleap,92,2.285230639627642
818,2043,11,92,12144567.560301604,28.27272727272728,92.0,191861.87632300687,603971.595458037,1104051.5963910548,3534451.090867794,5.778443647017138,16.955578523339742,82.05693486487759,257.3387705275693,/bdd/CORDEX-Adjust/bias-adjusted-output/EUR-11/KNMI/ICHEC-EC-EARTH/rcp85/r1i1p1/KNMI-RACMO22E/SBCK-CDFt-ERA5-1976-2005/day/tasmaxAdjust/v20260512/tasmaxAdjust_EUR-11_ICHEC-EC-EARTH_rcp85_r1i1p1_KNMI-RACMO22E_SBCK-CDFt-ERA5-1976-2005_day_20060101-21001231.nc,KNMI_ICHEC-EC-EARTH_rcp85_r1i1p1_KNMI-RACMO22E_SBCK-CDFt-ERA5-1976-2005_day_tasmaxAdjust_v20260512,noleap,92,1.5391077743207262
819,2044,4,92,50137662.80705048,34.25,92.0,1390639.7995094864,5276009.7262301175,12534415.70176262,48768102.05607626,6.077643743789993,9.720994087464623,112.41646661826314,232.28541253499287,/bdd/CORDEX-Adjust/bias-adjusted-output/EUR-11/KNMI/ICHEC-EC-EARTH/rcp85/r1i1p1/KNMI-RACMO22E/SBCK-CDFt-ERA5-1976-2005/day/tasmaxAdjust/v20260512/tasmaxAdjust_EUR-11_ICHEC-EC-EARTH_rcp85_r1i1p1_KNMI-RACMO22E_SBCK-CDFt-ERA5-1976-2005_day_20060101-21001231.nc,KNMI_ICHEC-EC-EARTH_rcp85_r1i1p1_KNMI-RACMO22E_SBCK-CDFt-ERA5-1976-2005_day_tasmaxAdjust_v20260512,noleap,92,6.354056349017182
820,2045,5,92,15509182.674882209,27.8,92.0,417877.6179103392,1525894.8717919234,3101836.534976442,11707458.74925315,5.853033446948009,8.54310227620132,126.573172113315,405.2864471942895,/bdd/CORDEX-Adjust/bias-adjusted-output/EUR-11/KNMI/ICHEC-EC-EARTH/rcp85/r1i1p1/KNMI-RACMO22E/SBCK-CDFt-ERA5-1976-2005/day/tasmaxAdjust/v20260512/tasmaxAdjust_EUR-11_ICHEC-EC-EARTH_rcp85_r1i1p1_KNMI-RACMO22E_SBCK-CDFt-ERA5-1976-2005_day_20060101-21001231.nc,KNMI_ICHEC-EC-EARTH_rcp85_r1i1p1_KNMI-RACMO22E_SBCK-CDFt-ERA5-1976-2005_day_tasmaxAdjust_v20260512,noleap,92,1.965512852536572
821,2046,8,92,22768551.13716115,35.375,92.0,394895.5452942544,2092519.88900384,2846068.892145144,16879929.299505048,9.38770152169002,17.109512241947115,322.64446956246434,1574.0751262591343,/bdd/CORDEX-Adjust/bias-adjusted-output/EUR-11/KNMI/ICHEC-EC-EARTH/rcp85/r1i1p1/KNMI-RACMO22E/SBCK-CDFt-ERA5-1976-2005/day/tasmaxAdjust/v20260512/tasmaxAdjust_EUR-11_ICHEC-EC-EARTH_rcp85_r1i1p1_KNMI-RACMO22E_SBCK-CDFt-ERA5-1976-2005_day_20060101-21001231.nc,KNMI_ICHEC-EC-EARTH_rcp85_r1i1p1_KNMI-RACMO22E_SBCK-CDFt-ERA5-1976-2005_day_tasmaxAdjust_v20260512,noleap,92,2.885508593963757
822,2047,4,92,22589981.957009897,34.5,92.0,900189.3462050594,1577111.6960164458,5647495.489252474,10162889.28349894,15.444375625083849,26.36336187014816,523.2552674557949,1156.239888764292,/bdd/CORDEX-Adjust/bias-adjusted-output/EUR-11/KNMI/ICHEC-EC-EARTH/rcp85/r1i1p1/KNMI-RACMO22E/SBCK-CDFt-ERA5-1976-2005/day/tasmaxAdjust/v20260512/tasmaxAdjust_EUR-11_ICHEC-EC-EARTH_rcp85_r1i1p1_KNMI-RACMO22E_SBCK-CDFt-ERA5-1976-2005_day_20060101-21001231.nc,KNMI_ICHEC-EC-EARTH_rcp85_r1i1p1_KNMI-RACMO22E_SBCK-CDFt-ERA5-1976-2005_day_tasmaxAdjust_v20260512,noleap,92,2.862878128773439
823,2048,5,92,18798896.46585505,37.4,92.0,479033.5188799488,1134041.3410045702,3759779.29317101,10170674.382318337,6.199845618505553,12.860830825464484,312.1721451131833,994.4372870173648,/bdd/CORDEX-Adjust/bias-adjusted-output/EUR-11/KNMI/ICHEC-EC-EARTH/rcp85/r1i1p1/KNMI-RACMO22E/SBCK-CDFt-ERA5-1976-2005/day/tasmaxAdjust/v20260512/tasmaxAdjust_EUR-11_ICHEC-EC-EARTH_rcp85_r1i1p1_KNMI-RACMO22E_SBCK-CDFt-ERA5-1976-2005_day_20060101-21001231.nc,KNMI_ICHEC-EC-EARTH_rcp85_r1i1p1_KNMI-RACMO22E_SBCK-CDFt-ERA5-1976-2005_day_tasmaxAdjust_v20260512,noleap,92,2.382425521170997
824,2049,4,92,26616508.467825748,50.5,92.0,750139.3211391955,2241622.867962748,6654127.116956437,22559862.738668315,6.837612438646968,9.757020586651672,346.1156781850124,667.4522881924161,/bdd/CORDEX-Adjust/bias-adjusted-output/EUR-11/KNMI/ICHEC-EC-EARTH/rcp85/r1i1p1/KNMI-RACMO22E/SBCK-CDFt-ERA5-1976-2005/day/tasmaxAdjust/v20260512/tasmaxAdjust_EUR-11_ICHEC-EC-EARTH_rcp85_r1i1p1_KNMI-RACMO22E_SBCK-CDFt-ERA5-1976-2005_day_20060101-21001231.nc,KNMI_ICHEC-EC-EARTH_rcp85_r1i1p1_KNMI-RACMO22E_SBCK-CDFt-ERA5-1976-2005_day_tasmaxAdjust_v20260512,noleap,92,3.3731686949491255
825,2050,4,92,27370650.20341363,45.0,92.0,756122.2590082013,1518045.3289584613,6842662.550853408,13245727.342504503,6.534485771452239,8.145756912664408,315.84185121366687,749.4096359651255,/bdd/CORDEX-Adjust/bias-adjusted-output/EUR-11/KNMI/ICHEC-EC-EARTH/rcp85/r1i1p1/KNMI-RACMO22E/SBCK-CDFt-ERA5-1976-2005/day/tasmaxAdjust/v20260512/tasmaxAdjust_EUR-11_ICHEC-EC-EARTH_rcp85_r1i1p1_KNMI-RACMO22E_SBCK-CDFt-ERA5-1976-2005_day_20060101-21001231.nc,KNMI_ICHEC-EC-EARTH_rcp85_r1i1p1_KNMI-RACMO22E_SBCK-CDFt-ERA5-1976-2005_day_tasmaxAdjust_v20260512,noleap,92,3.4687427367929184
826,2051,12,92,63194848.78132831,23.166666666666668,92.0,621725.3434492573,4613442.256192518,5266237.398444026,44958986.92657004,6.377428710341629,16.21052057838151,191.5915337942681,1475.1573726327172,/bdd/CORDEX-Adjust/bias-adjusted-output/EUR-11/KNMI/ICHEC-EC-EARTH/rcp85/r1i1p1/KNMI-RACMO22E/SBCK-CDFt-ERA5-1976-2005/day/tasmaxAdjust/v20260512/tasmaxAdjust_EUR-11_ICHEC-EC-EARTH_rcp85_r1i1p1_KNMI-RACMO22E_SBCK-CDFt-ERA5-1976-2005_day_20060101-21001231.nc,KNMI_ICHEC-EC-EARTH_rcp85_r1i1p1_KNMI-RACMO22E_SBCK-CDFt-ERA5-1976-2005_day_tasmaxAdjust_v20260512,noleap,92,8.008822263404625
827,2052,4,92,36756916.22057304,70.25,92.0,890567.9649628174,2510110.570537339,9189229.05514326,28456945.23676476,3.1799112097545663,9.190594743938156,229.273079883454,643.341632075671,/bdd/CORDEX-Adjust/bias-adjusted-output/EUR-11/KNMI/ICHEC-EC-EARTH/rcp85/r1i1p1/KNMI-RACMO22E/SBCK-CDFt-ERA5-1976-2005/day/tasmaxAdjust/v20260512/tasmaxAdjust_EUR-11_ICHEC-EC-EARTH_rcp85_r1i1p1_KNMI-RACMO22E_SBCK-CDFt-ERA5-1976-2005_day_20060101-21001231.nc,KNMI_ICHEC-EC-EARTH_rcp85_r1i1p1_KNMI-RACMO22E_SBCK-CDFt-ERA5-1976-2005_day_tasmaxAdjust_v20260512,noleap,92,4.658284886163094
828,2053,2,92,149588665.10981902,69.5,92.0,3191589.2723570587,6149551.420712575,74794332.55490951,147733588.33212906,5.436775374126126,6.3411462925540345,398.20423416639375,583.3854589149712,/bdd/CORDEX-Adjust/bias-adjusted-output/EUR-11/KNMI/ICHEC-EC-EARTH/rcp85/r1i1p1/KNMI-RACMO22E/SBCK-CDFt-ERA5-1976-2005/day/tasmaxAdjust/v20260512/tasmaxAdjust_EUR-11_ICHEC-EC-EARTH_rcp85_r1i1p1_KNMI-RACMO22E_SBCK-CDFt-ERA5-1976-2005_day_20060101-21001231.nc,KNMI_ICHEC-EC-EARTH_rcp85_r1i1p1_KNMI-RACMO22E_SBCK-CDFt-ERA5-1976-2005_day_tasmaxAdjust_v20260512,noleap,92,18.957700739660122
829,2054,3,92,19426927.63935297,68.66666666666667,92.0,747363.3838224075,1807902.5471820391,6475642.54645099,16608940.168426096,11.897055970621368,23.082665609695898,908.4349001713982,2123.6052360920226,/bdd/CORDEX-Adjust/bias-adjusted-output/EUR-11/KNMI/ICHEC-EC-EARTH/rcp85/r1i1p1/KNMI-RACMO22E/SBCK-CDFt-ERA5-1976-2005/day/tasmaxAdjust/v20260512/tasmaxAdjust_EUR-11_ICHEC-EC-EARTH_rcp85_r1i1p1_KNMI-RACMO22E_SBCK-CDFt-ERA5-1976-2005_day_20060101-21001231.nc,KNMI_ICHEC-EC-EARTH_rcp85_r1i1p1_KNMI-RACMO22E_SBCK-CDFt-ERA5-1976-2005_day_tasmaxAdjust_v20260512,noleap,92,2.462017293940748
830,2055,11,92,56383212.95855571,18.545454545454547,92.0,378091.4585979262,2511459.11024944,5125746.632595974,47597717.86905195,5.644406868454403,14.286291427337709,73.83923989744434,234.07967578175857,/bdd/CORDEX-Adjust/bias-adjusted-output/EUR-11/KNMI/ICHEC-EC-EARTH/rcp85/r1i1p1/KNMI-RACMO22E/SBCK-CDFt-ERA5-1976-2005/day/tasmaxAdjust/v20260512/tasmaxAdjust_EUR-11_ICHEC-EC-EARTH_rcp85_r1i1p1_KNMI-RACMO22E_SBCK-CDFt-ERA5-1976-2005_day_20060101-21001231.nc,KNMI_ICHEC-EC-EARTH_rcp85_r1i1p1_KNMI-RACMO22E_SBCK-CDFt-ERA5-1976-2005_day_tasmaxAdjust_v20260512,noleap,92,7.145568664738779
831,2056,4,92,68863571.77429232,50.75,92.0,1822217.0787704447,5935354.251270155,17215892.94357308,60868040.92061849,3.4813342470160533,9.516444877338714,257.44089747797454,875.5129287151616,/bdd/CORDEX-Adjust/bias-adjusted-output/EUR-11/KNMI/ICHEC-EC-EARTH/rcp85/r1i1p1/KNMI-RACMO22E/SBCK-CDFt-ERA5-1976-2005/day/tasmaxAdjust/v20260512/tasmaxAdjust_EUR-11_ICHEC-EC-EARTH_rcp85_r1i1p1_KNMI-RACMO22E_SBCK-CDFt-ERA5-1976-2005_day_20060101-21001231.nc,KNMI_ICHEC-EC-EARTH_rcp85_r1i1p1_KNMI-RACMO22E_SBCK-CDFt-ERA5-1976-2005_day_tasmaxAdjust_v20260512,noleap,92,8.727232003860207
832,2057,6,92,27958617.54927517,47.833333333333336,92.0,601456.8370556325,2880056.29584825,4659769.591545862,24312241.416489653,9.38496669698035,22.85157089769655,485.63621355645176,2102.344522588083,/bdd/CORDEX-Adjust/bias-adjusted-output/EUR-11/KNMI/ICHEC-EC-EARTH/rcp85/r1i1p1/KNMI-RACMO22E/SBCK-CDFt-ERA5-1976-2005/day/tasmaxAdjust/v20260512/tasmaxAdjust_EUR-11_ICHEC-EC-EARTH_rcp85_r1i1p1_KNMI-RACMO22E_SBCK-CDFt-ERA5-1976-2005_day_20060101-21001231.nc,KNMI_ICHEC-EC-EARTH_rcp85_r1i1p1_KNMI-RACMO22E_SBCK-CDFt-ERA5-1976-2005_day_tasmaxAdjust_v20260512,noleap,92,3.543257132515029
833,2058,4,92,16316737.835637713,28.25,92.0,525927.9915808578,1717372.3409449784,4079184.458909428,14655945.659339825,5.0731617586253375,8.60818309748005,194.7696013269673,661.9411331338433,/bdd/CORDEX-Adjust/bias-adjusted-output/EUR-11/KNMI/ICHEC-EC-EARTH/rcp85/r1i1p1/KNMI-RACMO22E/SBCK-CDFt-ERA5-1976-2005/day/tasmaxAdjust/v20260512/tasmaxAdjust_EUR-11_ICHEC-EC-EARTH_rcp85_r1i1p1_KNMI-RACMO22E_SBCK-CDFt-ERA5-1976-2005_day_20060101-21001231.nc,KNMI_ICHEC-EC-EARTH_rcp85_r1i1p1_KNMI-RACMO22E_SBCK-CDFt-ERA5-1976-2005_day_tasmaxAdjust_v20260512,noleap,92,2.0678560953025378
834,2059,3,92,47711409.43719016,58.0,92.0,1829681.153514916,3759795.782695026,15903803.145730054,29977471.23313108,1.9046094421121824,3.126242975961089,152.48005619510897,240.72070914900388,/bdd/CORDEX-Adjust/bias-adjusted-output/EUR-11/KNMI/ICHEC-EC-EARTH/rcp85/r1i1p1/KNMI-RACMO22E/SBCK-CDFt-ERA5-1976-2005/day/tasmaxAdjust/v20260512/tasmaxAdjust_EUR-11_ICHEC-EC-EARTH_rcp85_r1i1p1_KNMI-RACMO22E_SBCK-CDFt-ERA5-1976-2005_day_20060101-21001231.nc,KNMI_ICHEC-EC-EARTH_rcp85_r1i1p1_KNMI-RACMO22E_SBCK-CDFt-ERA5-1976-2005_day_tasmaxAdjust_v20260512,noleap,92,6.046571919828405
835,2060,2,92,46613914.196829095,48.0,92.0,1890541.755385103,3669399.095711325,23306957.098414548,46167176.53659357,3.8612140511412014,7.722428102282405,355.2316927049906,710.4633854099812,/bdd/CORDEX-Adjust/bias-adjusted-output/EUR-11/KNMI/ICHEC-EC-EARTH/rcp85/r1i1p1/KNMI-RACMO22E/SBCK-CDFt-ERA5-1976-2005/day/tasmaxAdjust/v20260512/tasmaxAdjust_EUR-11_ICHEC-EC-EARTH_rcp85_r1i1p1_KNMI-RACMO22E_SBCK-CDFt-ERA5-1976-2005_day_20060101-21001231.nc,KNMI_ICHEC-EC-EARTH_rcp85_r1i1p1_KNMI-RACMO22E_SBCK-CDFt-ERA5-1976-2005_day_tasmaxAdjust_v20260512,noleap,92,5.907483932682508
836,2061,3,92,34736829.42334458,36.66666666666666,92.0,1240557.7735250406,3439440.3042117115,11578943.14111486,33352200.3953146,6.930462832175941,12.501637123601787,254.9738132406356,678.9997905809613,/bdd/CORDEX-Adjust/bias-adjusted-output/EUR-11/KNMI/ICHEC-EC-EARTH/rcp85/r1i1p1/KNMI-RACMO22E/SBCK-CDFt-ERA5-1976-2005/day/tasmaxAdjust/v20260512/tasmaxAdjust_EUR-11_ICHEC-EC-EARTH_rcp85_r1i1p1_KNMI-RACMO22E_SBCK-CDFt-ERA5-1976-2005_day_20060101-21001231.nc,KNMI_ICHEC-EC-EARTH_rcp85_r1i1p1_KNMI-RACMO22E_SBCK-CDFt-ERA5-1976-2005_day_tasmaxAdjust_v20260512,noleap,92,4.402274840603287
837,2062,3,92,24218592.4113737,65.66666666666667,92.0,776622.7106377137,1848993.794679383,8072864.137124567,21138419.288106784,9.453014365764842,13.477690993371484,736.3049725694037,1239.9475713901766,/bdd/CORDEX-Adjust/bias-adjusted-output/EUR-11/KNMI/ICHEC-EC-EARTH/rcp85/r1i1p1/KNMI-RACMO22E/SBCK-CDFt-ERA5-1976-2005/day/tasmaxAdjust/v20260512/tasmaxAdjust_EUR-11_ICHEC-EC-EARTH_rcp85_r1i1p1_KNMI-RACMO22E_SBCK-CDFt-ERA5-1976-2005_day_20060101-21001231.nc,KNMI_ICHEC-EC-EARTH_rcp85_r1i1p1_KNMI-RACMO22E_SBCK-CDFt-ERA5-1976-2005_day_tasmaxAdjust_v20260512,noleap,92,3.069275515852497
838,2063,6,92,18457561.43405361,39.5,92.0,434521.06684994645,1624495.3873362185,3076260.239008936,12073583.961346714,7.343308486213388,12.12996357807596,396.9997121049605,1115.9566491829885,/bdd/CORDEX-Adjust/bias-adjusted-output/EUR-11/KNMI/ICHEC-EC-EARTH/rcp85/r1i1p1/KNMI-RACMO22E/SBCK-CDFt-ERA5-1976-2005/day/tasmaxAdjust/v20260512/tasmaxAdjust_EUR-11_ICHEC-EC-EARTH_rcp85_r1i1p1_KNMI-RACMO22E_SBCK-CDFt-ERA5-1976-2005_day_20060101-21001231.nc,KNMI_ICHEC-EC-EARTH_rcp85_r1i1p1_KNMI-RACMO22E_SBCK-CDFt-ERA5-1976-2005_day_tasmaxAdjust_v20260512,noleap,92,2.339167381390797
839,2064,5,92,47172192.60691249,43.0,92.0,885819.4255891672,2843723.792621144,9434438.5213825,38812307.99642776,7.851527928395773,26.70321911492256,301.27490965297284,674.6295979021116,/bdd/CORDEX-Adjust/bias-adjusted-output/EUR-11/KNMI/ICHEC-EC-EARTH/rcp85/r1i1p1/KNMI-RACMO22E/SBCK-CDFt-ERA5-1976-2005/day/tasmaxAdjust/v20260512/tasmaxAdjust_EUR-11_ICHEC-EC-EARTH_rcp85_r1i1p1_KNMI-RACMO22E_SBCK-CDFt-ERA5-1976-2005_day_20060101-21001231.nc,KNMI_ICHEC-EC-EARTH_rcp85_r1i1p1_KNMI-RACMO22E_SBCK-CDFt-ERA5-1976-2005_day_tasmaxAdjust_v20260512,noleap,92,5.9782357842349265
840,2065,2,92,74255114.33260478,59.5,92.0,3930314.2708111936,7169921.138550659,37127557.16630239,69978566.7903951,6.516920327661573,7.494038355383108,419.5130953968135,689.451528695246,/bdd/CORDEX-Adjust/bias-adjusted-output/EUR-11/KNMI/ICHEC-EC-EARTH/rcp85/r1i1p1/KNMI-RACMO22E/SBCK-CDFt-ERA5-1976-2005/day/tasmaxAdjust/v20260512/tasmaxAdjust_EUR-11_ICHEC-EC-EARTH_rcp85_r1i1p1_KNMI-RACMO22E_SBCK-CDFt-ERA5-1976-2005_day_20060101-21001231.nc,KNMI_ICHEC-EC-EARTH_rcp85_r1i1p1_KNMI-RACMO22E_SBCK-CDFt-ERA5-1976-2005_day_tasmaxAdjust_v20260512,noleap,92,9.410514057821928
841,2066,7,92,54226663.86073237,30.714285714285715,92.0,881286.2471738904,4127985.576617552,7746666.26581891,40316330.18061592,8.341099422604978,24.80732670164544,214.50381637053172,823.6526207659302,/bdd/CORDEX-Adjust/bias-adjusted-output/EUR-11/KNMI/ICHEC-EC-EARTH/rcp85/r1i1p1/KNMI-RACMO22E/SBCK-CDFt-ERA5-1976-2005/day/tasmaxAdjust/v20260512/tasmaxAdjust_EUR-11_ICHEC-EC-EARTH_rcp85_r1i1p1_KNMI-RACMO22E_SBCK-CDFt-ERA5-1976-2005_day_20060101-21001231.nc,KNMI_ICHEC-EC-EARTH_rcp85_r1i1p1_KNMI-RACMO22E_SBCK-CDFt-ERA5-1976-2005_day_tasmaxAdjust_v20260512,noleap,92,6.8722644515024
842,2067,5,92,49024678.79151097,25.8,92.0,773007.5576680808,3146565.921180596,9804935.758302191,44879992.98192145,7.384512312146336,11.063755073879673,212.62319076619983,808.2912245218324,/bdd/CORDEX-Adjust/bias-adjusted-output/EUR-11/KNMI/ICHEC-EC-EARTH/rcp85/r1i1p1/KNMI-RACMO22E/SBCK-CDFt-ERA5-1976-2005/day/tasmaxAdjust/v20260512/tasmaxAdjust_EUR-11_ICHEC-EC-EARTH_rcp85_r1i1p1_KNMI-RACMO22E_SBCK-CDFt-ERA5-1976-2005_day_20060101-21001231.nc,KNMI_ICHEC-EC-EARTH_rcp85_r1i1p1_KNMI-RACMO22E_SBCK-CDFt-ERA5-1976-2005_day_tasmaxAdjust_v20260512,noleap,92,6.213005435305684
843,2068,6,92,34009801.97812619,34.5,92.0,840249.8598559963,3569906.4004387595,5668300.329687699,24447128.49213945,6.970694357135741,12.2300411936798,247.0494048859433,793.3597778959372,/bdd/CORDEX-Adjust/bias-adjusted-output/EUR-11/KNMI/ICHEC-EC-EARTH/rcp85/r1i1p1/KNMI-RACMO22E/SBCK-CDFt-ERA5-1976-2005/day/tasmaxAdjust/v20260512/tasmaxAdjust_EUR-11_ICHEC-EC-EARTH_rcp85_r1i1p1_KNMI-RACMO22E_SBCK-CDFt-ERA5-1976-2005_day_20060101-21001231.nc,KNMI_ICHEC-EC-EARTH_rcp85_r1i1p1_KNMI-RACMO22E_SBCK-CDFt-ERA5-1976-2005_day_tasmaxAdjust_v20260512,noleap,92,4.310137052450345
844,2069,5,92,49997729.20571056,24.8,92.0,1001646.5228505498,4580802.708378757,9999545.841142112,48138677.32426521,2.29637446802689,7.803043790142257,156.2244921497918,717.8800286930876,/bdd/CORDEX-Adjust/bias-adjusted-output/EUR-11/KNMI/ICHEC-EC-EARTH/rcp85/r1i1p1/KNMI-RACMO22E/SBCK-CDFt-ERA5-1976-2005/day/tasmaxAdjust/v20260512/tasmaxAdjust_EUR-11_ICHEC-EC-EARTH_rcp85_r1i1p1_KNMI-RACMO22E_SBCK-CDFt-ERA5-1976-2005_day_20060101-21001231.nc,KNMI_ICHEC-EC-EARTH_rcp85_r1i1p1_KNMI-RACMO22E_SBCK-CDFt-ERA5-1976-2005_day_tasmaxAdjust_v20260512,noleap,92,6.3363222557576595
845,2070,3,92,63327945.20307082,35.333333333333336,92.0,2002435.907716664,5734547.658095853,21109315.067690272,62097139.07648696,7.975801993582679,12.90858946522803,253.70181142722583,623.7325549375438,/bdd/CORDEX-Adjust/bias-adjusted-output/EUR-11/KNMI/ICHEC-EC-EARTH/rcp85/r1i1p1/KNMI-RACMO22E/SBCK-CDFt-ERA5-1976-2005/day/tasmaxAdjust/v20260512/tasmaxAdjust_EUR-11_ICHEC-EC-EARTH_rcp85_r1i1p1_KNMI-RACMO22E_SBCK-CDFt-ERA5-1976-2005_day_20060101-21001231.nc,KNMI_ICHEC-EC-EARTH_rcp85_r1i1p1_KNMI-RACMO22E_SBCK-CDFt-ERA5-1976-2005_day_tasmaxAdjust_v20260512,noleap,92,8.025689865846706
846,2071,2,92,37583639.19833992,49.5,92.0,1877632.1425959144,3626967.2596628303,18791819.59916996,37009856.29090177,5.836095599833109,7.93510269960641,378.0945339321042,730.0294483637897,/bdd/CORDEX-Adjust/bias-adjusted-output/EUR-11/KNMI/ICHEC-EC-EARTH/rcp85/r1i1p1/KNMI-RACMO22E/SBCK-CDFt-ERA5-1976-2005/day/tasmaxAdjust/v20260512/tasmaxAdjust_EUR-11_ICHEC-EC-EARTH_rcp85_r1i1p1_KNMI-RACMO22E_SBCK-CDFt-ERA5-1976-2005_day_20060101-21001231.nc,KNMI_ICHEC-EC-EARTH_rcp85_r1i1p1_KNMI-RACMO22E_SBCK-CDFt-ERA5-1976-2005_day_tasmaxAdjust_v20260512,noleap,92,4.763057308562874
847,2072,2,92,35164219.806728445,77.0,92.0,1799631.080983089,3403324.035271336,17582109.903364222,34006650.76156923,9.56473294721084,14.088467339059346,804.3404528129621,1296.1389951934598,/bdd/CORDEX-Adjust/bias-adjusted-output/EUR-11/KNMI/ICHEC-EC-EARTH/rcp85/r1i1p1/KNMI-RACMO22E/SBCK-CDFt-ERA5-1976-2005/day/tasmaxAdjust/v20260512/tasmaxAdjust_EUR-11_ICHEC-EC-EARTH_rcp85_r1i1p1_KNMI-RACMO22E_SBCK-CDFt-ERA5-1976-2005_day_20060101-21001231.nc,KNMI_ICHEC-EC-EARTH_rcp85_r1i1p1_KNMI-RACMO22E_SBCK-CDFt-ERA5-1976-2005_day_tasmaxAdjust_v20260512,noleap,92,4.45643896447759
848,2073,3,92,146613072.70167688,37.66666666666666,92.0,2426309.030779697,7093707.038291365,48871024.23389229,145621496.7890221,4.908344827978765,9.048222502618689,212.709029870872,510.5613499414029,/bdd/CORDEX-Adjust/bias-adjusted-output/EUR-11/KNMI/ICHEC-EC-EARTH/rcp85/r1i1p1/KNMI-RACMO22E/SBCK-CDFt-ERA5-1976-2005/day/tasmaxAdjust/v20260512/tasmaxAdjust_EUR-11_ICHEC-EC-EARTH_rcp85_r1i1p1_KNMI-RACMO22E_SBCK-CDFt-ERA5-1976-2005_day_20060101-21001231.nc,KNMI_ICHEC-EC-EARTH_rcp85_r1i1p1_KNMI-RACMO22E_SBCK-CDFt-ERA5-1976-2005_day_tasmaxAdjust_v20260512,noleap,92,18.580597365180843
849,2074,4,92,34239513.630394846,54.5,92.0,867564.7003385752,1525705.3625528952,8559878.407598712,15871120.762346968,4.276439224721228,5.5593547481382215,208.97605747978105,337.13245554470745,/bdd/CORDEX-Adjust/bias-adjusted-output/EUR-11/KNMI/ICHEC-EC-EARTH/rcp85/r1i1p1/KNMI-RACMO22E/SBCK-CDFt-ERA5-1976-2005/day/tasmaxAdjust/v20260512/tasmaxAdjust_EUR-11_ICHEC-EC-EARTH_rcp85_r1i1p1_KNMI-RACMO22E_SBCK-CDFt-ERA5-1976-2005_day_20060101-21001231.nc,KNMI_ICHEC-EC-EARTH_rcp85_r1i1p1_KNMI-RACMO22E_SBCK-CDFt-ERA5-1976-2005_day_tasmaxAdjust_v20260512,noleap,92,4.339248915684935
850,2075,4,92,55947701.53219665,31.5,92.0,1431764.2402109592,4556992.70621492,13986925.383049162,50897943.69310641,16.041616305915028,41.21008484869002,394.8040390276848,984.941664070465,/bdd/CORDEX-Adjust/bias-adjusted-output/EUR-11/KNMI/ICHEC-EC-EARTH/rcp85/r1i1p1/KNMI-RACMO22E/SBCK-CDFt-ERA5-1976-2005/day/tasmaxAdjust/v20260512/tasmaxAdjust_EUR-11_ICHEC-EC-EARTH_rcp85_r1i1p1_KNMI-RACMO22E_SBCK-CDFt-ERA5-1976-2005_day_20060101-21001231.nc,KNMI_ICHEC-EC-EARTH_rcp85_r1i1p1_KNMI-RACMO22E_SBCK-CDFt-ERA5-1976-2005_day_tasmaxAdjust_v20260512,noleap,92,7.090375343215677
851,2076,3,92,91398431.44591832,39.66666666666666,92.0,2457118.89142247,6519493.789669716,30466143.81530611,87376039.98238558,15.448228163740415,30.73733012099154,489.0856501945628,1032.6685450546452,/bdd/CORDEX-Adjust/bias-adjusted-output/EUR-11/KNMI/ICHEC-EC-EARTH/rcp85/r1i1p1/KNMI-RACMO22E/SBCK-CDFt-ERA5-1976-2005/day/tasmaxAdjust/v20260512/tasmaxAdjust_EUR-11_ICHEC-EC-EARTH_rcp85_r1i1p1_KNMI-RACMO22E_SBCK-CDFt-ERA5-1976-2005_day_20060101-21001231.nc,KNMI_ICHEC-EC-EARTH_rcp85_r1i1p1_KNMI-RACMO22E_SBCK-CDFt-ERA5-1976-2005_day_tasmaxAdjust_v20260512,noleap,92,11.583124364095454
852,2077,1,92,152704832.89392143,92.0,92.0,8048115.152183238,8048115.152183238,152704832.89392143,152704832.89392143,2.947539723752644,2.947539723752644,271.17365458524324,271.17365458524324,/bdd/CORDEX-Adjust/bias-adjusted-output/EUR-11/KNMI/ICHEC-EC-EARTH/rcp85/r1i1p1/KNMI-RACMO22E/SBCK-CDFt-ERA5-1976-2005/day/tasmaxAdjust/v20260512/tasmaxAdjust_EUR-11_ICHEC-EC-EARTH_rcp85_r1i1p1_KNMI-RACMO22E_SBCK-CDFt-ERA5-1976-2005_day_20060101-21001231.nc,KNMI_ICHEC-EC-EARTH_rcp85_r1i1p1_KNMI-RACMO22E_SBCK-CDFt-ERA5-1976-2005_day_tasmaxAdjust_v20260512,noleap,92,19.352619540908957
853,2078,1,92,89725773.330342,92.0,92.0,6051259.442951694,6051259.442951694,89725773.330342,89725773.330342,4.434659847353109,4.434659847353109,407.98870595648606,407.98870595648606,/bdd/CORDEX-Adjust/bias-adjusted-output/EUR-11/KNMI/ICHEC-EC-EARTH/rcp85/r1i1p1/KNMI-RACMO22E/SBCK-CDFt-ERA5-1976-2005/day/tasmaxAdjust/v20260512/tasmaxAdjust_EUR-11_ICHEC-EC-EARTH_rcp85_r1i1p1_KNMI-RACMO22E_SBCK-CDFt-ERA5-1976-2005_day_20060101-21001231.nc,KNMI_ICHEC-EC-EARTH_rcp85_r1i1p1_KNMI-RACMO22E_SBCK-CDFt-ERA5-1976-2005_day_tasmaxAdjust_v20260512,noleap,92,11.371144719972149
854,2079,2,92,91741128.2265128,50.5,92.0,3397362.165618982,6621191.967677156,45870564.1132564,90906946.66864456,6.191233478676854,9.981161472421068,469.939302413566,918.2668554627382,/bdd/CORDEX-Adjust/bias-adjusted-output/EUR-11/KNMI/ICHEC-EC-EARTH/rcp85/r1i1p1/KNMI-RACMO22E/SBCK-CDFt-ERA5-1976-2005/day/tasmaxAdjust/v20260512/tasmaxAdjust_EUR-11_ICHEC-EC-EARTH_rcp85_r1i1p1_KNMI-RACMO22E_SBCK-CDFt-ERA5-1976-2005_day_20060101-21001231.nc,KNMI_ICHEC-EC-EARTH_rcp85_r1i1p1_KNMI-RACMO22E_SBCK-CDFt-ERA5-1976-2005_day_tasmaxAdjust_v20260512,noleap,92,11.626555081297095
855,2080,3,92,87377066.49123272,45.333333333333336,92.0,1950020.4599798955,5715317.8917884845,29125688.83041091,86559536.86264381,5.884323915970103,9.6236909091132,264.2989128360474,716.675836763906,/bdd/CORDEX-Adjust/bias-adjusted-output/EUR-11/KNMI/ICHEC-EC-EARTH/rcp85/r1i1p1/KNMI-RACMO22E/SBCK-CDFt-ERA5-1976-2005/day/tasmaxAdjust/v20260512/tasmaxAdjust_EUR-11_ICHEC-EC-EARTH_rcp85_r1i1p1_KNMI-RACMO22E_SBCK-CDFt-ERA5-1976-2005_day_20060101-21001231.nc,KNMI_ICHEC-EC-EARTH_rcp85_r1i1p1_KNMI-RACMO22E_SBCK-CDFt-ERA5-1976-2005_day_tasmaxAdjust_v20260512,noleap,92,11.073487933287554
856,2081,1,92,87443565.98035803,92.0,92.0,4419071.424816884,4419071.424816884,87443565.98035803,87443565.98035803,9.157419523978438,9.157419523978438,842.4825962060164,842.4825962060164,/bdd/CORDEX-Adjust/bias-adjusted-output/EUR-11/KNMI/ICHEC-EC-EARTH/rcp85/r1i1p1/KNMI-RACMO22E/SBCK-CDFt-ERA5-1976-2005/day/tasmaxAdjust/v20260512/tasmaxAdjust_EUR-11_ICHEC-EC-EARTH_rcp85_r1i1p1_KNMI-RACMO22E_SBCK-CDFt-ERA5-1976-2005_day_20060101-21001231.nc,KNMI_ICHEC-EC-EARTH_rcp85_r1i1p1_KNMI-RACMO22E_SBCK-CDFt-ERA5-1976-2005_day_tasmaxAdjust_v20260512,noleap,92,11.081915559894506
857,2082,2,92,81056291.34945637,50.0,92.0,3520434.021551901,6672966.252238145,40528145.674728185,79388091.357703,14.31013592516394,19.58579992737744,493.9289081652299,831.1714169114404,/bdd/CORDEX-Adjust/bias-adjusted-output/EUR-11/KNMI/ICHEC-EC-EARTH/rcp85/r1i1p1/KNMI-RACMO22E/SBCK-CDFt-ERA5-1976-2005/day/tasmaxAdjust/v20260512/tasmaxAdjust_EUR-11_ICHEC-EC-EARTH_rcp85_r1i1p1_KNMI-RACMO22E_SBCK-CDFt-ERA5-1976-2005_day_20060101-21001231.nc,KNMI_ICHEC-EC-EARTH_rcp85_r1i1p1_KNMI-RACMO22E_SBCK-CDFt-ERA5-1976-2005_day_tasmaxAdjust_v20260512,noleap,92,10.272442188995974
858,2083,1,92,172957133.41342235,92.0,92.0,7644862.641069936,7644862.641069936,172957133.41342235,172957133.41342235,6.417085664678342,6.417085664678342,590.3718811504075,590.3718811504075,/bdd/CORDEX-Adjust/bias-adjusted-output/EUR-11/KNMI/ICHEC-EC-EARTH/rcp85/r1i1p1/KNMI-RACMO22E/SBCK-CDFt-ERA5-1976-2005/day/tasmaxAdjust/v20260512/tasmaxAdjust_EUR-11_ICHEC-EC-EARTH_rcp85_r1i1p1_KNMI-RACMO22E_SBCK-CDFt-ERA5-1976-2005_day_20060101-21001231.nc,KNMI_ICHEC-EC-EARTH_rcp85_r1i1p1_KNMI-RACMO22E_SBCK-CDFt-ERA5-1976-2005_day_tasmaxAdjust_v20260512,noleap,92,21.919238156406983
859,2084,5,92,132255734.2007194,26.6,92.0,1653608.5889639813,6013917.023019697,26451146.84014388,121710443.95607775,8.715632653355753,34.13335946109037,169.20858644157886,512.0003919163556,/bdd/CORDEX-Adjust/bias-adjusted-output/EUR-11/KNMI/ICHEC-EC-EARTH/rcp85/r1i1p1/KNMI-RACMO22E/SBCK-CDFt-ERA5-1976-2005/day/tasmaxAdjust/v20260512/tasmaxAdjust_EUR-11_ICHEC-EC-EARTH_rcp85_r1i1p1_KNMI-RACMO22E_SBCK-CDFt-ERA5-1976-2005_day_20060101-21001231.nc,KNMI_ICHEC-EC-EARTH_rcp85_r1i1p1_KNMI-RACMO22E_SBCK-CDFt-ERA5-1976-2005_day_tasmaxAdjust_v20260512,noleap,92,16.76106025975021
860,2085,2,92,198733272.88738337,52.0,92.0,4267168.761188779,8245493.502426834,99366636.44369169,196852642.3645708,1.7825774793918794,2.285555419509862,112.81314653309704,210.2710985949073,/bdd/CORDEX-Adjust/bias-adjusted-output/EUR-11/KNMI/ICHEC-EC-EARTH/rcp85/r1i1p1/KNMI-RACMO22E/SBCK-CDFt-ERA5-1976-2005/day/tasmaxAdjust/v20260512/tasmaxAdjust_EUR-11_ICHEC-EC-EARTH_rcp85_r1i1p1_KNMI-RACMO22E_SBCK-CDFt-ERA5-1976-2005_day_20060101-21001231.nc,KNMI_ICHEC-EC-EARTH_rcp85_r1i1p1_KNMI-RACMO22E_SBCK-CDFt-ERA5-1976-2005_day_tasmaxAdjust_v20260512,noleap,92,25.1859050393045
861,2086,3,92,78794482.29869518,42.0,92.0,2279975.7937061056,6342032.8209446855,26264827.43289839,76286911.87362055,5.703299324256244,10.100419773892533,359.68850765656765,929.2386191981128,/bdd/CORDEX-Adjust/bias-adjusted-output/EUR-11/KNMI/ICHEC-EC-EARTH/rcp85/r1i1p1/KNMI-RACMO22E/SBCK-CDFt-ERA5-1976-2005/day/tasmaxAdjust/v20260512/tasmaxAdjust_EUR-11_ICHEC-EC-EARTH_rcp85_r1i1p1_KNMI-RACMO22E_SBCK-CDFt-ERA5-1976-2005_day_20060101-21001231.nc,KNMI_ICHEC-EC-EARTH_rcp85_r1i1p1_KNMI-RACMO22E_SBCK-CDFt-ERA5-1976-2005_day_tasmaxAdjust_v20260512,noleap,92,9.985798150270805
862,2087,1,92,84649320.76395565,92.0,92.0,5453094.235297081,5453094.235297081,84649320.76395565,84649320.76395565,2.1381077253255705,2.1381077253255705,196.70591072995248,196.70591072995248,/bdd/CORDEX-Adjust/bias-adjusted-output/EUR-11/KNMI/ICHEC-EC-EARTH/rcp85/r1i1p1/KNMI-RACMO22E/SBCK-CDFt-ERA5-1976-2005/day/tasmaxAdjust/v20260512/tasmaxAdjust_EUR-11_ICHEC-EC-EARTH_rcp85_r1i1p1_KNMI-RACMO22E_SBCK-CDFt-ERA5-1976-2005_day_20060101-21001231.nc,KNMI_ICHEC-EC-EARTH_rcp85_r1i1p1_KNMI-RACMO22E_SBCK-CDFt-ERA5-1976-2005_day_tasmaxAdjust_v20260512,noleap,92,10.727794714127924
863,2088,1,92,125898662.03552476,92.0,92.0,6829442.439410488,6829442.439410488,125898662.03552476,125898662.03552476,2.1384447935811552,2.1384447935811552,196.7369210094663,196.7369210094663,/bdd/CORDEX-Adjust/bias-adjusted-output/EUR-11/KNMI/ICHEC-EC-EARTH/rcp85/r1i1p1/KNMI-RACMO22E/SBCK-CDFt-ERA5-1976-2005/day/tasmaxAdjust/v20260512/tasmaxAdjust_EUR-11_ICHEC-EC-EARTH_rcp85_r1i1p1_KNMI-RACMO22E_SBCK-CDFt-ERA5-1976-2005_day_20060101-21001231.nc,KNMI_ICHEC-EC-EARTH_rcp85_r1i1p1_KNMI-RACMO22E_SBCK-CDFt-ERA5-1976-2005_day_tasmaxAdjust_v20260512,noleap,92,15.955414513799418
864,2089,1,92,72449689.67917603,92.0,92.0,4382846.922001105,4382846.922001105,72449689.67917603,72449689.67917603,3.735363131455704,3.735363131455704,343.6534080939247,343.6534080939247,/bdd/CORDEX-Adjust/bias-adjusted-output/EUR-11/KNMI/ICHEC-EC-EARTH/rcp85/r1i1p1/KNMI-RACMO22E/SBCK-CDFt-ERA5-1976-2005/day/tasmaxAdjust/v20260512/tasmaxAdjust_EUR-11_ICHEC-EC-EARTH_rcp85_r1i1p1_KNMI-RACMO22E_SBCK-CDFt-ERA5-1976-2005_day_20060101-21001231.nc,KNMI_ICHEC-EC-EARTH_rcp85_r1i1p1_KNMI-RACMO22E_SBCK-CDFt-ERA5-1976-2005_day_tasmaxAdjust_v20260512,noleap,92,9.18170861816793
865,2090,2,92,99843028.82577896,51.0,92.0,2638897.551655767,5216021.704421669,49921514.41288948,99534157.4888195,4.261664200105931,5.534569429852043,165.15575978581185,274.9658252731033,/bdd/CORDEX-Adjust/bias-adjusted-output/EUR-11/KNMI/ICHEC-EC-EARTH/rcp85/r1i1p1/KNMI-RACMO22E/SBCK-CDFt-ERA5-1976-2005/day/tasmaxAdjust/v20260512/tasmaxAdjust_EUR-11_ICHEC-EC-EARTH_rcp85_r1i1p1_KNMI-RACMO22E_SBCK-CDFt-ERA5-1976-2005_day_20060101-21001231.nc,KNMI_ICHEC-EC-EARTH_rcp85_r1i1p1_KNMI-RACMO22E_SBCK-CDFt-ERA5-1976-2005_day_tasmaxAdjust_v20260512,noleap,92,12.65332677466438
866,2091,2,92,191269947.29583332,51.0,92.0,4144408.205427671,8167137.20510673,95634973.64791667,190779024.1814726,1.0669339692317907,1.7765213577070929,83.50671535830872,163.43996490905255,/bdd/CORDEX-Adjust/bias-adjusted-output/EUR-11/KNMI/ICHEC-EC-EARTH/rcp85/r1i1p1/KNMI-RACMO22E/SBCK-CDFt-ERA5-1976-2005/day/tasmaxAdjust/v20260512/tasmaxAdjust_EUR-11_ICHEC-EC-EARTH_rcp85_r1i1p1_KNMI-RACMO22E_SBCK-CDFt-ERA5-1976-2005_day_20060101-21001231.nc,KNMI_ICHEC-EC-EARTH_rcp85_r1i1p1_KNMI-RACMO22E_SBCK-CDFt-ERA5-1976-2005_day_tasmaxAdjust_v20260512,noleap,92,24.240061362021994
867,2092,3,92,90118998.24236669,37.0,92.0,2028288.5110856616,5792135.66461551,30039666.08078889,88731501.93361208,5.27379590377936,8.553942156014582,291.9443247893944,786.9626783533415,/bdd/CORDEX-Adjust/bias-adjusted-output/EUR-11/KNMI/ICHEC-EC-EARTH/rcp85/r1i1p1/KNMI-RACMO22E/SBCK-CDFt-ERA5-1976-2005/day/tasmaxAdjust/v20260512/tasmaxAdjust_EUR-11_ICHEC-EC-EARTH_rcp85_r1i1p1_KNMI-RACMO22E_SBCK-CDFt-ERA5-1976-2005_day_20060101-21001231.nc,KNMI_ICHEC-EC-EARTH_rcp85_r1i1p1_KNMI-RACMO22E_SBCK-CDFt-ERA5-1976-2005_day_tasmaxAdjust_v20260512,noleap,92,11.420978978470751
868,2093,1,92,140875583.0348053,92.0,92.0,5438674.310565427,5438674.310565427,140875583.0348053,140875583.0348053,0.4348908759533375,0.4348908759533375,40.00996058770705,40.00996058770705,/bdd/CORDEX-Adjust/bias-adjusted-output/EUR-11/KNMI/ICHEC-EC-EARTH/rcp85/r1i1p1/KNMI-RACMO22E/SBCK-CDFt-ERA5-1976-2005/day/tasmaxAdjust/v20260512/tasmaxAdjust_EUR-11_ICHEC-EC-EARTH_rcp85_r1i1p1_KNMI-RACMO22E_SBCK-CDFt-ERA5-1976-2005_day_20060101-21001231.nc,KNMI_ICHEC-EC-EARTH_rcp85_r1i1p1_KNMI-RACMO22E_SBCK-CDFt-ERA5-1976-2005_day_tasmaxAdjust_v20260512,noleap,92,17.8534726728013
869,2094,3,92,143148860.36676002,37.333333333333336,92.0,2717640.907239944,7555643.472150478,47716286.78892001,140504552.35651138,10.811535969653418,16.182140794912687,560.1450113972794,1488.756953131967,/bdd/CORDEX-Adjust/bias-adjusted-output/EUR-11/KNMI/ICHEC-EC-EARTH/rcp85/r1i1p1/KNMI-RACMO22E/SBCK-CDFt-ERA5-1976-2005/day/tasmaxAdjust/v20260512/tasmaxAdjust_EUR-11_ICHEC-EC-EARTH_rcp85_r1i1p1_KNMI-RACMO22E_SBCK-CDFt-ERA5-1976-2005_day_20060101-21001231.nc,KNMI_ICHEC-EC-EARTH_rcp85_r1i1p1_KNMI-RACMO22E_SBCK-CDFt-ERA5-1976-2005_day_tasmaxAdjust_v20260512,noleap,92,18.14157011204118
870,2095,1,92,179198467.24223864,92.0,92.0,8074070.916605076,8074070.916605076,179198467.24223864,179198467.24223864,5.010664369652802,5.010664369652802,460.98112200805775,460.98112200805775,/bdd/CORDEX-Adjust/bias-adjusted-output/EUR-11/KNMI/ICHEC-EC-EARTH/rcp85/r1i1p1/KNMI-RACMO22E/SBCK-CDFt-ERA5-1976-2005/day/tasmaxAdjust/v20260512/tasmaxAdjust_EUR-11_ICHEC-EC-EARTH_rcp85_r1i1p1_KNMI-RACMO22E_SBCK-CDFt-ERA5-1976-2005_day_20060101-21001231.nc,KNMI_ICHEC-EC-EARTH_rcp85_r1i1p1_KNMI-RACMO22E_SBCK-CDFt-ERA5-1976-2005_day_tasmaxAdjust_v20260512,noleap,92,22.710216128275054
871,2096,2,92,206599458.43535924,53.0,92.0,4289145.171742573,8403161.33953014,103299729.21767962,205617786.4569034,5.901524863588109,8.04201093706135,396.25977463562623,739.8650062096443,/bdd/CORDEX-Adjust/bias-adjusted-output/EUR-11/KNMI/ICHEC-EC-EARTH/rcp85/r1i1p1/KNMI-RACMO22E/SBCK-CDFt-ERA5-1976-2005/day/tasmaxAdjust/v20260512/tasmaxAdjust_EUR-11_ICHEC-EC-EARTH_rcp85_r1i1p1_KNMI-RACMO22E_SBCK-CDFt-ERA5-1976-2005_day_20060101-21001231.nc,KNMI_ICHEC-EC-EARTH_rcp85_r1i1p1_KNMI-RACMO22E_SBCK-CDFt-ERA5-1976-2005_day_tasmaxAdjust_v20260512,noleap,92,26.18280404546708
872,2097,1,92,123977960.88436632,92.0,92.0,6677791.929607833,6677791.929607833,123977960.88436632,123977960.88436632,13.054374580286948,13.054374580286948,1201.002461386399,1201.002461386399,/bdd/CORDEX-Adjust/bias-adjusted-output/EUR-11/KNMI/ICHEC-EC-EARTH/rcp85/r1i1p1/KNMI-RACMO22E/SBCK-CDFt-ERA5-1976-2005/day/tasmaxAdjust/v20260512/tasmaxAdjust_EUR-11_ICHEC-EC-EARTH_rcp85_r1i1p1_KNMI-RACMO22E_SBCK-CDFt-ERA5-1976-2005_day_20060101-21001231.nc,KNMI_ICHEC-EC-EARTH_rcp85_r1i1p1_KNMI-RACMO22E_SBCK-CDFt-ERA5-1976-2005_day_tasmaxAdjust_v20260512,noleap,92,15.711999829891043
873,2098,2,92,142648150.91329297,68.0,92.0,3713874.6374438703,7407899.834060468,71324075.45664649,142221921.9562803,3.327992554569711,6.422678379284086,300.57595350388533,590.8864108941359,/bdd/CORDEX-Adjust/bias-adjusted-output/EUR-11/KNMI/ICHEC-EC-EARTH/rcp85/r1i1p1/KNMI-RACMO22E/SBCK-CDFt-ERA5-1976-2005/day/tasmaxAdjust/v20260512/tasmaxAdjust_EUR-11_ICHEC-EC-EARTH_rcp85_r1i1p1_KNMI-RACMO22E_SBCK-CDFt-ERA5-1976-2005_day_20060101-21001231.nc,KNMI_ICHEC-EC-EARTH_rcp85_r1i1p1_KNMI-RACMO22E_SBCK-CDFt-ERA5-1976-2005_day_tasmaxAdjust_v20260512,noleap,92,18.0781141010568
874,2099,3,92,195520645.1031527,49.66666666666666,92.0,2879041.984208233,8300909.214638981,65173548.36771757,193528127.1615532,3.884428895983784,7.066766969503396,241.3123490208468,650.1425611943124,/bdd/CORDEX-Adjust/bias-adjusted-output/EUR-11/KNMI/ICHEC-EC-EARTH/rcp85/r1i1p1/KNMI-RACMO22E/SBCK-CDFt-ERA5-1976-2005/day/tasmaxAdjust/v20260512/tasmaxAdjust_EUR-11_ICHEC-EC-EARTH_rcp85_r1i1p1_KNMI-RACMO22E_SBCK-CDFt-ERA5-1976-2005_day_20060101-21001231.nc,KNMI_ICHEC-EC-EARTH_rcp85_r1i1p1_KNMI-RACMO22E_SBCK-CDFt-ERA5-1976-2005_day_tasmaxAdjust_v20260512,noleap,92,24.778761649953104
875,1975,3,28,6756561.814743164,10.666666666666666,14.0,443017.2389186008,454724.79259481246,2252187.2715810547,2448866.594789655,29.2007453699858,51.91628973038657,280.2037190358051,467.2466075734792,/bdd/CORDEX-Adjust/bias-adjusted-output/EUR-11/CLMcom/MOHC-HadGEM2-ES/historical/r1i1p1/CLMcom-CCLM4-8-17/SBCK-CDFt-ERA5-1976-2005/day/tasmaxAdjust/v20260512/tasmaxAdjust_EUR-11_MOHC-HadGEM2-ES_historical_r1i1p1_CLMcom-CCLM4-8-17_SBCK-CDFt-ERA5-1976-2005_day_19500101-20051230.nc,CLMcom_MOHC-HadGEM2-ES_rcp45_r1i1p1_CLMcom-CCLM4-8-17_SBCK-CDFt-ERA5-1976-2005_day_tasmaxAdjust_v20260512,360_day,90,0.8753022583879911
876,1976,1,4,235964.6246687109,4.0,4.0,58991.15616717773,58991.15616717773,235964.6246687109,235964.6246687109,0.0,0.0,0.0,0.0,/bdd/CORDEX-Adjust/bias-adjusted-output/EUR-11/CLMcom/MOHC-HadGEM2-ES/historical/r1i1p1/CLMcom-CCLM4-8-17/SBCK-CDFt-ERA5-1976-2005/day/tasmaxAdjust/v20260512/tasmaxAdjust_EUR-11_MOHC-HadGEM2-ES_historical_r1i1p1_CLMcom-CCLM4-8-17_SBCK-CDFt-ERA5-1976-2005_day_19500101-20051230.nc,CLMcom_MOHC-HadGEM2-ES_rcp45_r1i1p1_CLMcom-CCLM4-8-17_SBCK-CDFt-ERA5-1976-2005_day_tasmaxAdjust_v20260512,360_day,90,0.030568856547943613
877,1977,4,33,2568213.0477113724,11.0,12.0,116631.07698709432,220841.4894637408,642053.2619278431,1256822.6466547446,4.777308085359622,6.644533830758416,54.41134917752989,79.73440596910099,/bdd/CORDEX-Adjust/bias-adjusted-output/EUR-11/CLMcom/MOHC-HadGEM2-ES/historical/r1i1p1/CLMcom-CCLM4-8-17/SBCK-CDFt-ERA5-1976-2005/day/tasmaxAdjust/v20260512/tasmaxAdjust_EUR-11_MOHC-HadGEM2-ES_historical_r1i1p1_CLMcom-CCLM4-8-17_SBCK-CDFt-ERA5-1976-2005_day_19500101-20051230.nc,CLMcom_MOHC-HadGEM2-ES_rcp45_r1i1p1_CLMcom-CCLM4-8-17_SBCK-CDFt-ERA5-1976-2005_day_tasmaxAdjust_v20260512,360_day,90,0.3327080758408959
878,1978,2,14,2662886.5731954817,7.0,7.0,278192.1913459843,374026.12194310175,1331443.2865977408,1902532.187553289,5.965220396046696,8.617964208443587,41.75654277232687,60.325749459105104,/bdd/CORDEX-Adjust/bias-adjusted-output/EUR-11/CLMcom/MOHC-HadGEM2-ES/historical/r1i1p1/CLMcom-CCLM4-8-17/SBCK-CDFt-ERA5-1976-2005/day/tasmaxAdjust/v20260512/tasmaxAdjust_EUR-11_MOHC-HadGEM2-ES_historical_r1i1p1_CLMcom-CCLM4-8-17_SBCK-CDFt-ERA5-1976-2005_day_19500101-20051230.nc,CLMcom_MOHC-HadGEM2-ES_rcp45_r1i1p1_CLMcom-CCLM4-8-17_SBCK-CDFt-ERA5-1976-2005_day_tasmaxAdjust_v20260512,360_day,90,0.34497288639660956
879,1979,0,0,0.0,,,,,,,,,,,/bdd/CORDEX-Adjust/bias-adjusted-output/EUR-11/CLMcom/MOHC-HadGEM2-ES/historical/r1i1p1/CLMcom-CCLM4-8-17/SBCK-CDFt-ERA5-1976-2005/day/tasmaxAdjust/v20260512/tasmaxAdjust_EUR-11_MOHC-HadGEM2-ES_historical_r1i1p1_CLMcom-CCLM4-8-17_SBCK-CDFt-ERA5-1976-2005_day_19500101-20051230.nc,CLMcom_MOHC-HadGEM2-ES_rcp45_r1i1p1_CLMcom-CCLM4-8-17_SBCK-CDFt-ERA5-1976-2005_day_tasmaxAdjust_v20260512,360_day,90,0.0
880,1980,0,0,0.0,,,,,,,,,,,/bdd/CORDEX-Adjust/bias-adjusted-output/EUR-11/CLMcom/MOHC-HadGEM2-ES/historical/r1i1p1/CLMcom-CCLM4-8-17/SBCK-CDFt-ERA5-1976-2005/day/tasmaxAdjust/v20260512/tasmaxAdjust_EUR-11_MOHC-HadGEM2-ES_historical_r1i1p1_CLMcom-CCLM4-8-17_SBCK-CDFt-ERA5-1976-2005_day_19500101-20051230.nc,CLMcom_MOHC-HadGEM2-ES_rcp45_r1i1p1_CLMcom-CCLM4-8-17_SBCK-CDFt-ERA5-1976-2005_day_tasmaxAdjust_v20260512,360_day,90,0.0
881,1981,0,0,0.0,,,,,,,,,,,/bdd/CORDEX-Adjust/bias-adjusted-output/EUR-11/CLMcom/MOHC-HadGEM2-ES/historical/r1i1p1/CLMcom-CCLM4-8-17/SBCK-CDFt-ERA5-1976-2005/day/tasmaxAdjust/v20260512/tasmaxAdjust_EUR-11_MOHC-HadGEM2-ES_historical_r1i1p1_CLMcom-CCLM4-8-17_SBCK-CDFt-ERA5-1976-2005_day_19500101-20051230.nc,CLMcom_MOHC-HadGEM2-ES_rcp45_r1i1p1_CLMcom-CCLM4-8-17_SBCK-CDFt-ERA5-1976-2005_day_tasmaxAdjust_v20260512,360_day,90,0.0
882,1982,5,73,26949896.40519872,14.6,20.0,795410.3984479017,1679896.7780854907,5389979.281039743,12078400.917351795,17.425403893219748,39.09598337349622,304.1969390732896,703.7277007229319,/bdd/CORDEX-Adjust/bias-adjusted-output/EUR-11/CLMcom/MOHC-HadGEM2-ES/historical/r1i1p1/CLMcom-CCLM4-8-17/SBCK-CDFt-ERA5-1976-2005/day/tasmaxAdjust/v20260512/tasmaxAdjust_EUR-11_MOHC-HadGEM2-ES_historical_r1i1p1_CLMcom-CCLM4-8-17_SBCK-CDFt-ERA5-1976-2005_day_19500101-20051230.nc,CLMcom_MOHC-HadGEM2-ES_rcp45_r1i1p1_CLMcom-CCLM4-8-17_SBCK-CDFt-ERA5-1976-2005_day_tasmaxAdjust_v20260512,360_day,90,3.491317897117402
883,1983,1,19,2826835.500171822,19.0,19.0,271266.7842691594,271266.7842691594,2826835.500171822,2826835.500171822,8.235348453419276,8.235348453419276,156.47162061496624,156.47162061496624,/bdd/CORDEX-Adjust/bias-adjusted-output/EUR-11/CLMcom/MOHC-HadGEM2-ES/historical/r1i1p1/CLMcom-CCLM4-8-17/SBCK-CDFt-ERA5-1976-2005/day/tasmaxAdjust/v20260512/tasmaxAdjust_EUR-11_MOHC-HadGEM2-ES_historical_r1i1p1_CLMcom-CCLM4-8-17_SBCK-CDFt-ERA5-1976-2005_day_19500101-20051230.nc,CLMcom_MOHC-HadGEM2-ES_rcp45_r1i1p1_CLMcom-CCLM4-8-17_SBCK-CDFt-ERA5-1976-2005_day_tasmaxAdjust_v20260512,360_day,90,0.36621221935579956
884,1984,2,12,1085672.3472047702,6.0,6.0,130064.2756708346,190428.7012656229,542836.1736023851,783653.6663271786,7.581699503059376,13.22459029741951,45.490197018356255,79.34754178451706,/bdd/CORDEX-Adjust/bias-adjusted-output/EUR-11/CLMcom/MOHC-HadGEM2-ES/historical/r1i1p1/CLMcom-CCLM4-8-17/SBCK-CDFt-ERA5-1976-2005/day/tasmaxAdjust/v20260512/tasmaxAdjust_EUR-11_MOHC-HadGEM2-ES_historical_r1i1p1_CLMcom-CCLM4-8-17_SBCK-CDFt-ERA5-1976-2005_day_19500101-20051230.nc,CLMcom_MOHC-HadGEM2-ES_rcp45_r1i1p1_CLMcom-CCLM4-8-17_SBCK-CDFt-ERA5-1976-2005_day_tasmaxAdjust_v20260512,360_day,90,0.1406471935628772
885,1985,5,41,5237855.979128096,10.4,19.0,208151.5789106853,314069.7903752752,1047571.1958256192,1547346.5483209486,12.879194881115811,24.71721245825222,143.38318602546966,296.60654949902664,/bdd/CORDEX-Adjust/bias-adjusted-output/EUR-11/CLMcom/MOHC-HadGEM2-ES/historical/r1i1p1/CLMcom-CCLM4-8-17/SBCK-CDFt-ERA5-1976-2005/day/tasmaxAdjust/v20260512/tasmaxAdjust_EUR-11_MOHC-HadGEM2-ES_historical_r1i1p1_CLMcom-CCLM4-8-17_SBCK-CDFt-ERA5-1976-2005_day_19500101-20051230.nc,CLMcom_MOHC-HadGEM2-ES_rcp45_r1i1p1_CLMcom-CCLM4-8-17_SBCK-CDFt-ERA5-1976-2005_day_tasmaxAdjust_v20260512,360_day,90,0.6785562381206666
886,1986,3,21,5728028.328315967,9.0,15.0,387854.0195875769,912706.353429248,1909342.7761053224,4601988.112757258,24.21537730655587,38.22695900826025,259.973140864116,573.4043851239038,/bdd/CORDEX-Adjust/bias-adjusted-output/EUR-11/CLMcom/MOHC-HadGEM2-ES/historical/r1i1p1/CLMcom-CCLM4-8-17/SBCK-CDFt-ERA5-1976-2005/day/tasmaxAdjust/v20260512/tasmaxAdjust_EUR-11_MOHC-HadGEM2-ES_historical_r1i1p1_CLMcom-CCLM4-8-17_SBCK-CDFt-ERA5-1976-2005_day_19500101-20051230.nc,CLMcom_MOHC-HadGEM2-ES_rcp45_r1i1p1_CLMcom-CCLM4-8-17_SBCK-CDFt-ERA5-1976-2005_day_tasmaxAdjust_v20260512,360_day,90,0.742057316924872
887,1987,0,0,0.0,,,,,,,,,,,/bdd/CORDEX-Adjust/bias-adjusted-output/EUR-11/CLMcom/MOHC-HadGEM2-ES/historical/r1i1p1/CLMcom-CCLM4-8-17/SBCK-CDFt-ERA5-1976-2005/day/tasmaxAdjust/v20260512/tasmaxAdjust_EUR-11_MOHC-HadGEM2-ES_historical_r1i1p1_CLMcom-CCLM4-8-17_SBCK-CDFt-ERA5-1976-2005_day_19500101-20051230.nc,CLMcom_MOHC-HadGEM2-ES_rcp45_r1i1p1_CLMcom-CCLM4-8-17_SBCK-CDFt-ERA5-1976-2005_day_tasmaxAdjust_v20260512,360_day,90,0.0
888,1988,3,35,2719687.292179968,11.666666666666666,19.0,190312.1029604921,317633.38193329884,906562.4307266558,1503258.783237476,17.09277429290802,35.35958235570664,191.69596377942608,353.5958235570664,/bdd/CORDEX-Adjust/bias-adjusted-output/EUR-11/CLMcom/MOHC-HadGEM2-ES/historical/r1i1p1/CLMcom-CCLM4-8-17/SBCK-CDFt-ERA5-1976-2005/day/tasmaxAdjust/v20260512/tasmaxAdjust_EUR-11_MOHC-HadGEM2-ES_historical_r1i1p1_CLMcom-CCLM4-8-17_SBCK-CDFt-ERA5-1976-2005_day_19500101-20051230.nc,CLMcom_MOHC-HadGEM2-ES_rcp45_r1i1p1_CLMcom-CCLM4-8-17_SBCK-CDFt-ERA5-1976-2005_day_tasmaxAdjust_v20260512,360_day,90,0.35233133274378814
889,1989,4,37,3149136.290861268,9.75,13.0,160297.53327278214,228462.8703141856,787284.0727153169,1235076.5456212852,8.82236117409963,15.468209757430994,78.6547150388047,154.68209757430995,/bdd/CORDEX-Adjust/bias-adjusted-output/EUR-11/CLMcom/MOHC-HadGEM2-ES/historical/r1i1p1/CLMcom-CCLM4-8-17/SBCK-CDFt-ERA5-1976-2005/day/tasmaxAdjust/v20260512/tasmaxAdjust_EUR-11_MOHC-HadGEM2-ES_historical_r1i1p1_CLMcom-CCLM4-8-17_SBCK-CDFt-ERA5-1976-2005_day_19500101-20051230.nc,CLMcom_MOHC-HadGEM2-ES_rcp45_r1i1p1_CLMcom-CCLM4-8-17_SBCK-CDFt-ERA5-1976-2005_day_tasmaxAdjust_v20260512,360_day,90,0.40796579428130786
890,1990,3,28,5740783.601892939,12.0,19.0,385376.4420711024,634528.7415828703,1913594.5339643129,3150693.2315685023,35.2110271163099,68.60239043296001,550.6313826592723,1303.4454182262402,/bdd/CORDEX-Adjust/bias-adjusted-output/EUR-11/CLMcom/MOHC-HadGEM2-ES/historical/r1i1p1/CLMcom-CCLM4-8-17/SBCK-CDFt-ERA5-1976-2005/day/tasmaxAdjust/v20260512/tasmaxAdjust_EUR-11_MOHC-HadGEM2-ES_historical_r1i1p1_CLMcom-CCLM4-8-17_SBCK-CDFt-ERA5-1976-2005_day_19500101-20051230.nc,CLMcom_MOHC-HadGEM2-ES_rcp45_r1i1p1_CLMcom-CCLM4-8-17_SBCK-CDFt-ERA5-1976-2005_day_tasmaxAdjust_v20260512,360_day,90,0.7437097431254164
891,1991,6,44,5303560.501968953,8.333333333333334,12.0,182004.43106635544,359660.10051173967,883926.7503281588,1527060.49647916,5.522077922401516,15.40266270873532,40.5924767464619,92.41597625241192,/bdd/CORDEX-Adjust/bias-adjusted-output/EUR-11/CLMcom/MOHC-HadGEM2-ES/historical/r1i1p1/CLMcom-CCLM4-8-17/SBCK-CDFt-ERA5-1976-2005/day/tasmaxAdjust/v20260512/tasmaxAdjust_EUR-11_MOHC-HadGEM2-ES_historical_r1i1p1_CLMcom-CCLM4-8-17_SBCK-CDFt-ERA5-1976-2005_day_19500101-20051230.nc,CLMcom_MOHC-HadGEM2-ES_rcp45_r1i1p1_CLMcom-CCLM4-8-17_SBCK-CDFt-ERA5-1976-2005_day_tasmaxAdjust_v20260512,360_day,90,0.6870681586515222
892,1992,6,44,6350583.7055524085,12.666666666666666,15.0,189716.8908263182,464328.384432726,1058430.6175920682,2861903.2837137184,13.703561180481785,37.628211321109056,188.51289692224336,564.4231698166359,/bdd/CORDEX-Adjust/bias-adjusted-output/EUR-11/CLMcom/MOHC-HadGEM2-ES/historical/r1i1p1/CLMcom-CCLM4-8-17/SBCK-CDFt-ERA5-1976-2005/day/tasmaxAdjust/v20260512/tasmaxAdjust_EUR-11_MOHC-HadGEM2-ES_historical_r1i1p1_CLMcom-CCLM4-8-17_SBCK-CDFt-ERA5-1976-2005_day_19500101-20051230.nc,CLMcom_MOHC-HadGEM2-ES_rcp45_r1i1p1_CLMcom-CCLM4-8-17_SBCK-CDFt-ERA5-1976-2005_day_tasmaxAdjust_v20260512,360_day,90,0.8227084147180709
893,1993,4,32,4341930.423444324,8.0,9.0,214739.9669554761,452450.7100057299,1085482.605861081,2255620.23728312,4.960366802778425,9.420072300325268,39.99412303022518,75.36057840260214,/bdd/CORDEX-Adjust/bias-adjusted-output/EUR-11/CLMcom/MOHC-HadGEM2-ES/historical/r1i1p1/CLMcom-CCLM4-8-17/SBCK-CDFt-ERA5-1976-2005/day/tasmaxAdjust/v20260512/tasmaxAdjust_EUR-11_MOHC-HadGEM2-ES_historical_r1i1p1_CLMcom-CCLM4-8-17_SBCK-CDFt-ERA5-1976-2005_day_19500101-20051230.nc,CLMcom_MOHC-HadGEM2-ES_rcp45_r1i1p1_CLMcom-CCLM4-8-17_SBCK-CDFt-ERA5-1976-2005_day_tasmaxAdjust_v20260512,360_day,90,0.5624904514469852
894,1994,2,14,1007761.5982775984,8.5,9.0,89528.3496068551,92259.16229961412,503880.7991387992,538785.7208123085,6.835890197922687,7.498144233749274,57.77393966442955,59.98515386999419,/bdd/CORDEX-Adjust/bias-adjusted-output/EUR-11/CLMcom/MOHC-HadGEM2-ES/historical/r1i1p1/CLMcom-CCLM4-8-17/SBCK-CDFt-ERA5-1976-2005/day/tasmaxAdjust/v20260512/tasmaxAdjust_EUR-11_MOHC-HadGEM2-ES_historical_r1i1p1_CLMcom-CCLM4-8-17_SBCK-CDFt-ERA5-1976-2005_day_19500101-20051230.nc,CLMcom_MOHC-HadGEM2-ES_rcp45_r1i1p1_CLMcom-CCLM4-8-17_SBCK-CDFt-ERA5-1976-2005_day_tasmaxAdjust_v20260512,360_day,90,0.13055397509489142
895,1995,5,52,5180519.6624537725,11.4,23.0,199033.51225159253,298819.60695134936,1036103.9324907544,1890332.4714946148,8.475650181349073,21.239691445027344,87.92549236332141,150.64564139640265,/bdd/CORDEX-Adjust/bias-adjusted-output/EUR-11/CLMcom/MOHC-HadGEM2-ES/historical/r1i1p1/CLMcom-CCLM4-8-17/SBCK-CDFt-ERA5-1976-2005/day/tasmaxAdjust/v20260512/tasmaxAdjust_EUR-11_MOHC-HadGEM2-ES_historical_r1i1p1_CLMcom-CCLM4-8-17_SBCK-CDFt-ERA5-1976-2005_day_19500101-20051230.nc,CLMcom_MOHC-HadGEM2-ES_rcp45_r1i1p1_CLMcom-CCLM4-8-17_SBCK-CDFt-ERA5-1976-2005_day_tasmaxAdjust_v20260512,360_day,90,0.6711284059112173
896,1996,4,36,5662876.491820207,10.5,14.0,236969.05203734885,392209.4309652054,1415719.1229550515,2489183.39160718,8.457350613655771,11.01320542242866,89.58852758316166,124.42219141780473,/bdd/CORDEX-Adjust/bias-adjusted-output/EUR-11/CLMcom/MOHC-HadGEM2-ES/historical/r1i1p1/CLMcom-CCLM4-8-17/SBCK-CDFt-ERA5-1976-2005/day/tasmaxAdjust/v20260512/tasmaxAdjust_EUR-11_MOHC-HadGEM2-ES_historical_r1i1p1_CLMcom-CCLM4-8-17_SBCK-CDFt-ERA5-1976-2005_day_19500101-20051230.nc,CLMcom_MOHC-HadGEM2-ES_rcp45_r1i1p1_CLMcom-CCLM4-8-17_SBCK-CDFt-ERA5-1976-2005_day_tasmaxAdjust_v20260512,360_day,90,0.7336169960654627
897,1997,4,36,4942025.474045636,11.0,15.0,249155.3277481932,435971.6760009878,1235506.368511409,2350051.2087278035,14.471453425078256,23.574787705447104,172.15947155200644,353.6218155817066,/bdd/CORDEX-Adjust/bias-adjusted-output/EUR-11/CLMcom/MOHC-HadGEM2-ES/historical/r1i1p1/CLMcom-CCLM4-8-17/SBCK-CDFt-ERA5-1976-2005/day/tasmaxAdjust/v20260512/tasmaxAdjust_EUR-11_MOHC-HadGEM2-ES_historical_r1i1p1_CLMcom-CCLM4-8-17_SBCK-CDFt-ERA5-1976-2005_day_19500101-20051230.nc,CLMcom_MOHC-HadGEM2-ES_rcp45_r1i1p1_CLMcom-CCLM4-8-17_SBCK-CDFt-ERA5-1976-2005_day_tasmaxAdjust_v20260512,360_day,90,0.6402318482462611
898,1998,8,74,20377070.142371025,13.375,21.0,418978.9238761824,1342749.6458372578,2547133.767796378,8215831.989755787,10.51842724752446,26.352007069097105,160.938953388041,527.040141381942,/bdd/CORDEX-Adjust/bias-adjusted-output/EUR-11/CLMcom/MOHC-HadGEM2-ES/historical/r1i1p1/CLMcom-CCLM4-8-17/SBCK-CDFt-ERA5-1976-2005/day/tasmaxAdjust/v20260512/tasmaxAdjust_EUR-11_MOHC-HadGEM2-ES_historical_r1i1p1_CLMcom-CCLM4-8-17_SBCK-CDFt-ERA5-1976-2005_day_19500101-20051230.nc,CLMcom_MOHC-HadGEM2-ES_rcp45_r1i1p1_CLMcom-CCLM4-8-17_SBCK-CDFt-ERA5-1976-2005_day_tasmaxAdjust_v20260512,360_day,90,2.639818298713495
899,1999,7,50,10617465.025025103,9.428571428571429,15.0,301160.99763221125,776617.0295617769,1516780.717860729,4328847.301283279,7.442271259440873,15.53552768141083,64.04939210616487,123.38255114146048,/bdd/CORDEX-Adjust/bias-adjusted-output/EUR-11/CLMcom/MOHC-HadGEM2-ES/historical/r1i1p1/CLMcom-CCLM4-8-17/SBCK-CDFt-ERA5-1976-2005/day/tasmaxAdjust/v20260512/tasmaxAdjust_EUR-11_MOHC-HadGEM2-ES_historical_r1i1p1_CLMcom-CCLM4-8-17_SBCK-CDFt-ERA5-1976-2005_day_19500101-20051230.nc,CLMcom_MOHC-HadGEM2-ES_rcp45_r1i1p1_CLMcom-CCLM4-8-17_SBCK-CDFt-ERA5-1976-2005_day_tasmaxAdjust_v20260512,360_day,90,1.3754763694281769
900,2000,3,40,5387367.390710541,18.0,32.0,311009.6094982813,537352.329138258,1795789.130236847,3073603.934961401,8.245933670472786,10.001547926541518,160.16642403711433,296.783435280996,/bdd/CORDEX-Adjust/bias-adjusted-output/EUR-11/CLMcom/MOHC-HadGEM2-ES/historical/r1i1p1/CLMcom-CCLM4-8-17/SBCK-CDFt-ERA5-1976-2005/day/tasmaxAdjust/v20260512/tasmaxAdjust_EUR-11_MOHC-HadGEM2-ES_historical_r1i1p1_CLMcom-CCLM4-8-17_SBCK-CDFt-ERA5-1976-2005_day_19500101-20051230.nc,CLMcom_MOHC-HadGEM2-ES_rcp45_r1i1p1_CLMcom-CCLM4-8-17_SBCK-CDFt-ERA5-1976-2005_day_tasmaxAdjust_v20260512,360_day,90,0.6979252130225657
901,2001,4,35,16416963.09253356,10.75,14.0,707547.715768064,2051563.7621568355,4104240.77313339,12722037.7463612,15.144774739545133,25.97841869404065,156.03337839186432,207.8273495523252,/bdd/CORDEX-Adjust/bias-adjusted-output/EUR-11/CLMcom/MOHC-HadGEM2-ES/historical/r1i1p1/CLMcom-CCLM4-8-17/SBCK-CDFt-ERA5-1976-2005/day/tasmaxAdjust/v20260512/tasmaxAdjust_EUR-11_MOHC-HadGEM2-ES_historical_r1i1p1_CLMcom-CCLM4-8-17_SBCK-CDFt-ERA5-1976-2005_day_19500101-20051230.nc,CLMcom_MOHC-HadGEM2-ES_rcp45_r1i1p1_CLMcom-CCLM4-8-17_SBCK-CDFt-ERA5-1976-2005_day_tasmaxAdjust_v20260512,360_day,90,2.126792481852423
902,2002,7,58,14462505.02474893,10.857142857142858,28.0,378868.07485777687,981478.3382951904,2066072.1463927045,5054051.327015134,11.46987887653032,23.495251609136403,139.98684294787077,345.67246898155634,/bdd/CORDEX-Adjust/bias-adjusted-output/EUR-11/CLMcom/MOHC-HadGEM2-ES/historical/r1i1p1/CLMcom-CCLM4-8-17/SBCK-CDFt-ERA5-1976-2005/day/tasmaxAdjust/v20260512/tasmaxAdjust_EUR-11_MOHC-HadGEM2-ES_historical_r1i1p1_CLMcom-CCLM4-8-17_SBCK-CDFt-ERA5-1976-2005_day_19500101-20051230.nc,CLMcom_MOHC-HadGEM2-ES_rcp45_r1i1p1_CLMcom-CCLM4-8-17_SBCK-CDFt-ERA5-1976-2005_day_tasmaxAdjust_v20260512,360_day,90,1.8735954257811547
903,2003,1,9,385546.53916454536,9.0,9.0,84651.31358191093,84651.31358191093,385546.53916454536,385546.53916454536,1.4573215839350118,1.4573215839350118,13.115894255415109,13.115894255415109,/bdd/CORDEX-Adjust/bias-adjusted-output/EUR-11/CLMcom/MOHC-HadGEM2-ES/historical/r1i1p1/CLMcom-CCLM4-8-17/SBCK-CDFt-ERA5-1976-2005/day/tasmaxAdjust/v20260512/tasmaxAdjust_EUR-11_MOHC-HadGEM2-ES_historical_r1i1p1_CLMcom-CCLM4-8-17_SBCK-CDFt-ERA5-1976-2005_day_19500101-20051230.nc,CLMcom_MOHC-HadGEM2-ES_rcp45_r1i1p1_CLMcom-CCLM4-8-17_SBCK-CDFt-ERA5-1976-2005_day_tasmaxAdjust_v20260512,360_day,90,0.049946964994536776
904,2004,2,20,977312.9203355266,12.0,15.0,86968.11906613578,103268.39319128449,488656.4601677633,599433.8068354714,9.165719807954448,17.23094406609186,85.79296492104113,155.07849659482673,/bdd/CORDEX-Adjust/bias-adjusted-output/EUR-11/CLMcom/MOHC-HadGEM2-ES/historical/r1i1p1/CLMcom-CCLM4-8-17/SBCK-CDFt-ERA5-1976-2005/day/tasmaxAdjust/v20260512/tasmaxAdjust_EUR-11_MOHC-HadGEM2-ES_historical_r1i1p1_CLMcom-CCLM4-8-17_SBCK-CDFt-ERA5-1976-2005_day_19500101-20051230.nc,CLMcom_MOHC-HadGEM2-ES_rcp45_r1i1p1_CLMcom-CCLM4-8-17_SBCK-CDFt-ERA5-1976-2005_day_tasmaxAdjust_v20260512,360_day,90,0.12660939539616528
905,2005,5,49,16151652.938921977,9.8,12.0,608538.364707691,1182525.1847550352,3230330.587784396,6836130.4123705,14.563177010895824,29.092061093219147,153.66344425849329,349.1047331186298,/bdd/CORDEX-Adjust/bias-adjusted-output/EUR-11/CLMcom/MOHC-HadGEM2-ES/historical/r1i1p1/CLMcom-CCLM4-8-17/SBCK-CDFt-ERA5-1976-2005/day/tasmaxAdjust/v20260512/tasmaxAdjust_EUR-11_MOHC-HadGEM2-ES_historical_r1i1p1_CLMcom-CCLM4-8-17_SBCK-CDFt-ERA5-1976-2005_day_19500101-20051230.nc,CLMcom_MOHC-HadGEM2-ES_rcp45_r1i1p1_CLMcom-CCLM4-8-17_SBCK-CDFt-ERA5-1976-2005_day_tasmaxAdjust_v20260512,360_day,90,2.092421956872876
906,2006,5,61,7939565.17098766,16.0,21.0,305488.4693101536,610619.8299163731,1587913.034197532,3223386.964105067,19.30853065716232,47.22727949333824,313.31107512919067,708.4091924000736,/bdd/CORDEX-Adjust/bias-adjusted-output/EUR-11/CLMcom/MOHC-HadGEM2-ES/rcp45/r1i1p1/CLMcom-CCLM4-8-17/SBCK-CDFt-ERA5-1976-2005/day/tasmaxAdjust/v20260512/tasmaxAdjust_EUR-11_MOHC-HadGEM2-ES_rcp45_r1i1p1_CLMcom-CCLM4-8-17_SBCK-CDFt-ERA5-1976-2005_day_20060101-20991130.nc,CLMcom_MOHC-HadGEM2-ES_rcp45_r1i1p1_CLMcom-CCLM4-8-17_SBCK-CDFt-ERA5-1976-2005_day_tasmaxAdjust_v20260512,360_day,90,1.0285585354403077
907,2007,6,48,6666884.811012764,10.5,13.0,222614.7521801805,342447.3628270199,1111147.468502127,1865445.233903961,9.805519267572851,20.281258696360805,111.4970416276567,243.37510435632964,/bdd/CORDEX-Adjust/bias-adjusted-output/EUR-11/CLMcom/MOHC-HadGEM2-ES/rcp45/r1i1p1/CLMcom-CCLM4-8-17/SBCK-CDFt-ERA5-1976-2005/day/tasmaxAdjust/v20260512/tasmaxAdjust_EUR-11_MOHC-HadGEM2-ES_rcp45_r1i1p1_CLMcom-CCLM4-8-17_SBCK-CDFt-ERA5-1976-2005_day_20060101-20991130.nc,CLMcom_MOHC-HadGEM2-ES_rcp45_r1i1p1_CLMcom-CCLM4-8-17_SBCK-CDFt-ERA5-1976-2005_day_tasmaxAdjust_v20260512,360_day,90,0.8636847395902784
908,2008,4,31,3000201.9642850664,11.75,18.0,139922.5698829043,202941.34320490973,750050.4910712666,1061162.5311888028,14.97416862535983,44.37439503989579,236.8330261884237,798.7391107181242,/bdd/CORDEX-Adjust/bias-adjusted-output/EUR-11/CLMcom/MOHC-HadGEM2-ES/rcp45/r1i1p1/CLMcom-CCLM4-8-17/SBCK-CDFt-ERA5-1976-2005/day/tasmaxAdjust/v20260512/tasmaxAdjust_EUR-11_MOHC-HadGEM2-ES_rcp45_r1i1p1_CLMcom-CCLM4-8-17_SBCK-CDFt-ERA5-1976-2005_day_20060101-20991130.nc,CLMcom_MOHC-HadGEM2-ES_rcp45_r1i1p1_CLMcom-CCLM4-8-17_SBCK-CDFt-ERA5-1976-2005_day_tasmaxAdjust_v20260512,360_day,90,0.3886715798601231
909,2009,5,40,3748738.7922204537,8.8,20.0,158477.32821285934,229245.54477482752,749747.7584440907,1124613.740863477,3.388640512644037,12.659857168564065,33.29561646961137,113.93871451707656,/bdd/CORDEX-Adjust/bias-adjusted-output/EUR-11/CLMcom/MOHC-HadGEM2-ES/rcp45/r1i1p1/CLMcom-CCLM4-8-17/SBCK-CDFt-ERA5-1976-2005/day/tasmaxAdjust/v20260512/tasmaxAdjust_EUR-11_MOHC-HadGEM2-ES_rcp45_r1i1p1_CLMcom-CCLM4-8-17_SBCK-CDFt-ERA5-1976-2005_day_20060101-20991130.nc,CLMcom_MOHC-HadGEM2-ES_rcp45_r1i1p1_CLMcom-CCLM4-8-17_SBCK-CDFt-ERA5-1976-2005_day_tasmaxAdjust_v20260512,360_day,90,0.48564338207893154
910,2010,7,76,18286876.598653648,14.571428571428571,28.0,452543.234565601,821608.1680324135,2612410.9426648067,5453055.1309868,13.153541245547435,38.85988032416325,165.44739809157272,329.8276080024836,/bdd/CORDEX-Adjust/bias-adjusted-output/EUR-11/CLMcom/MOHC-HadGEM2-ES/rcp45/r1i1p1/CLMcom-CCLM4-8-17/SBCK-CDFt-ERA5-1976-2005/day/tasmaxAdjust/v20260512/tasmaxAdjust_EUR-11_MOHC-HadGEM2-ES_rcp45_r1i1p1_CLMcom-CCLM4-8-17_SBCK-CDFt-ERA5-1976-2005_day_20060101-20991130.nc,CLMcom_MOHC-HadGEM2-ES_rcp45_r1i1p1_CLMcom-CCLM4-8-17_SBCK-CDFt-ERA5-1976-2005_day_tasmaxAdjust_v20260512,360_day,90,2.3690369191527183
911,2011,6,45,8344450.480389187,13.5,18.0,249864.49476424177,523785.6416094608,1390741.746731531,2447217.585758448,8.797033597555656,13.670620585780998,117.5240692480008,246.071170544058,/bdd/CORDEX-Adjust/bias-adjusted-output/EUR-11/CLMcom/MOHC-HadGEM2-ES/rcp45/r1i1p1/CLMcom-CCLM4-8-17/SBCK-CDFt-ERA5-1976-2005/day/tasmaxAdjust/v20260512/tasmaxAdjust_EUR-11_MOHC-HadGEM2-ES_rcp45_r1i1p1_CLMcom-CCLM4-8-17_SBCK-CDFt-ERA5-1976-2005_day_20060101-20991130.nc,CLMcom_MOHC-HadGEM2-ES_rcp45_r1i1p1_CLMcom-CCLM4-8-17_SBCK-CDFt-ERA5-1976-2005_day_tasmaxAdjust_v20260512,360_day,90,1.0810108085674424
912,2012,4,55,11876724.584112938,17.25,23.0,510710.96668952703,1175976.8103515126,2969181.1460282346,7231349.4523101505,9.697156819103949,20.08589764159088,198.0278498621469,388.77014708713386,/bdd/CORDEX-Adjust/bias-adjusted-output/EUR-11/CLMcom/MOHC-HadGEM2-ES/rcp45/r1i1p1/CLMcom-CCLM4-8-17/SBCK-CDFt-ERA5-1976-2005/day/tasmaxAdjust/v20260512/tasmaxAdjust_EUR-11_MOHC-HadGEM2-ES_rcp45_r1i1p1_CLMcom-CCLM4-8-17_SBCK-CDFt-ERA5-1976-2005_day_20060101-20991130.nc,CLMcom_MOHC-HadGEM2-ES_rcp45_r1i1p1_CLMcom-CCLM4-8-17_SBCK-CDFt-ERA5-1976-2005_day_tasmaxAdjust_v20260512,360_day,90,1.538611521031633
913,2013,4,49,17402635.490291994,12.25,20.0,763356.1771725551,1607863.0766841038,4350658.872572999,10628443.72820659,16.919009495980244,26.76350732643181,211.71489307352505,337.4902171369239,/bdd/CORDEX-Adjust/bias-adjusted-output/EUR-11/CLMcom/MOHC-HadGEM2-ES/rcp45/r1i1p1/CLMcom-CCLM4-8-17/SBCK-CDFt-ERA5-1976-2005/day/tasmaxAdjust/v20260512/tasmaxAdjust_EUR-11_MOHC-HadGEM2-ES_rcp45_r1i1p1_CLMcom-CCLM4-8-17_SBCK-CDFt-ERA5-1976-2005_day_20060101-20991130.nc,CLMcom_MOHC-HadGEM2-ES_rcp45_r1i1p1_CLMcom-CCLM4-8-17_SBCK-CDFt-ERA5-1976-2005_day_tasmaxAdjust_v20260512,360_day,90,2.2544848347745963
914,2014,6,57,13858322.589385018,11.333333333333334,17.0,385205.6009736544,1167288.820766196,2309720.431564169,7731486.452844814,8.862276907346997,22.23697405304557,111.78068090282098,378.0285589017747,/bdd/CORDEX-Adjust/bias-adjusted-output/EUR-11/CLMcom/MOHC-HadGEM2-ES/rcp45/r1i1p1/CLMcom-CCLM4-8-17/SBCK-CDFt-ERA5-1976-2005/day/tasmaxAdjust/v20260512/tasmaxAdjust_EUR-11_MOHC-HadGEM2-ES_rcp45_r1i1p1_CLMcom-CCLM4-8-17_SBCK-CDFt-ERA5-1976-2005_day_20060101-20991130.nc,CLMcom_MOHC-HadGEM2-ES_rcp45_r1i1p1_CLMcom-CCLM4-8-17_SBCK-CDFt-ERA5-1976-2005_day_tasmaxAdjust_v20260512,360_day,90,1.7953245145318224
915,2015,7,80,18617366.34065001,14.714285714285714,52.0,493229.9923016158,1498615.357730872,2659623.7629500018,8696803.772981744,11.339269159622384,22.172995543878272,135.40131265602972,379.0003716778054,/bdd/CORDEX-Adjust/bias-adjusted-output/EUR-11/CLMcom/MOHC-HadGEM2-ES/rcp45/r1i1p1/CLMcom-CCLM4-8-17/SBCK-CDFt-ERA5-1976-2005/day/tasmaxAdjust/v20260512/tasmaxAdjust_EUR-11_MOHC-HadGEM2-ES_rcp45_r1i1p1_CLMcom-CCLM4-8-17_SBCK-CDFt-ERA5-1976-2005_day_20060101-20991130.nc,CLMcom_MOHC-HadGEM2-ES_rcp45_r1i1p1_CLMcom-CCLM4-8-17_SBCK-CDFt-ERA5-1976-2005_day_tasmaxAdjust_v20260512,360_day,90,2.411851360206489
916,2016,4,40,16313951.68993122,12.75,22.0,703888.3761278238,1477812.761362614,4078487.922482805,9524247.601573944,23.26476755739053,36.08945893673541,326.7724757651613,793.9680966081789,/bdd/CORDEX-Adjust/bias-adjusted-output/EUR-11/CLMcom/MOHC-HadGEM2-ES/rcp45/r1i1p1/CLMcom-CCLM4-8-17/SBCK-CDFt-ERA5-1976-2005/day/tasmaxAdjust/v20260512/tasmaxAdjust_EUR-11_MOHC-HadGEM2-ES_rcp45_r1i1p1_CLMcom-CCLM4-8-17_SBCK-CDFt-ERA5-1976-2005_day_20060101-20991130.nc,CLMcom_MOHC-HadGEM2-ES_rcp45_r1i1p1_CLMcom-CCLM4-8-17_SBCK-CDFt-ERA5-1976-2005_day_tasmaxAdjust_v20260512,360_day,90,2.1134475120571645
917,2017,7,57,15710752.928477855,12.285714285714286,29.0,457981.5533834652,1395437.0013290264,2244393.2754968368,6589346.780106906,12.182785869490337,42.51952158258953,175.06644297524994,529.9550291629365,/bdd/CORDEX-Adjust/bias-adjusted-output/EUR-11/CLMcom/MOHC-HadGEM2-ES/rcp45/r1i1p1/CLMcom-CCLM4-8-17/SBCK-CDFt-ERA5-1976-2005/day/tasmaxAdjust/v20260512/tasmaxAdjust_EUR-11_MOHC-HadGEM2-ES_rcp45_r1i1p1_CLMcom-CCLM4-8-17_SBCK-CDFt-ERA5-1976-2005_day_20060101-20991130.nc,CLMcom_MOHC-HadGEM2-ES_rcp45_r1i1p1_CLMcom-CCLM4-8-17_SBCK-CDFt-ERA5-1976-2005_day_tasmaxAdjust_v20260512,360_day,90,2.0353040342597906
918,2018,5,61,6082122.326187229,13.6,27.0,233749.42844951927,737377.4113562561,1216424.4652374457,3819711.9023915296,11.479132288962663,49.91731846941185,286.64509165254174,1347.76759867412,/bdd/CORDEX-Adjust/bias-adjusted-output/EUR-11/CLMcom/MOHC-HadGEM2-ES/rcp45/r1i1p1/CLMcom-CCLM4-8-17/SBCK-CDFt-ERA5-1976-2005/day/tasmaxAdjust/v20260512/tasmaxAdjust_EUR-11_MOHC-HadGEM2-ES_rcp45_r1i1p1_CLMcom-CCLM4-8-17_SBCK-CDFt-ERA5-1976-2005_day_20060101-20991130.nc,CLMcom_MOHC-HadGEM2-ES_rcp45_r1i1p1_CLMcom-CCLM4-8-17_SBCK-CDFt-ERA5-1976-2005_day_tasmaxAdjust_v20260512,360_day,90,0.7879296532575382
919,2019,5,63,6420252.247296419,17.2,30.0,238060.53362723408,363029.3768822316,1284050.4494592838,2437148.955244528,12.650054047483676,23.735861050906305,192.42735389793896,342.1948729265281,/bdd/CORDEX-Adjust/bias-adjusted-output/EUR-11/CLMcom/MOHC-HadGEM2-ES/rcp45/r1i1p1/CLMcom-CCLM4-8-17/SBCK-CDFt-ERA5-1976-2005/day/tasmaxAdjust/v20260512/tasmaxAdjust_EUR-11_MOHC-HadGEM2-ES_rcp45_r1i1p1_CLMcom-CCLM4-8-17_SBCK-CDFt-ERA5-1976-2005_day_20060101-20991130.nc,CLMcom_MOHC-HadGEM2-ES_rcp45_r1i1p1_CLMcom-CCLM4-8-17_SBCK-CDFt-ERA5-1976-2005_day_tasmaxAdjust_v20260512,360_day,90,0.831733867840407
920,2020,5,81,29439077.176355675,20.8,31.0,1024946.2159297066,1934914.5969140856,5887815.435271135,11218079.31849807,16.133429602094594,27.961672835124364,363.1281340691367,866.8118578888553,/bdd/CORDEX-Adjust/bias-adjusted-output/EUR-11/CLMcom/MOHC-HadGEM2-ES/rcp45/r1i1p1/CLMcom-CCLM4-8-17/SBCK-CDFt-ERA5-1976-2005/day/tasmaxAdjust/v20260512/tasmaxAdjust_EUR-11_MOHC-HadGEM2-ES_rcp45_r1i1p1_CLMcom-CCLM4-8-17_SBCK-CDFt-ERA5-1976-2005_day_20060101-20991130.nc,CLMcom_MOHC-HadGEM2-ES_rcp45_r1i1p1_CLMcom-CCLM4-8-17_SBCK-CDFt-ERA5-1976-2005_day_tasmaxAdjust_v20260512,360_day,90,3.813787462300011
921,2021,9,75,25340784.139776014,18.77777777777778,43.0,460833.33548360027,1441581.6025880906,2815642.6821973347,10376910.563186474,16.845551797347422,34.7004921561519,405.2446066494223,1492.1211627145317,/bdd/CORDEX-Adjust/bias-adjusted-output/EUR-11/CLMcom/MOHC-HadGEM2-ES/rcp45/r1i1p1/CLMcom-CCLM4-8-17/SBCK-CDFt-ERA5-1976-2005/day/tasmaxAdjust/v20260512/tasmaxAdjust_EUR-11_MOHC-HadGEM2-ES_rcp45_r1i1p1_CLMcom-CCLM4-8-17_SBCK-CDFt-ERA5-1976-2005_day_20060101-20991130.nc,CLMcom_MOHC-HadGEM2-ES_rcp45_r1i1p1_CLMcom-CCLM4-8-17_SBCK-CDFt-ERA5-1976-2005_day_tasmaxAdjust_v20260512,360_day,90,3.282859862018696
922,2022,5,67,5586057.192226975,14.8,34.0,206016.1527426793,492003.8979358454,1117211.438445395,2630662.386923389,10.979602578319302,17.54046976987326,190.0907052689707,563.9172993674755,/bdd/CORDEX-Adjust/bias-adjusted-output/EUR-11/CLMcom/MOHC-HadGEM2-ES/rcp45/r1i1p1/CLMcom-CCLM4-8-17/SBCK-CDFt-ERA5-1976-2005/day/tasmaxAdjust/v20260512/tasmaxAdjust_EUR-11_MOHC-HadGEM2-ES_rcp45_r1i1p1_CLMcom-CCLM4-8-17_SBCK-CDFt-ERA5-1976-2005_day_20060101-20991130.nc,CLMcom_MOHC-HadGEM2-ES_rcp45_r1i1p1_CLMcom-CCLM4-8-17_SBCK-CDFt-ERA5-1976-2005_day_tasmaxAdjust_v20260512,360_day,90,0.7236651731908436
923,2023,2,25,1089210.216512484,15.5,25.0,119643.78119404968,166992.8230142002,544605.108256242,686631.1029390271,4.780642014905382,4.878933572654026,73.1661814324213,117.05876142891844,/bdd/CORDEX-Adjust/bias-adjusted-output/EUR-11/CLMcom/MOHC-HadGEM2-ES/rcp45/r1i1p1/CLMcom-CCLM4-8-17/SBCK-CDFt-ERA5-1976-2005/day/tasmaxAdjust/v20260512/tasmaxAdjust_EUR-11_MOHC-HadGEM2-ES_rcp45_r1i1p1_CLMcom-CCLM4-8-17_SBCK-CDFt-ERA5-1976-2005_day_20060101-20991130.nc,CLMcom_MOHC-HadGEM2-ES_rcp45_r1i1p1_CLMcom-CCLM4-8-17_SBCK-CDFt-ERA5-1976-2005_day_tasmaxAdjust_v20260512,360_day,90,0.14110551912546826
924,2024,5,83,19435519.378329244,23.2,56.0,487392.9636118817,1117306.3874740077,3887103.8756658486,11258508.198850008,8.913224779592722,22.442174824857165,236.30149421607967,897.6869929942866,/bdd/CORDEX-Adjust/bias-adjusted-output/EUR-11/CLMcom/MOHC-HadGEM2-ES/rcp45/r1i1p1/CLMcom-CCLM4-8-17/SBCK-CDFt-ERA5-1976-2005/day/tasmaxAdjust/v20260512/tasmaxAdjust_EUR-11_MOHC-HadGEM2-ES_rcp45_r1i1p1_CLMcom-CCLM4-8-17_SBCK-CDFt-ERA5-1976-2005_day_20060101-20991130.nc,CLMcom_MOHC-HadGEM2-ES_rcp45_r1i1p1_CLMcom-CCLM4-8-17_SBCK-CDFt-ERA5-1976-2005_day_tasmaxAdjust_v20260512,360_day,90,2.517841836016981
925,2025,9,88,13842570.273197051,17.77777777777778,57.0,289814.8327699755,1017729.1841095902,1538063.3636885611,5843460.424941298,19.08916903230744,48.76749254556528,562.8801494104592,2779.7470750972207,/bdd/CORDEX-Adjust/bias-adjusted-output/EUR-11/CLMcom/MOHC-HadGEM2-ES/rcp45/r1i1p1/CLMcom-CCLM4-8-17/SBCK-CDFt-ERA5-1976-2005/day/tasmaxAdjust/v20260512/tasmaxAdjust_EUR-11_MOHC-HadGEM2-ES_rcp45_r1i1p1_CLMcom-CCLM4-8-17_SBCK-CDFt-ERA5-1976-2005_day_20060101-20991130.nc,CLMcom_MOHC-HadGEM2-ES_rcp45_r1i1p1_CLMcom-CCLM4-8-17_SBCK-CDFt-ERA5-1976-2005_day_tasmaxAdjust_v20260512,360_day,90,1.7932838260408086
926,2026,3,90,43029946.58219685,43.0,70.0,2310859.1542866006,3874863.591282338,14343315.527398951,22827612.293268453,11.628513971785862,25.55178844037632,237.70959924433643,425.5001036976661,/bdd/CORDEX-Adjust/bias-adjusted-output/EUR-11/CLMcom/MOHC-HadGEM2-ES/rcp45/r1i1p1/CLMcom-CCLM4-8-17/SBCK-CDFt-ERA5-1976-2005/day/tasmaxAdjust/v20260512/tasmaxAdjust_EUR-11_MOHC-HadGEM2-ES_rcp45_r1i1p1_CLMcom-CCLM4-8-17_SBCK-CDFt-ERA5-1976-2005_day_20060101-20991130.nc,CLMcom_MOHC-HadGEM2-ES_rcp45_r1i1p1_CLMcom-CCLM4-8-17_SBCK-CDFt-ERA5-1976-2005_day_tasmaxAdjust_v20260512,360_day,90,5.574463825599329
927,2027,7,88,35000347.006661616,18.285714285714285,38.0,767868.7192488845,2301373.3555673724,5000049.572380231,16633987.713043436,10.597528881309012,29.948695470188166,265.4826058502903,1138.0504278671503,/bdd/CORDEX-Adjust/bias-adjusted-output/EUR-11/CLMcom/MOHC-HadGEM2-ES/rcp45/r1i1p1/CLMcom-CCLM4-8-17/SBCK-CDFt-ERA5-1976-2005/day/tasmaxAdjust/v20260512/tasmaxAdjust_EUR-11_MOHC-HadGEM2-ES_rcp45_r1i1p1_CLMcom-CCLM4-8-17_SBCK-CDFt-ERA5-1976-2005_day_20060101-20991130.nc,CLMcom_MOHC-HadGEM2-ES_rcp45_r1i1p1_CLMcom-CCLM4-8-17_SBCK-CDFt-ERA5-1976-2005_day_tasmaxAdjust_v20260512,360_day,90,4.5342414706315886
928,2028,9,79,20658675.878259327,16.666666666666668,34.0,413612.8275048777,1419032.7165501462,2295408.430917703,7629366.248383973,13.889068960073368,27.79061616695737,266.51266901074405,555.8123233391475,/bdd/CORDEX-Adjust/bias-adjusted-output/EUR-11/CLMcom/MOHC-HadGEM2-ES/rcp45/r1i1p1/CLMcom-CCLM4-8-17/SBCK-CDFt-ERA5-1976-2005/day/tasmaxAdjust/v20260512/tasmaxAdjust_EUR-11_MOHC-HadGEM2-ES_rcp45_r1i1p1_CLMcom-CCLM4-8-17_SBCK-CDFt-ERA5-1976-2005_day_20060101-20991130.nc,CLMcom_MOHC-HadGEM2-ES_rcp45_r1i1p1_CLMcom-CCLM4-8-17_SBCK-CDFt-ERA5-1976-2005_day_tasmaxAdjust_v20260512,360_day,90,2.6762998914756877
929,2029,4,84,26508840.347114865,34.5,77.0,1045744.2563998213,2131512.484271948,6627210.086778716,15449976.734202657,16.6988574141364,37.74997933360461,850.6920015002934,1678.6893005672428,/bdd/CORDEX-Adjust/bias-adjusted-output/EUR-11/CLMcom/MOHC-HadGEM2-ES/rcp45/r1i1p1/CLMcom-CCLM4-8-17/SBCK-CDFt-ERA5-1976-2005/day/tasmaxAdjust/v20260512/tasmaxAdjust_EUR-11_MOHC-HadGEM2-ES_rcp45_r1i1p1_CLMcom-CCLM4-8-17_SBCK-CDFt-ERA5-1976-2005_day_20060101-20991130.nc,CLMcom_MOHC-HadGEM2-ES_rcp45_r1i1p1_CLMcom-CCLM4-8-17_SBCK-CDFt-ERA5-1976-2005_day_tasmaxAdjust_v20260512,360_day,90,3.434179758771046
930,2030,3,90,45250323.37897331,43.0,90.0,1875482.8432296747,5165840.102023982,15083441.126324438,42690753.721766815,26.422328649694908,57.327564919949104,1178.153678853471,1796.8658885552434,/bdd/CORDEX-Adjust/bias-adjusted-output/EUR-11/CLMcom/MOHC-HadGEM2-ES/rcp45/r1i1p1/CLMcom-CCLM4-8-17/SBCK-CDFt-ERA5-1976-2005/day/tasmaxAdjust/v20260512/tasmaxAdjust_EUR-11_MOHC-HadGEM2-ES_rcp45_r1i1p1_CLMcom-CCLM4-8-17_SBCK-CDFt-ERA5-1976-2005_day_20060101-20991130.nc,CLMcom_MOHC-HadGEM2-ES_rcp45_r1i1p1_CLMcom-CCLM4-8-17_SBCK-CDFt-ERA5-1976-2005_day_tasmaxAdjust_v20260512,360_day,90,5.862110246660691
931,2031,4,70,9421504.450077198,30.0,53.0,413965.57688746415,1041484.401149303,2355376.1125193,5509879.197875711,28.58729457929861,39.721066477614734,921.1366400063326,1708.0058585374336,/bdd/CORDEX-Adjust/bias-adjusted-output/EUR-11/CLMcom/MOHC-HadGEM2-ES/rcp45/r1i1p1/CLMcom-CCLM4-8-17/SBCK-CDFt-ERA5-1976-2005/day/tasmaxAdjust/v20260512/tasmaxAdjust_EUR-11_MOHC-HadGEM2-ES_rcp45_r1i1p1_CLMcom-CCLM4-8-17_SBCK-CDFt-ERA5-1976-2005_day_20060101-20991130.nc,CLMcom_MOHC-HadGEM2-ES_rcp45_r1i1p1_CLMcom-CCLM4-8-17_SBCK-CDFt-ERA5-1976-2005_day_tasmaxAdjust_v20260512,360_day,90,1.2205415044927788
932,2032,6,80,24857987.116908893,24.666666666666668,51.0,654205.2205954369,1800553.4631591314,4142997.8528181487,11911818.931809302,17.70251537932969,50.15638579102206,529.3954633952791,1655.160731103728,/bdd/CORDEX-Adjust/bias-adjusted-output/EUR-11/CLMcom/MOHC-HadGEM2-ES/rcp45/r1i1p1/CLMcom-CCLM4-8-17/SBCK-CDFt-ERA5-1976-2005/day/tasmaxAdjust/v20260512/tasmaxAdjust_EUR-11_MOHC-HadGEM2-ES_rcp45_r1i1p1_CLMcom-CCLM4-8-17_SBCK-CDFt-ERA5-1976-2005_day_20060101-20991130.nc,CLMcom_MOHC-HadGEM2-ES_rcp45_r1i1p1_CLMcom-CCLM4-8-17_SBCK-CDFt-ERA5-1976-2005_day_tasmaxAdjust_v20260512,360_day,90,3.2203142454690967
933,2033,4,74,31911609.41370754,36.75,57.0,904671.2571049752,1746113.7630500405,7977902.353426885,20117213.384993423,11.41180959308126,30.92347964688298,384.33361740218265,804.0104708189575,/bdd/CORDEX-Adjust/bias-adjusted-output/EUR-11/CLMcom/MOHC-HadGEM2-ES/rcp45/r1i1p1/CLMcom-CCLM4-8-17/SBCK-CDFt-ERA5-1976-2005/day/tasmaxAdjust/v20260512/tasmaxAdjust_EUR-11_MOHC-HadGEM2-ES_rcp45_r1i1p1_CLMcom-CCLM4-8-17_SBCK-CDFt-ERA5-1976-2005_day_20060101-20991130.nc,CLMcom_MOHC-HadGEM2-ES_rcp45_r1i1p1_CLMcom-CCLM4-8-17_SBCK-CDFt-ERA5-1976-2005_day_tasmaxAdjust_v20260512,360_day,90,4.134100235368819
934,2034,6,81,29940522.17884485,23.0,67.0,715508.1495630554,2383026.787231852,4990087.029807475,19807379.309539817,10.17772877303864,15.031179521631438,173.68103752295087,272.3144591288507,/bdd/CORDEX-Adjust/bias-adjusted-output/EUR-11/CLMcom/MOHC-HadGEM2-ES/rcp45/r1i1p1/CLMcom-CCLM4-8-17/SBCK-CDFt-ERA5-1976-2005/day/tasmaxAdjust/v20260512/tasmaxAdjust_EUR-11_MOHC-HadGEM2-ES_rcp45_r1i1p1_CLMcom-CCLM4-8-17_SBCK-CDFt-ERA5-1976-2005_day_20060101-20991130.nc,CLMcom_MOHC-HadGEM2-ES_rcp45_r1i1p1_CLMcom-CCLM4-8-17_SBCK-CDFt-ERA5-1976-2005_day_tasmaxAdjust_v20260512,360_day,90,3.8787488961136427
935,2035,6,80,18923821.140342068,24.33333333333333,66.0,410742.75341773126,1502768.4342206323,3153970.190057012,14010773.881130712,11.070891857512189,25.79704572870548,299.4077262571629,1393.040469350096,/bdd/CORDEX-Adjust/bias-adjusted-output/EUR-11/CLMcom/MOHC-HadGEM2-ES/rcp45/r1i1p1/CLMcom-CCLM4-8-17/SBCK-CDFt-ERA5-1976-2005/day/tasmaxAdjust/v20260512/tasmaxAdjust_EUR-11_MOHC-HadGEM2-ES_rcp45_r1i1p1_CLMcom-CCLM4-8-17_SBCK-CDFt-ERA5-1976-2005_day_20060101-20991130.nc,CLMcom_MOHC-HadGEM2-ES_rcp45_r1i1p1_CLMcom-CCLM4-8-17_SBCK-CDFt-ERA5-1976-2005_day_tasmaxAdjust_v20260512,360_day,90,2.451552111212568
936,2036,10,89,40770980.041622296,23.3,56.0,621326.8891534671,1567415.325466291,4077098.0041622296,11067879.51162688,6.2872550524064055,17.856778029256642,143.73792235569172,613.1193441238466,/bdd/CORDEX-Adjust/bias-adjusted-output/EUR-11/CLMcom/MOHC-HadGEM2-ES/rcp45/r1i1p1/CLMcom-CCLM4-8-17/SBCK-CDFt-ERA5-1976-2005/day/tasmaxAdjust/v20260512/tasmaxAdjust_EUR-11_MOHC-HadGEM2-ES_rcp45_r1i1p1_CLMcom-CCLM4-8-17_SBCK-CDFt-ERA5-1976-2005_day_20060101-20991130.nc,CLMcom_MOHC-HadGEM2-ES_rcp45_r1i1p1_CLMcom-CCLM4-8-17_SBCK-CDFt-ERA5-1976-2005_day_tasmaxAdjust_v20260512,360_day,90,5.281818162197968
937,2037,6,78,21244159.54718814,26.83333333333333,64.0,516042.94885418046,1480143.4229947373,3540693.25786469,9473560.984775744,9.92213076142555,20.60126325132084,282.7147954902334,799.4494145502031,/bdd/CORDEX-Adjust/bias-adjusted-output/EUR-11/CLMcom/MOHC-HadGEM2-ES/rcp45/r1i1p1/CLMcom-CCLM4-8-17/SBCK-CDFt-ERA5-1976-2005/day/tasmaxAdjust/v20260512/tasmaxAdjust_EUR-11_MOHC-HadGEM2-ES_rcp45_r1i1p1_CLMcom-CCLM4-8-17_SBCK-CDFt-ERA5-1976-2005_day_20060101-20991130.nc,CLMcom_MOHC-HadGEM2-ES_rcp45_r1i1p1_CLMcom-CCLM4-8-17_SBCK-CDFt-ERA5-1976-2005_day_tasmaxAdjust_v20260512,360_day,90,2.7521484061069654
938,2038,3,89,33038882.43652591,46.333333333333336,89.0,1061831.7197968336,2419621.250325924,11012960.812175304,28618537.61025109,6.3353917990215365,14.039698887612929,362.6141860571315,645.8261488301947,/bdd/CORDEX-Adjust/bias-adjusted-output/EUR-11/CLMcom/MOHC-HadGEM2-ES/rcp45/r1i1p1/CLMcom-CCLM4-8-17/SBCK-CDFt-ERA5-1976-2005/day/tasmaxAdjust/v20260512/tasmaxAdjust_EUR-11_MOHC-HadGEM2-ES_rcp45_r1i1p1_CLMcom-CCLM4-8-17_SBCK-CDFt-ERA5-1976-2005_day_20060101-20991130.nc,CLMcom_MOHC-HadGEM2-ES_rcp45_r1i1p1_CLMcom-CCLM4-8-17_SBCK-CDFt-ERA5-1976-2005_day_tasmaxAdjust_v20260512,360_day,90,4.280136732887385
939,2039,4,90,37054703.561466485,41.5,90.0,841310.3561427612,2122019.69492626,9263675.89036662,27130990.234828647,6.728835913291313,12.349321448302552,415.1966289233596,995.5686594234952,/bdd/CORDEX-Adjust/bias-adjusted-output/EUR-11/CLMcom/MOHC-HadGEM2-ES/rcp45/r1i1p1/CLMcom-CCLM4-8-17/SBCK-CDFt-ERA5-1976-2005/day/tasmaxAdjust/v20260512/tasmaxAdjust_EUR-11_MOHC-HadGEM2-ES_rcp45_r1i1p1_CLMcom-CCLM4-8-17_SBCK-CDFt-ERA5-1976-2005_day_20060101-20991130.nc,CLMcom_MOHC-HadGEM2-ES_rcp45_r1i1p1_CLMcom-CCLM4-8-17_SBCK-CDFt-ERA5-1976-2005_day_tasmaxAdjust_v20260512,360_day,90,4.800380223041305
940,2040,3,90,30632216.62592565,49.333333333333336,74.0,1302680.7581559988,2147719.5662614005,10210738.875308547,19524517.726265125,11.960438622696506,19.96686156057137,758.2919987749451,1337.779724558282,/bdd/CORDEX-Adjust/bias-adjusted-output/EUR-11/CLMcom/MOHC-HadGEM2-ES/rcp45/r1i1p1/CLMcom-CCLM4-8-17/SBCK-CDFt-ERA5-1976-2005/day/tasmaxAdjust/v20260512/tasmaxAdjust_EUR-11_MOHC-HadGEM2-ES_rcp45_r1i1p1_CLMcom-CCLM4-8-17_SBCK-CDFt-ERA5-1976-2005_day_20060101-20991130.nc,CLMcom_MOHC-HadGEM2-ES_rcp45_r1i1p1_CLMcom-CCLM4-8-17_SBCK-CDFt-ERA5-1976-2005_day_tasmaxAdjust_v20260512,360_day,90,3.9683568547536643
941,2041,4,90,96825783.5926002,41.0,90.0,1742591.5189287444,4540448.893543977,24206445.898150053,84218101.91786991,14.9291465525413,44.36016814417529,365.75066686008216,798.4830265951553,/bdd/CORDEX-Adjust/bias-adjusted-output/EUR-11/CLMcom/MOHC-HadGEM2-ES/rcp45/r1i1p1/CLMcom-CCLM4-8-17/SBCK-CDFt-ERA5-1976-2005/day/tasmaxAdjust/v20260512/tasmaxAdjust_EUR-11_MOHC-HadGEM2-ES_rcp45_r1i1p1_CLMcom-CCLM4-8-17_SBCK-CDFt-ERA5-1976-2005_day_20060101-20991130.nc,CLMcom_MOHC-HadGEM2-ES_rcp45_r1i1p1_CLMcom-CCLM4-8-17_SBCK-CDFt-ERA5-1976-2005_day_tasmaxAdjust_v20260512,360_day,90,12.543632304799909
942,2042,6,90,54720854.56252608,21.166666666666668,81.0,782925.1193753714,2686547.772439158,9120142.42708768,40290084.68093301,9.77799400989152,31.072928100594293,273.3173097040688,876.9243085172524,/bdd/CORDEX-Adjust/bias-adjusted-output/EUR-11/CLMcom/MOHC-HadGEM2-ES/rcp45/r1i1p1/CLMcom-CCLM4-8-17/SBCK-CDFt-ERA5-1976-2005/day/tasmaxAdjust/v20260512/tasmaxAdjust_EUR-11_MOHC-HadGEM2-ES_rcp45_r1i1p1_CLMcom-CCLM4-8-17_SBCK-CDFt-ERA5-1976-2005_day_20060101-20991130.nc,CLMcom_MOHC-HadGEM2-ES_rcp45_r1i1p1_CLMcom-CCLM4-8-17_SBCK-CDFt-ERA5-1976-2005_day_tasmaxAdjust_v20260512,360_day,90,7.089003089557406
943,2043,4,90,36001213.34374334,39.5,87.0,861546.1618239249,3175700.607148935,9000303.335935835,34365039.60631191,7.533880070103224,12.841790643716566,425.1809913451178,1117.2357860033412,/bdd/CORDEX-Adjust/bias-adjusted-output/EUR-11/CLMcom/MOHC-HadGEM2-ES/rcp45/r1i1p1/CLMcom-CCLM4-8-17/SBCK-CDFt-ERA5-1976-2005/day/tasmaxAdjust/v20260512/tasmaxAdjust_EUR-11_MOHC-HadGEM2-ES_rcp45_r1i1p1_CLMcom-CCLM4-8-17_SBCK-CDFt-ERA5-1976-2005_day_20060101-20991130.nc,CLMcom_MOHC-HadGEM2-ES_rcp45_r1i1p1_CLMcom-CCLM4-8-17_SBCK-CDFt-ERA5-1976-2005_day_tasmaxAdjust_v20260512,360_day,90,4.663902175175213
944,2044,6,90,32027372.215427373,33.833333333333336,82.0,860704.5071331064,1309432.9098098783,5337895.369237895,10845372.268020663,32.468245473594,70.65294307142693,938.0158682409284,1695.6706337142464,/bdd/CORDEX-Adjust/bias-adjusted-output/EUR-11/CLMcom/MOHC-HadGEM2-ES/rcp45/r1i1p1/CLMcom-CCLM4-8-17/SBCK-CDFt-ERA5-1976-2005/day/tasmaxAdjust/v20260512/tasmaxAdjust_EUR-11_MOHC-HadGEM2-ES_rcp45_r1i1p1_CLMcom-CCLM4-8-17_SBCK-CDFt-ERA5-1976-2005_day_20060101-20991130.nc,CLMcom_MOHC-HadGEM2-ES_rcp45_r1i1p1_CLMcom-CCLM4-8-17_SBCK-CDFt-ERA5-1976-2005_day_tasmaxAdjust_v20260512,360_day,90,4.149097129434317
945,2045,6,87,47637734.91779491,21.166666666666668,87.0,749253.9341788376,3047262.495790964,7939622.486299152,40862915.58537556,8.752364040212818,29.44592309657584,167.20618041267088,562.178650038565,/bdd/CORDEX-Adjust/bias-adjusted-output/EUR-11/CLMcom/MOHC-HadGEM2-ES/rcp45/r1i1p1/CLMcom-CCLM4-8-17/SBCK-CDFt-ERA5-1976-2005/day/tasmaxAdjust/v20260512/tasmaxAdjust_EUR-11_MOHC-HadGEM2-ES_rcp45_r1i1p1_CLMcom-CCLM4-8-17_SBCK-CDFt-ERA5-1976-2005_day_20060101-20991130.nc,CLMcom_MOHC-HadGEM2-ES_rcp45_r1i1p1_CLMcom-CCLM4-8-17_SBCK-CDFt-ERA5-1976-2005_day_tasmaxAdjust_v20260512,360_day,90,6.1713957633079675
946,2046,4,86,67606385.84142506,25.5,86.0,1393024.4950025473,5137419.990526907,16901596.460356265,65769904.53736904,6.705132572490824,16.296233679592856,364.5729430656165,1401.4760964449856,/bdd/CORDEX-Adjust/bias-adjusted-output/EUR-11/CLMcom/MOHC-HadGEM2-ES/rcp45/r1i1p1/CLMcom-CCLM4-8-17/SBCK-CDFt-ERA5-1976-2005/day/tasmaxAdjust/v20260512/tasmaxAdjust_EUR-11_MOHC-HadGEM2-ES_rcp45_r1i1p1_CLMcom-CCLM4-8-17_SBCK-CDFt-ERA5-1976-2005_day_20060101-20991130.nc,CLMcom_MOHC-HadGEM2-ES_rcp45_r1i1p1_CLMcom-CCLM4-8-17_SBCK-CDFt-ERA5-1976-2005_day_tasmaxAdjust_v20260512,360_day,90,8.758303976339587
947,2047,5,89,47678042.93116813,25.8,89.0,890593.3077860428,3515239.949215183,9535608.586233629,42593448.782692194,8.066920217063736,27.320404799984168,120.52603176472842,382.48566719977833,/bdd/CORDEX-Adjust/bias-adjusted-output/EUR-11/CLMcom/MOHC-HadGEM2-ES/rcp45/r1i1p1/CLMcom-CCLM4-8-17/SBCK-CDFt-ERA5-1976-2005/day/tasmaxAdjust/v20260512/tasmaxAdjust_EUR-11_MOHC-HadGEM2-ES_rcp45_r1i1p1_CLMcom-CCLM4-8-17_SBCK-CDFt-ERA5-1976-2005_day_20060101-20991130.nc,CLMcom_MOHC-HadGEM2-ES_rcp45_r1i1p1_CLMcom-CCLM4-8-17_SBCK-CDFt-ERA5-1976-2005_day_tasmaxAdjust_v20260512,360_day,90,6.176617604845733
948,2048,3,89,75811234.84847158,37.0,84.0,1716826.7855485473,4770774.480786379,25270411.6161572,73995353.20167828,20.25520058866653,48.120759855382666,382.9655383665235,914.2944372522708,/bdd/CORDEX-Adjust/bias-adjusted-output/EUR-11/CLMcom/MOHC-HadGEM2-ES/rcp45/r1i1p1/CLMcom-CCLM4-8-17/SBCK-CDFt-ERA5-1976-2005/day/tasmaxAdjust/v20260512/tasmaxAdjust_EUR-11_MOHC-HadGEM2-ES_rcp45_r1i1p1_CLMcom-CCLM4-8-17_SBCK-CDFt-ERA5-1976-2005_day_20060101-20991130.nc,CLMcom_MOHC-HadGEM2-ES_rcp45_r1i1p1_CLMcom-CCLM4-8-17_SBCK-CDFt-ERA5-1976-2005_day_tasmaxAdjust_v20260512,360_day,90,9.821229627360703
949,2049,4,90,92412060.42014204,26.5,90.0,1565453.9079479957,5826160.594281479,23103015.10503551,90489189.59702156,5.686567031353084,8.71683269393496,211.2525953017668,765.0658671734864,/bdd/CORDEX-Adjust/bias-adjusted-output/EUR-11/CLMcom/MOHC-HadGEM2-ES/rcp45/r1i1p1/CLMcom-CCLM4-8-17/SBCK-CDFt-ERA5-1976-2005/day/tasmaxAdjust/v20260512/tasmaxAdjust_EUR-11_MOHC-HadGEM2-ES_rcp45_r1i1p1_CLMcom-CCLM4-8-17_SBCK-CDFt-ERA5-1976-2005_day_20060101-20991130.nc,CLMcom_MOHC-HadGEM2-ES_rcp45_r1i1p1_CLMcom-CCLM4-8-17_SBCK-CDFt-ERA5-1976-2005_day_tasmaxAdjust_v20260512,360_day,90,11.971841212424787
950,2050,3,90,52432524.76180232,36.333333333333336,90.0,2125271.844462195,6053049.787094851,17477508.253934104,50829138.46700759,7.944605550960095,10.33992531414044,318.04468736325947,797.6360807879794,/bdd/CORDEX-Adjust/bias-adjusted-output/EUR-11/CLMcom/MOHC-HadGEM2-ES/rcp45/r1i1p1/CLMcom-CCLM4-8-17/SBCK-CDFt-ERA5-1976-2005/day/tasmaxAdjust/v20260512/tasmaxAdjust_EUR-11_MOHC-HadGEM2-ES_rcp45_r1i1p1_CLMcom-CCLM4-8-17_SBCK-CDFt-ERA5-1976-2005_day_20060101-20991130.nc,CLMcom_MOHC-HadGEM2-ES_rcp45_r1i1p1_CLMcom-CCLM4-8-17_SBCK-CDFt-ERA5-1976-2005_day_tasmaxAdjust_v20260512,360_day,90,6.792553460673758
951,2051,5,90,138077132.58291915,25.8,90.0,1445204.694445219,6060861.553853933,27615426.51658383,132531391.50369988,8.291035755241918,19.820049683714902,249.155228869252,760.997988573547,/bdd/CORDEX-Adjust/bias-adjusted-output/EUR-11/CLMcom/MOHC-HadGEM2-ES/rcp45/r1i1p1/CLMcom-CCLM4-8-17/SBCK-CDFt-ERA5-1976-2005/day/tasmaxAdjust/v20260512/tasmaxAdjust_EUR-11_MOHC-HadGEM2-ES_rcp45_r1i1p1_CLMcom-CCLM4-8-17_SBCK-CDFt-ERA5-1976-2005_day_20060101-20991130.nc,CLMcom_MOHC-HadGEM2-ES_rcp45_r1i1p1_CLMcom-CCLM4-8-17_SBCK-CDFt-ERA5-1976-2005_day_tasmaxAdjust_v20260512,360_day,90,17.88768153024904
952,2052,2,90,86797477.86401148,50.0,90.0,3138393.606768803,6041493.747148871,43398738.93200574,85655611.60797423,6.167084274217648,7.862107518230977,376.1551434714156,707.589676640788,/bdd/CORDEX-Adjust/bias-adjusted-output/EUR-11/CLMcom/MOHC-HadGEM2-ES/rcp45/r1i1p1/CLMcom-CCLM4-8-17/SBCK-CDFt-ERA5-1976-2005/day/tasmaxAdjust/v20260512/tasmaxAdjust_EUR-11_MOHC-HadGEM2-ES_rcp45_r1i1p1_CLMcom-CCLM4-8-17_SBCK-CDFt-ERA5-1976-2005_day_20060101-20991130.nc,CLMcom_MOHC-HadGEM2-ES_rcp45_r1i1p1_CLMcom-CCLM4-8-17_SBCK-CDFt-ERA5-1976-2005_day_tasmaxAdjust_v20260512,360_day,90,11.244480621929885
953,2053,4,90,83407954.73395437,32.25,90.0,1808420.6784523567,5427647.513500423,20851988.6834886,75130010.73486668,17.301530638931126,55.59401469195993,298.4335097547296,833.9102203793989,/bdd/CORDEX-Adjust/bias-adjusted-output/EUR-11/CLMcom/MOHC-HadGEM2-ES/rcp45/r1i1p1/CLMcom-CCLM4-8-17/SBCK-CDFt-ERA5-1976-2005/day/tasmaxAdjust/v20260512/tasmaxAdjust_EUR-11_MOHC-HadGEM2-ES_rcp45_r1i1p1_CLMcom-CCLM4-8-17_SBCK-CDFt-ERA5-1976-2005_day_20060101-20991130.nc,CLMcom_MOHC-HadGEM2-ES_rcp45_r1i1p1_CLMcom-CCLM4-8-17_SBCK-CDFt-ERA5-1976-2005_day_tasmaxAdjust_v20260512,360_day,90,10.805373079966236
954,2054,2,90,54727788.1895061,62.0,90.0,2311841.879518718,4278470.887887708,27363894.09475305,52769524.34538931,1.9324301323596185,2.3226858410354287,108.88350836337366,138.79569813154274,/bdd/CORDEX-Adjust/bias-adjusted-output/EUR-11/CLMcom/MOHC-HadGEM2-ES/rcp45/r1i1p1/CLMcom-CCLM4-8-17/SBCK-CDFt-ERA5-1976-2005/day/tasmaxAdjust/v20260512/tasmaxAdjust_EUR-11_MOHC-HadGEM2-ES_rcp45_r1i1p1_CLMcom-CCLM4-8-17_SBCK-CDFt-ERA5-1976-2005_day_20060101-20991130.nc,CLMcom_MOHC-HadGEM2-ES_rcp45_r1i1p1_CLMcom-CCLM4-8-17_SBCK-CDFt-ERA5-1976-2005_day_tasmaxAdjust_v20260512,360_day,90,7.0899013303373835
955,2055,6,86,65591940.87254386,25.5,86.0,1326864.9335383095,5100345.837081255,10931990.145423977,43699609.81656176,5.828433710506549,11.749163113965505,234.1270408146039,952.850749461972,/bdd/CORDEX-Adjust/bias-adjusted-output/EUR-11/CLMcom/MOHC-HadGEM2-ES/rcp45/r1i1p1/CLMcom-CCLM4-8-17/SBCK-CDFt-ERA5-1976-2005/day/tasmaxAdjust/v20260512/tasmaxAdjust_EUR-11_MOHC-HadGEM2-ES_rcp45_r1i1p1_CLMcom-CCLM4-8-17_SBCK-CDFt-ERA5-1976-2005_day_20060101-20991130.nc,CLMcom_MOHC-HadGEM2-ES_rcp45_r1i1p1_CLMcom-CCLM4-8-17_SBCK-CDFt-ERA5-1976-2005_day_tasmaxAdjust_v20260512,360_day,90,8.497335708897328
956,2056,3,90,81936899.42262311,36.0,90.0,2144554.513127226,5632149.112298516,27312299.80754104,76924681.51648508,6.913430821441104,13.904602318562274,123.2781578194744,235.8214359206736,/bdd/CORDEX-Adjust/bias-adjusted-output/EUR-11/CLMcom/MOHC-HadGEM2-ES/rcp45/r1i1p1/CLMcom-CCLM4-8-17/SBCK-CDFt-ERA5-1976-2005/day/tasmaxAdjust/v20260512/tasmaxAdjust_EUR-11_MOHC-HadGEM2-ES_rcp45_r1i1p1_CLMcom-CCLM4-8-17_SBCK-CDFt-ERA5-1976-2005_day_20060101-20991130.nc,CLMcom_MOHC-HadGEM2-ES_rcp45_r1i1p1_CLMcom-CCLM4-8-17_SBCK-CDFt-ERA5-1976-2005_day_tasmaxAdjust_v20260512,360_day,90,10.614800112305042
957,2057,2,90,40046709.27075651,47.5,85.0,2228430.230001441,3579476.9525838434,20023354.635378256,35696786.15830085,12.375936703285046,14.665708729502615,501.9905424228807,857.3239975507353,/bdd/CORDEX-Adjust/bias-adjusted-output/EUR-11/CLMcom/MOHC-HadGEM2-ES/rcp45/r1i1p1/CLMcom-CCLM4-8-17/SBCK-CDFt-ERA5-1976-2005/day/tasmaxAdjust/v20260512/tasmaxAdjust_EUR-11_MOHC-HadGEM2-ES_rcp45_r1i1p1_CLMcom-CCLM4-8-17_SBCK-CDFt-ERA5-1976-2005_day_20060101-20991130.nc,CLMcom_MOHC-HadGEM2-ES_rcp45_r1i1p1_CLMcom-CCLM4-8-17_SBCK-CDFt-ERA5-1976-2005_day_tasmaxAdjust_v20260512,360_day,90,5.18798999059153
958,2058,1,90,64100944.28833404,90.0,90.0,3993412.0536995567,3993412.0536995567,64100944.28833404,64100944.28833404,4.765537633959966,4.765537633959966,428.898387056397,428.898387056397,/bdd/CORDEX-Adjust/bias-adjusted-output/EUR-11/CLMcom/MOHC-HadGEM2-ES/rcp45/r1i1p1/CLMcom-CCLM4-8-17/SBCK-CDFt-ERA5-1976-2005/day/tasmaxAdjust/v20260512/tasmaxAdjust_EUR-11_MOHC-HadGEM2-ES_rcp45_r1i1p1_CLMcom-CCLM4-8-17_SBCK-CDFt-ERA5-1976-2005_day_20060101-20991130.nc,CLMcom_MOHC-HadGEM2-ES_rcp45_r1i1p1_CLMcom-CCLM4-8-17_SBCK-CDFt-ERA5-1976-2005_day_tasmaxAdjust_v20260512,360_day,90,8.304179379807007
959,2059,4,90,42768636.09656344,28.0,90.0,1080121.4278790266,3924059.519476893,10692159.02414086,40934140.70235965,7.04292076968782,12.632675324111432,138.26774294449177,378.349239935462,/bdd/CORDEX-Adjust/bias-adjusted-output/EUR-11/CLMcom/MOHC-HadGEM2-ES/rcp45/r1i1p1/CLMcom-CCLM4-8-17/SBCK-CDFt-ERA5-1976-2005/day/tasmaxAdjust/v20260512/tasmaxAdjust_EUR-11_MOHC-HadGEM2-ES_rcp45_r1i1p1_CLMcom-CCLM4-8-17_SBCK-CDFt-ERA5-1976-2005_day_20060101-20991130.nc,CLMcom_MOHC-HadGEM2-ES_rcp45_r1i1p1_CLMcom-CCLM4-8-17_SBCK-CDFt-ERA5-1976-2005_day_tasmaxAdjust_v20260512,360_day,90,5.540611451494456
960,2060,4,90,72784582.07673725,45.25,90.0,1245791.5325030878,3884351.6322037447,18196145.51918432,66876515.43359117,4.599317093445947,8.298248427413327,241.92817295026265,597.4738867737595,/bdd/CORDEX-Adjust/bias-adjusted-output/EUR-11/CLMcom/MOHC-HadGEM2-ES/rcp45/r1i1p1/CLMcom-CCLM4-8-17/SBCK-CDFt-ERA5-1976-2005/day/tasmaxAdjust/v20260512/tasmaxAdjust_EUR-11_MOHC-HadGEM2-ES_rcp45_r1i1p1_CLMcom-CCLM4-8-17_SBCK-CDFt-ERA5-1976-2005_day_20060101-20991130.nc,CLMcom_MOHC-HadGEM2-ES_rcp45_r1i1p1_CLMcom-CCLM4-8-17_SBCK-CDFt-ERA5-1976-2005_day_tasmaxAdjust_v20260512,360_day,90,9.429131385815044
961,2061,3,90,80911305.46067207,61.0,90.0,1668544.3523454142,4663253.154858545,26970435.15355736,78917998.31549188,7.750348424352128,8.091918693442047,485.4360295937298,728.2726824097842,/bdd/CORDEX-Adjust/bias-adjusted-output/EUR-11/CLMcom/MOHC-HadGEM2-ES/rcp45/r1i1p1/CLMcom-CCLM4-8-17/SBCK-CDFt-ERA5-1976-2005/day/tasmaxAdjust/v20260512/tasmaxAdjust_EUR-11_MOHC-HadGEM2-ES_rcp45_r1i1p1_CLMcom-CCLM4-8-17_SBCK-CDFt-ERA5-1976-2005_day_20060101-20991130.nc,CLMcom_MOHC-HadGEM2-ES_rcp45_r1i1p1_CLMcom-CCLM4-8-17_SBCK-CDFt-ERA5-1976-2005_day_tasmaxAdjust_v20260512,360_day,90,10.481935981745917
962,2062,4,90,133655443.38273875,30.25,90.0,1726001.9927487508,6237465.827257816,33413860.84568469,129668735.55114643,4.217975729123721,5.649067599801849,78.21620393555656,159.0906016702079,/bdd/CORDEX-Adjust/bias-adjusted-output/EUR-11/CLMcom/MOHC-HadGEM2-ES/rcp45/r1i1p1/CLMcom-CCLM4-8-17/SBCK-CDFt-ERA5-1976-2005/day/tasmaxAdjust/v20260512/tasmaxAdjust_EUR-11_MOHC-HadGEM2-ES_rcp45_r1i1p1_CLMcom-CCLM4-8-17_SBCK-CDFt-ERA5-1976-2005_day_20060101-20991130.nc,CLMcom_MOHC-HadGEM2-ES_rcp45_r1i1p1_CLMcom-CCLM4-8-17_SBCK-CDFt-ERA5-1976-2005_day_tasmaxAdjust_v20260512,360_day,90,17.3148584511554
963,2063,4,90,110694274.15389612,27.0,90.0,1950627.7140470447,7030262.816516055,27673568.53847403,107524240.67990728,7.1542188879380975,12.329395263620572,161.0998425346438,493.4852979454159,/bdd/CORDEX-Adjust/bias-adjusted-output/EUR-11/CLMcom/MOHC-HadGEM2-ES/rcp45/r1i1p1/CLMcom-CCLM4-8-17/SBCK-CDFt-ERA5-1976-2005/day/tasmaxAdjust/v20260512/tasmaxAdjust_EUR-11_MOHC-HadGEM2-ES_rcp45_r1i1p1_CLMcom-CCLM4-8-17_SBCK-CDFt-ERA5-1976-2005_day_20060101-20991130.nc,CLMcom_MOHC-HadGEM2-ES_rcp45_r1i1p1_CLMcom-CCLM4-8-17_SBCK-CDFt-ERA5-1976-2005_day_tasmaxAdjust_v20260512,360_day,90,14.340274064555098
964,2064,1,90,55153273.53209589,90.0,90.0,5480920.131639884,5480920.131639884,55153273.53209589,55153273.53209589,7.995993683804955,7.995993683804955,719.639431542446,719.639431542446,/bdd/CORDEX-Adjust/bias-adjusted-output/EUR-11/CLMcom/MOHC-HadGEM2-ES/rcp45/r1i1p1/CLMcom-CCLM4-8-17/SBCK-CDFt-ERA5-1976-2005/day/tasmaxAdjust/v20260512/tasmaxAdjust_EUR-11_MOHC-HadGEM2-ES_rcp45_r1i1p1_CLMcom-CCLM4-8-17_SBCK-CDFt-ERA5-1976-2005_day_20060101-20991130.nc,CLMcom_MOHC-HadGEM2-ES_rcp45_r1i1p1_CLMcom-CCLM4-8-17_SBCK-CDFt-ERA5-1976-2005_day_tasmaxAdjust_v20260512,360_day,90,7.145022306285116
965,2065,4,90,69487758.92361708,28.25,90.0,1544670.559416928,5792137.326956607,17371939.73090427,67604261.02855657,4.0340428304598905,5.491259453813263,144.17099981307885,494.21335084319367,/bdd/CORDEX-Adjust/bias-adjusted-output/EUR-11/CLMcom/MOHC-HadGEM2-ES/rcp45/r1i1p1/CLMcom-CCLM4-8-17/SBCK-CDFt-ERA5-1976-2005/day/tasmaxAdjust/v20260512/tasmaxAdjust_EUR-11_MOHC-HadGEM2-ES_rcp45_r1i1p1_CLMcom-CCLM4-8-17_SBCK-CDFt-ERA5-1976-2005_day_20060101-20991130.nc,CLMcom_MOHC-HadGEM2-ES_rcp45_r1i1p1_CLMcom-CCLM4-8-17_SBCK-CDFt-ERA5-1976-2005_day_tasmaxAdjust_v20260512,360_day,90,9.002032984208606
966,2066,2,90,81674256.04971151,48.0,90.0,3383162.635899935,6625222.785267611,40837128.02485576,80970596.90446733,3.2087416533975417,5.969429480970704,38.0707106050092,40.32484432419416,/bdd/CORDEX-Adjust/bias-adjusted-output/EUR-11/CLMcom/MOHC-HadGEM2-ES/rcp45/r1i1p1/CLMcom-CCLM4-8-17/SBCK-CDFt-ERA5-1976-2005/day/tasmaxAdjust/v20260512/tasmaxAdjust_EUR-11_MOHC-HadGEM2-ES_rcp45_r1i1p1_CLMcom-CCLM4-8-17_SBCK-CDFt-ERA5-1976-2005_day_20060101-20991130.nc,CLMcom_MOHC-HadGEM2-ES_rcp45_r1i1p1_CLMcom-CCLM4-8-17_SBCK-CDFt-ERA5-1976-2005_day_tasmaxAdjust_v20260512,360_day,90,10.580775064690068
967,2067,7,90,116927206.80322544,22.857142857142858,90.0,1234546.1869866254,7123961.024882204,16703886.686175063,109420905.22767992,4.3968631171628765,8.091111977485744,135.4505912594238,597.3446047193721,/bdd/CORDEX-Adjust/bias-adjusted-output/EUR-11/CLMcom/MOHC-HadGEM2-ES/rcp45/r1i1p1/CLMcom-CCLM4-8-17/SBCK-CDFt-ERA5-1976-2005/day/tasmaxAdjust/v20260512/tasmaxAdjust_EUR-11_MOHC-HadGEM2-ES_rcp45_r1i1p1_CLMcom-CCLM4-8-17_SBCK-CDFt-ERA5-1976-2005_day_20060101-20991130.nc,CLMcom_MOHC-HadGEM2-ES_rcp45_r1i1p1_CLMcom-CCLM4-8-17_SBCK-CDFt-ERA5-1976-2005_day_tasmaxAdjust_v20260512,360_day,90,15.147740964722217
968,2068,2,90,58600557.806545615,48.0,90.0,2457472.320943204,4789784.707143744,29300278.903272808,58094176.121944,7.296203203358683,9.336064978054068,435.89194829842296,840.2458480248662,/bdd/CORDEX-Adjust/bias-adjusted-output/EUR-11/CLMcom/MOHC-HadGEM2-ES/rcp45/r1i1p1/CLMcom-CCLM4-8-17/SBCK-CDFt-ERA5-1976-2005/day/tasmaxAdjust/v20260512/tasmaxAdjust_EUR-11_MOHC-HadGEM2-ES_rcp45_r1i1p1_CLMcom-CCLM4-8-17_SBCK-CDFt-ERA5-1976-2005_day_20060101-20991130.nc,CLMcom_MOHC-HadGEM2-ES_rcp45_r1i1p1_CLMcom-CCLM4-8-17_SBCK-CDFt-ERA5-1976-2005_day_tasmaxAdjust_v20260512,360_day,90,7.59161271623994
969,2069,2,90,78984689.66232614,47.5,90.0,3524258.7496846654,6842017.3573675705,39492344.83116307,78085550.21844889,5.721002018992477,6.6926100237141615,230.4542557014712,427.44546128437145,/bdd/CORDEX-Adjust/bias-adjusted-output/EUR-11/CLMcom/MOHC-HadGEM2-ES/rcp45/r1i1p1/CLMcom-CCLM4-8-17/SBCK-CDFt-ERA5-1976-2005/day/tasmaxAdjust/v20260512/tasmaxAdjust_EUR-11_MOHC-HadGEM2-ES_rcp45_r1i1p1_CLMcom-CCLM4-8-17_SBCK-CDFt-ERA5-1976-2005_day_20060101-20991130.nc,CLMcom_MOHC-HadGEM2-ES_rcp45_r1i1p1_CLMcom-CCLM4-8-17_SBCK-CDFt-ERA5-1976-2005_day_tasmaxAdjust_v20260512,360_day,90,10.23234584913462
970,2070,1,90,96332863.73025648,90.0,90.0,6376914.393443741,6376914.393443741,96332863.73025648,96332863.73025648,10.362759524130858,10.362759524130858,932.6483571717772,932.6483571717772,/bdd/CORDEX-Adjust/bias-adjusted-output/EUR-11/CLMcom/MOHC-HadGEM2-ES/rcp45/r1i1p1/CLMcom-CCLM4-8-17/SBCK-CDFt-ERA5-1976-2005/day/tasmaxAdjust/v20260512/tasmaxAdjust_EUR-11_MOHC-HadGEM2-ES_rcp45_r1i1p1_CLMcom-CCLM4-8-17_SBCK-CDFt-ERA5-1976-2005_day_20060101-20991130.nc,CLMcom_MOHC-HadGEM2-ES_rcp45_r1i1p1_CLMcom-CCLM4-8-17_SBCK-CDFt-ERA5-1976-2005_day_tasmaxAdjust_v20260512,360_day,90,12.479775289864843
971,2071,2,90,68822769.15077585,52.5,90.0,2293229.8869070886,4077670.6017551823,34411384.575387925,65492831.32363021,8.007484822056508,13.996363167340537,195.8100152098156,209.94544751010804,/bdd/CORDEX-Adjust/bias-adjusted-output/EUR-11/CLMcom/MOHC-HadGEM2-ES/rcp45/r1i1p1/CLMcom-CCLM4-8-17/SBCK-CDFt-ERA5-1976-2005/day/tasmaxAdjust/v20260512/tasmaxAdjust_EUR-11_MOHC-HadGEM2-ES_rcp45_r1i1p1_CLMcom-CCLM4-8-17_SBCK-CDFt-ERA5-1976-2005_day_20060101-20991130.nc,CLMcom_MOHC-HadGEM2-ES_rcp45_r1i1p1_CLMcom-CCLM4-8-17_SBCK-CDFt-ERA5-1976-2005_day_tasmaxAdjust_v20260512,360_day,90,8.91588457530887
972,2072,2,90,123490482.28401844,49.5,90.0,2743992.9336390817,5399227.539311498,61745241.14200922,123133087.01304942,1.6334936002749427,2.4062184932683466,112.15329137984251,216.5596643941512,/bdd/CORDEX-Adjust/bias-adjusted-output/EUR-11/CLMcom/MOHC-HadGEM2-ES/rcp45/r1i1p1/CLMcom-CCLM4-8-17/SBCK-CDFt-ERA5-1976-2005/day/tasmaxAdjust/v20260512/tasmaxAdjust_EUR-11_MOHC-HadGEM2-ES_rcp45_r1i1p1_CLMcom-CCLM4-8-17_SBCK-CDFt-ERA5-1976-2005_day_20060101-20991130.nc,CLMcom_MOHC-HadGEM2-ES_rcp45_r1i1p1_CLMcom-CCLM4-8-17_SBCK-CDFt-ERA5-1976-2005_day_tasmaxAdjust_v20260512,360_day,90,15.998003273908095
973,2073,3,90,75589282.49346687,36.66666666666666,90.0,1911687.3678996384,5431965.219312259,25196427.49782229,74096074.03038824,6.434726616433579,10.248793705498109,336.8504006086927,922.3914334948298,/bdd/CORDEX-Adjust/bias-adjusted-output/EUR-11/CLMcom/MOHC-HadGEM2-ES/rcp45/r1i1p1/CLMcom-CCLM4-8-17/SBCK-CDFt-ERA5-1976-2005/day/tasmaxAdjust/v20260512/tasmaxAdjust_EUR-11_MOHC-HadGEM2-ES_rcp45_r1i1p1_CLMcom-CCLM4-8-17_SBCK-CDFt-ERA5-1976-2005_day_20060101-20991130.nc,CLMcom_MOHC-HadGEM2-ES_rcp45_r1i1p1_CLMcom-CCLM4-8-17_SBCK-CDFt-ERA5-1976-2005_day_tasmaxAdjust_v20260512,360_day,90,9.79247603893556
974,2074,4,90,92502279.8533259,28.0,90.0,1587310.4876507202,5628243.187436044,23125569.96333148,89473253.8627207,4.708454297094747,10.036093296837592,163.47696369670473,515.0232770094852,/bdd/CORDEX-Adjust/bias-adjusted-output/EUR-11/CLMcom/MOHC-HadGEM2-ES/rcp45/r1i1p1/CLMcom-CCLM4-8-17/SBCK-CDFt-ERA5-1976-2005/day/tasmaxAdjust/v20260512/tasmaxAdjust_EUR-11_MOHC-HadGEM2-ES_rcp45_r1i1p1_CLMcom-CCLM4-8-17_SBCK-CDFt-ERA5-1976-2005_day_20060101-20991130.nc,CLMcom_MOHC-HadGEM2-ES_rcp45_r1i1p1_CLMcom-CCLM4-8-17_SBCK-CDFt-ERA5-1976-2005_day_tasmaxAdjust_v20260512,360_day,90,11.983529002129309
975,2075,1,90,63480043.47827096,90.0,90.0,5492355.00502228,5492355.00502228,63480043.47827096,63480043.47827096,6.463386559433389,6.463386559433389,581.7047903490051,581.7047903490051,/bdd/CORDEX-Adjust/bias-adjusted-output/EUR-11/CLMcom/MOHC-HadGEM2-ES/rcp45/r1i1p1/CLMcom-CCLM4-8-17/SBCK-CDFt-ERA5-1976-2005/day/tasmaxAdjust/v20260512/tasmaxAdjust_EUR-11_MOHC-HadGEM2-ES_rcp45_r1i1p1_CLMcom-CCLM4-8-17_SBCK-CDFt-ERA5-1976-2005_day_20060101-20991130.nc,CLMcom_MOHC-HadGEM2-ES_rcp45_r1i1p1_CLMcom-CCLM4-8-17_SBCK-CDFt-ERA5-1976-2005_day_tasmaxAdjust_v20260512,360_day,90,8.22374262866277
976,2076,1,90,77483666.25762732,90.0,90.0,5667986.022626969,5667986.022626969,77483666.25762732,77483666.25762732,5.1035507735516354,5.1035507735516354,459.3195696196472,459.3195696196472,/bdd/CORDEX-Adjust/bias-adjusted-output/EUR-11/CLMcom/MOHC-HadGEM2-ES/rcp45/r1i1p1/CLMcom-CCLM4-8-17/SBCK-CDFt-ERA5-1976-2005/day/tasmaxAdjust/v20260512/tasmaxAdjust_EUR-11_MOHC-HadGEM2-ES_rcp45_r1i1p1_CLMcom-CCLM4-8-17_SBCK-CDFt-ERA5-1976-2005_day_20060101-20991130.nc,CLMcom_MOHC-HadGEM2-ES_rcp45_r1i1p1_CLMcom-CCLM4-8-17_SBCK-CDFt-ERA5-1976-2005_day_tasmaxAdjust_v20260512,360_day,90,10.037890560771947
977,2077,1,90,107322408.72657828,90.0,90.0,7755179.255848883,7755179.255848883,107322408.72657828,107322408.72657828,5.652785795374835,5.652785795374835,508.7507215837351,508.7507215837351,/bdd/CORDEX-Adjust/bias-adjusted-output/EUR-11/CLMcom/MOHC-HadGEM2-ES/rcp45/r1i1p1/CLMcom-CCLM4-8-17/SBCK-CDFt-ERA5-1976-2005/day/tasmaxAdjust/v20260512/tasmaxAdjust_EUR-11_MOHC-HadGEM2-ES_rcp45_r1i1p1_CLMcom-CCLM4-8-17_SBCK-CDFt-ERA5-1976-2005_day_20060101-20991130.nc,CLMcom_MOHC-HadGEM2-ES_rcp45_r1i1p1_CLMcom-CCLM4-8-17_SBCK-CDFt-ERA5-1976-2005_day_tasmaxAdjust_v20260512,360_day,90,13.903454050998558
978,2078,2,90,143746442.2068176,48.5,90.0,4018352.7293570447,7651467.346765298,71873221.1034088,141780325.77188653,6.39992684188497,11.055216408238962,117.20193482773044,157.01735479778813,/bdd/CORDEX-Adjust/bias-adjusted-output/EUR-11/CLMcom/MOHC-HadGEM2-ES/rcp45/r1i1p1/CLMcom-CCLM4-8-17/SBCK-CDFt-ERA5-1976-2005/day/tasmaxAdjust/v20260512/tasmaxAdjust_EUR-11_MOHC-HadGEM2-ES_rcp45_r1i1p1_CLMcom-CCLM4-8-17_SBCK-CDFt-ERA5-1976-2005_day_20060101-20991130.nc,CLMcom_MOHC-HadGEM2-ES_rcp45_r1i1p1_CLMcom-CCLM4-8-17_SBCK-CDFt-ERA5-1976-2005_day_tasmaxAdjust_v20260512,360_day,90,18.622131928744757
979,2079,4,90,51754899.635489926,26.75,90.0,1267974.5670750935,4583882.574668439,12938724.90887248,49724933.32258398,4.653128602352972,12.887361861189133,299.35622338562985,1159.8625675070218,/bdd/CORDEX-Adjust/bias-adjusted-output/EUR-11/CLMcom/MOHC-HadGEM2-ES/rcp45/r1i1p1/CLMcom-CCLM4-8-17/SBCK-CDFt-ERA5-1976-2005/day/tasmaxAdjust/v20260512/tasmaxAdjust_EUR-11_MOHC-HadGEM2-ES_rcp45_r1i1p1_CLMcom-CCLM4-8-17_SBCK-CDFt-ERA5-1976-2005_day_20060101-20991130.nc,CLMcom_MOHC-HadGEM2-ES_rcp45_r1i1p1_CLMcom-CCLM4-8-17_SBCK-CDFt-ERA5-1976-2005_day_tasmaxAdjust_v20260512,360_day,90,6.704768161039932
980,2080,1,90,73414672.3521463,90.0,90.0,4754248.344167523,4754248.344167523,73414672.3521463,73414672.3521463,1.755317970065264,1.755317970065264,157.97861730587377,157.97861730587377,/bdd/CORDEX-Adjust/bias-adjusted-output/EUR-11/CLMcom/MOHC-HadGEM2-ES/rcp45/r1i1p1/CLMcom-CCLM4-8-17/SBCK-CDFt-ERA5-1976-2005/day/tasmaxAdjust/v20260512/tasmaxAdjust_EUR-11_MOHC-HadGEM2-ES_rcp45_r1i1p1_CLMcom-CCLM4-8-17_SBCK-CDFt-ERA5-1976-2005_day_20060101-20991130.nc,CLMcom_MOHC-HadGEM2-ES_rcp45_r1i1p1_CLMcom-CCLM4-8-17_SBCK-CDFt-ERA5-1976-2005_day_tasmaxAdjust_v20260512,360_day,90,9.510758618152416
981,2081,2,90,78812425.29096095,49.5,90.0,2750744.8547308147,5028271.095289176,39406212.64548048,76302716.99092399,5.495892795414019,7.842477004180176,367.0833538280233,705.8229303762158,/bdd/CORDEX-Adjust/bias-adjusted-output/EUR-11/CLMcom/MOHC-HadGEM2-ES/rcp45/r1i1p1/CLMcom-CCLM4-8-17/SBCK-CDFt-ERA5-1976-2005/day/tasmaxAdjust/v20260512/tasmaxAdjust_EUR-11_MOHC-HadGEM2-ES_rcp45_r1i1p1_CLMcom-CCLM4-8-17_SBCK-CDFt-ERA5-1976-2005_day_20060101-20991130.nc,CLMcom_MOHC-HadGEM2-ES_rcp45_r1i1p1_CLMcom-CCLM4-8-17_SBCK-CDFt-ERA5-1976-2005_day_tasmaxAdjust_v20260512,360_day,90,10.210029263061697
982,2082,3,90,100202846.01871409,35.0,90.0,2593627.1828265614,7532937.56289451,33400948.672904696,98991805.82279272,4.392854132872032,5.089158400028379,143.63527960373978,361.6988786250487,/bdd/CORDEX-Adjust/bias-adjusted-output/EUR-11/CLMcom/MOHC-HadGEM2-ES/rcp45/r1i1p1/CLMcom-CCLM4-8-17/SBCK-CDFt-ERA5-1976-2005/day/tasmaxAdjust/v20260512/tasmaxAdjust_EUR-11_MOHC-HadGEM2-ES_rcp45_r1i1p1_CLMcom-CCLM4-8-17_SBCK-CDFt-ERA5-1976-2005_day_20060101-20991130.nc,CLMcom_MOHC-HadGEM2-ES_rcp45_r1i1p1_CLMcom-CCLM4-8-17_SBCK-CDFt-ERA5-1976-2005_day_tasmaxAdjust_v20260512,360_day,90,12.981125581608934
983,2083,2,90,100123711.44917552,50.0,90.0,3359768.102652111,6633941.30989984,50061855.72458776,99776555.83472729,7.067989059240905,14.004601939063074,630.8639681549321,1260.414174515677,/bdd/CORDEX-Adjust/bias-adjusted-output/EUR-11/CLMcom/MOHC-HadGEM2-ES/rcp45/r1i1p1/CLMcom-CCLM4-8-17/SBCK-CDFt-ERA5-1976-2005/day/tasmaxAdjust/v20260512/tasmaxAdjust_EUR-11_MOHC-HadGEM2-ES_rcp45_r1i1p1_CLMcom-CCLM4-8-17_SBCK-CDFt-ERA5-1976-2005_day_20060101-20991130.nc,CLMcom_MOHC-HadGEM2-ES_rcp45_r1i1p1_CLMcom-CCLM4-8-17_SBCK-CDFt-ERA5-1976-2005_day_tasmaxAdjust_v20260512,360_day,90,12.970873819050865
984,2084,3,90,72699371.5877761,34.333333333333336,90.0,2293144.406610806,6482457.186757583,24233123.86259203,71050967.81441508,7.992689005524255,14.362145050636276,312.4659832562686,834.8222170914995,/bdd/CORDEX-Adjust/bias-adjusted-output/EUR-11/CLMcom/MOHC-HadGEM2-ES/rcp45/r1i1p1/CLMcom-CCLM4-8-17/SBCK-CDFt-ERA5-1976-2005/day/tasmaxAdjust/v20260512/tasmaxAdjust_EUR-11_MOHC-HadGEM2-ES_rcp45_r1i1p1_CLMcom-CCLM4-8-17_SBCK-CDFt-ERA5-1976-2005_day_20060101-20991130.nc,CLMcom_MOHC-HadGEM2-ES_rcp45_r1i1p1_CLMcom-CCLM4-8-17_SBCK-CDFt-ERA5-1976-2005_day_tasmaxAdjust_v20260512,360_day,90,9.4180924971804
985,2085,4,90,42533805.54044685,30.5,90.0,1130361.5229685174,3884412.424186999,10633451.385111712,39518178.95250191,12.61305408852163,28.35018969542564,407.7660413321714,1303.0560911209996,/bdd/CORDEX-Adjust/bias-adjusted-output/EUR-11/CLMcom/MOHC-HadGEM2-ES/rcp45/r1i1p1/CLMcom-CCLM4-8-17/SBCK-CDFt-ERA5-1976-2005/day/tasmaxAdjust/v20260512/tasmaxAdjust_EUR-11_MOHC-HadGEM2-ES_rcp45_r1i1p1_CLMcom-CCLM4-8-17_SBCK-CDFt-ERA5-1976-2005_day_20060101-20991130.nc,CLMcom_MOHC-HadGEM2-ES_rcp45_r1i1p1_CLMcom-CCLM4-8-17_SBCK-CDFt-ERA5-1976-2005_day_tasmaxAdjust_v20260512,360_day,90,5.510189511794468
986,2086,2,90,50354177.383677736,49.0,90.0,2447373.370904977,4799851.563587111,25177088.691838868,49904067.41029413,8.946507762685153,11.976802890868242,562.6209806270792,1077.912260178142,/bdd/CORDEX-Adjust/bias-adjusted-output/EUR-11/CLMcom/MOHC-HadGEM2-ES/rcp45/r1i1p1/CLMcom-CCLM4-8-17/SBCK-CDFt-ERA5-1976-2005/day/tasmaxAdjust/v20260512/tasmaxAdjust_EUR-11_MOHC-HadGEM2-ES_rcp45_r1i1p1_CLMcom-CCLM4-8-17_SBCK-CDFt-ERA5-1976-2005_day_20060101-20991130.nc,CLMcom_MOHC-HadGEM2-ES_rcp45_r1i1p1_CLMcom-CCLM4-8-17_SBCK-CDFt-ERA5-1976-2005_day_tasmaxAdjust_v20260512,360_day,90,6.523306733763384
987,2087,1,90,92434313.51160333,90.0,90.0,6158926.676332207,6158926.676332207,92434313.51160333,92434313.51160333,9.710343703423884,9.710343703423884,873.9309333081495,873.9309333081495,/bdd/CORDEX-Adjust/bias-adjusted-output/EUR-11/CLMcom/MOHC-HadGEM2-ES/rcp45/r1i1p1/CLMcom-CCLM4-8-17/SBCK-CDFt-ERA5-1976-2005/day/tasmaxAdjust/v20260512/tasmaxAdjust_EUR-11_MOHC-HadGEM2-ES_rcp45_r1i1p1_CLMcom-CCLM4-8-17_SBCK-CDFt-ERA5-1976-2005_day_20060101-20991130.nc,CLMcom_MOHC-HadGEM2-ES_rcp45_r1i1p1_CLMcom-CCLM4-8-17_SBCK-CDFt-ERA5-1976-2005_day_tasmaxAdjust_v20260512,360_day,90,11.974724066418615
988,2088,3,90,128244924.9739617,35.0,90.0,2806442.3238939024,7603776.01787509,42748308.3246539,124596579.33526352,12.920629599505745,31.04483426243472,275.3193882380312,535.9846383596637,/bdd/CORDEX-Adjust/bias-adjusted-output/EUR-11/CLMcom/MOHC-HadGEM2-ES/rcp45/r1i1p1/CLMcom-CCLM4-8-17/SBCK-CDFt-ERA5-1976-2005/day/tasmaxAdjust/v20260512/tasmaxAdjust_EUR-11_MOHC-HadGEM2-ES_rcp45_r1i1p1_CLMcom-CCLM4-8-17_SBCK-CDFt-ERA5-1976-2005_day_20060101-20991130.nc,CLMcom_MOHC-HadGEM2-ES_rcp45_r1i1p1_CLMcom-CCLM4-8-17_SBCK-CDFt-ERA5-1976-2005_day_tasmaxAdjust_v20260512,360_day,90,16.61393405911942
989,2089,6,90,93098270.1188836,27.0,90.0,1345243.4883521,5641142.390527785,15516378.353147266,77254710.29317279,8.506582126782716,28.761227732350097,220.9008488664698,632.7470101117021,/bdd/CORDEX-Adjust/bias-adjusted-output/EUR-11/CLMcom/MOHC-HadGEM2-ES/rcp45/r1i1p1/CLMcom-CCLM4-8-17/SBCK-CDFt-ERA5-1976-2005/day/tasmaxAdjust/v20260512/tasmaxAdjust_EUR-11_MOHC-HadGEM2-ES_rcp45_r1i1p1_CLMcom-CCLM4-8-17_SBCK-CDFt-ERA5-1976-2005_day_20060101-20991130.nc,CLMcom_MOHC-HadGEM2-ES_rcp45_r1i1p1_CLMcom-CCLM4-8-17_SBCK-CDFt-ERA5-1976-2005_day_tasmaxAdjust_v20260512,360_day,90,12.060738630298712
990,2090,1,90,169035368.5013371,90.0,90.0,7717876.321768921,7717876.321768921,169035368.5013371,169035368.5013371,6.67565860463814,6.67565860463814,600.8092744174326,600.8092744174326,/bdd/CORDEX-Adjust/bias-adjusted-output/EUR-11/CLMcom/MOHC-HadGEM2-ES/rcp45/r1i1p1/CLMcom-CCLM4-8-17/SBCK-CDFt-ERA5-1976-2005/day/tasmaxAdjust/v20260512/tasmaxAdjust_EUR-11_MOHC-HadGEM2-ES_rcp45_r1i1p1_CLMcom-CCLM4-8-17_SBCK-CDFt-ERA5-1976-2005_day_20060101-20991130.nc,CLMcom_MOHC-HadGEM2-ES_rcp45_r1i1p1_CLMcom-CCLM4-8-17_SBCK-CDFt-ERA5-1976-2005_day_tasmaxAdjust_v20260512,360_day,90,21.89827368615452
991,2091,1,90,236834656.44824344,90.0,90.0,8370494.568588411,8370494.568588411,236834656.44824344,236834656.44824344,0.5694210852022596,0.5694210852022596,51.24789766820337,51.24789766820337,/bdd/CORDEX-Adjust/bias-adjusted-output/EUR-11/CLMcom/MOHC-HadGEM2-ES/rcp45/r1i1p1/CLMcom-CCLM4-8-17/SBCK-CDFt-ERA5-1976-2005/day/tasmaxAdjust/v20260512/tasmaxAdjust_EUR-11_MOHC-HadGEM2-ES_rcp45_r1i1p1_CLMcom-CCLM4-8-17_SBCK-CDFt-ERA5-1976-2005_day_20060101-20991130.nc,CLMcom_MOHC-HadGEM2-ES_rcp45_r1i1p1_CLMcom-CCLM4-8-17_SBCK-CDFt-ERA5-1976-2005_day_tasmaxAdjust_v20260512,360_day,90,30.681567835485218
992,2092,1,90,82374271.3844035,90.0,90.0,6601080.034573924,6601080.034573924,82374271.3844035,82374271.3844035,2.962453372264461,2.962453372264461,266.62080350380154,266.62080350380154,/bdd/CORDEX-Adjust/bias-adjusted-output/EUR-11/CLMcom/MOHC-HadGEM2-ES/rcp45/r1i1p1/CLMcom-CCLM4-8-17/SBCK-CDFt-ERA5-1976-2005/day/tasmaxAdjust/v20260512/tasmaxAdjust_EUR-11_MOHC-HadGEM2-ES_rcp45_r1i1p1_CLMcom-CCLM4-8-17_SBCK-CDFt-ERA5-1976-2005_day_20060101-20991130.nc,CLMcom_MOHC-HadGEM2-ES_rcp45_r1i1p1_CLMcom-CCLM4-8-17_SBCK-CDFt-ERA5-1976-2005_day_tasmaxAdjust_v20260512,360_day,90,10.671460981604957
993,2093,1,90,148404365.25163186,90.0,90.0,8084255.560785353,8084255.560785353,148404365.25163186,148404365.25163186,2.795237646671296,2.795237646671296,251.5713882004166,251.5713882004166,/bdd/CORDEX-Adjust/bias-adjusted-output/EUR-11/CLMcom/MOHC-HadGEM2-ES/rcp45/r1i1p1/CLMcom-CCLM4-8-17/SBCK-CDFt-ERA5-1976-2005/day/tasmaxAdjust/v20260512/tasmaxAdjust_EUR-11_MOHC-HadGEM2-ES_rcp45_r1i1p1_CLMcom-CCLM4-8-17_SBCK-CDFt-ERA5-1976-2005_day_20060101-20991130.nc,CLMcom_MOHC-HadGEM2-ES_rcp45_r1i1p1_CLMcom-CCLM4-8-17_SBCK-CDFt-ERA5-1976-2005_day_tasmaxAdjust_v20260512,360_day,90,19.22555874142143
994,2094,3,90,127346323.4869597,35.0,90.0,2421113.4103855644,6514573.531597362,42448774.495653234,124237785.86686786,5.892687595264616,8.036154891591154,269.7117572504173,723.2539402432038,/bdd/CORDEX-Adjust/bias-adjusted-output/EUR-11/CLMcom/MOHC-HadGEM2-ES/rcp45/r1i1p1/CLMcom-CCLM4-8-17/SBCK-CDFt-ERA5-1976-2005/day/tasmaxAdjust/v20260512/tasmaxAdjust_EUR-11_MOHC-HadGEM2-ES_rcp45_r1i1p1_CLMcom-CCLM4-8-17_SBCK-CDFt-ERA5-1976-2005_day_20060101-20991130.nc,CLMcom_MOHC-HadGEM2-ES_rcp45_r1i1p1_CLMcom-CCLM4-8-17_SBCK-CDFt-ERA5-1976-2005_day_tasmaxAdjust_v20260512,360_day,90,16.497521609632553
995,2095,2,90,74514843.15078148,49.5,90.0,2351149.8218041435,4173531.9584491793,37257421.57539074,71627518.81646177,10.608731535982995,12.91126091529696,431.879771168943,747.5581941002134,/bdd/CORDEX-Adjust/bias-adjusted-output/EUR-11/CLMcom/MOHC-HadGEM2-ES/rcp45/r1i1p1/CLMcom-CCLM4-8-17/SBCK-CDFt-ERA5-1976-2005/day/tasmaxAdjust/v20260512/tasmaxAdjust_EUR-11_MOHC-HadGEM2-ES_rcp45_r1i1p1_CLMcom-CCLM4-8-17_SBCK-CDFt-ERA5-1976-2005_day_20060101-20991130.nc,CLMcom_MOHC-HadGEM2-ES_rcp45_r1i1p1_CLMcom-CCLM4-8-17_SBCK-CDFt-ERA5-1976-2005_day_tasmaxAdjust_v20260512,360_day,90,9.653284063942998
996,2096,1,90,70054824.44687402,90.0,90.0,3733013.980779282,3733013.980779282,70054824.44687402,70054824.44687402,12.29526734654256,12.29526734654256,1106.5740611888305,1106.5740611888305,/bdd/CORDEX-Adjust/bias-adjusted-output/EUR-11/CLMcom/MOHC-HadGEM2-ES/rcp45/r1i1p1/CLMcom-CCLM4-8-17/SBCK-CDFt-ERA5-1976-2005/day/tasmaxAdjust/v20260512/tasmaxAdjust_EUR-11_MOHC-HadGEM2-ES_rcp45_r1i1p1_CLMcom-CCLM4-8-17_SBCK-CDFt-ERA5-1976-2005_day_20060101-20991130.nc,CLMcom_MOHC-HadGEM2-ES_rcp45_r1i1p1_CLMcom-CCLM4-8-17_SBCK-CDFt-ERA5-1976-2005_day_tasmaxAdjust_v20260512,360_day,90,9.075495456212888
997,2097,1,90,99758671.35396264,90.0,90.0,5271705.310478432,5271705.310478432,99758671.35396264,99758671.35396264,10.39397309329004,10.39397309329004,935.4575783961036,935.4575783961036,/bdd/CORDEX-Adjust/bias-adjusted-output/EUR-11/CLMcom/MOHC-HadGEM2-ES/rcp45/r1i1p1/CLMcom-CCLM4-8-17/SBCK-CDFt-ERA5-1976-2005/day/tasmaxAdjust/v20260512/tasmaxAdjust_EUR-11_MOHC-HadGEM2-ES_rcp45_r1i1p1_CLMcom-CCLM4-8-17_SBCK-CDFt-ERA5-1976-2005_day_20060101-20991130.nc,CLMcom_MOHC-HadGEM2-ES_rcp45_r1i1p1_CLMcom-CCLM4-8-17_SBCK-CDFt-ERA5-1976-2005_day_tasmaxAdjust_v20260512,360_day,90,12.92358343253434
998,2098,2,90,148711784.37507582,49.0,90.0,4630287.184443811,8249041.00691663,74355892.18753791,144210970.51640302,16.942681805195097,26.76736678441588,427.3793243065077,640.6197143376884,/bdd/CORDEX-Adjust/bias-adjusted-output/EUR-11/CLMcom/MOHC-HadGEM2-ES/rcp45/r1i1p1/CLMcom-CCLM4-8-17/SBCK-CDFt-ERA5-1976-2005/day/tasmaxAdjust/v20260512/tasmaxAdjust_EUR-11_MOHC-HadGEM2-ES_rcp45_r1i1p1_CLMcom-CCLM4-8-17_SBCK-CDFt-ERA5-1976-2005_day_20060101-20991130.nc,CLMcom_MOHC-HadGEM2-ES_rcp45_r1i1p1_CLMcom-CCLM4-8-17_SBCK-CDFt-ERA5-1976-2005_day_tasmaxAdjust_v20260512,360_day,90,19.265384419095984
999,2099,2,90,65583918.98951194,89.5,90.0,2307102.869429409,3892702.874228713,32791959.49475597,59358823.51766494,4.699537594320862,4.8271359621219325,420.6724138756176,434.442236590974,/bdd/CORDEX-Adjust/bias-adjusted-output/EUR-11/CLMcom/MOHC-HadGEM2-ES/rcp45/r1i1p1/CLMcom-CCLM4-8-17/SBCK-CDFt-ERA5-1976-2005/day/tasmaxAdjust/v20260512/tasmaxAdjust_EUR-11_MOHC-HadGEM2-ES_rcp45_r1i1p1_CLMcom-CCLM4-8-17_SBCK-CDFt-ERA5-1976-2005_day_20060101-20991130.nc,CLMcom_MOHC-HadGEM2-ES_rcp45_r1i1p1_CLMcom-CCLM4-8-17_SBCK-CDFt-ERA5-1976-2005_day_tasmaxAdjust_v20260512,360_day,90,8.496296486208795
1250,1975,2,14,3783533.8216404193,7.0,9.0,391125.8457179297,708844.0536989922,1891766.9108202097,3470668.623141792,22.599493775359832,36.721055180119,186.43957923703715,330.48949662107094,/bdd/CORDEX-Adjust/bias-adjusted-output/EUR-11/ICTP/MPI-M-MPI-ESM-LR/historical/r1i1p1/ICTP-RegCM4-6/SBCK-CDFt-ERA5-1976-2005/day/tasmaxAdjust/v20260512/tasmaxAdjust_EUR-11_MPI-M-MPI-ESM-LR_historical_r1i1p1_ICTP-RegCM4-6_SBCK-CDFt-ERA5-1976-2005_day_19700101-20051231.nc,ICTP_MPI-M-MPI-ESM-LR_rcp85_r1i1p1_ICTP-RegCM4-6_SBCK-CDFt-ERA5-1976-2005_day_tasmaxAdjust_v20260512,noleap,92,0.47949556790538855
1251,1976,4,28,6115111.918826201,7.0,8.0,341980.1284069132,538880.3886913956,1528777.9797065502,2219761.4755872698,6.156327983257426,14.795564012825258,46.25536733863122,118.36451210260206,/bdd/CORDEX-Adjust/bias-adjusted-output/EUR-11/ICTP/MPI-M-MPI-ESM-LR/historical/r1i1p1/ICTP-RegCM4-6/SBCK-CDFt-ERA5-1976-2005/day/tasmaxAdjust/v20260512/tasmaxAdjust_EUR-11_MPI-M-MPI-ESM-LR_historical_r1i1p1_ICTP-RegCM4-6_SBCK-CDFt-ERA5-1976-2005_day_19700101-20051231.nc,ICTP_MPI-M-MPI-ESM-LR_rcp85_r1i1p1_ICTP-RegCM4-6_SBCK-CDFt-ERA5-1976-2005_day_tasmaxAdjust_v20260512,noleap,92,0.7749815914295923
1252,1977,1,9,1585414.0917896116,9.0,9.0,321537.98322692607,321537.98322692607,1585414.0917896116,1585414.0917896116,6.6402150551187145,6.6402150551187145,59.76193549606843,59.76193549606843,/bdd/CORDEX-Adjust/bias-adjusted-output/EUR-11/ICTP/MPI-M-MPI-ESM-LR/historical/r1i1p1/ICTP-RegCM4-6/SBCK-CDFt-ERA5-1976-2005/day/tasmaxAdjust/v20260512/tasmaxAdjust_EUR-11_MPI-M-MPI-ESM-LR_historical_r1i1p1_ICTP-RegCM4-6_SBCK-CDFt-ERA5-1976-2005_day_19700101-20051231.nc,ICTP_MPI-M-MPI-ESM-LR_rcp85_r1i1p1_ICTP-RegCM4-6_SBCK-CDFt-ERA5-1976-2005_day_tasmaxAdjust_v20260512,noleap,92,0.20092301698475834
1253,1978,4,26,6183344.793669425,9.0,13.0,316386.94409718714,759102.5528969087,1545836.1984173562,3831755.976816134,14.810352363309562,23.78572744951117,120.24701511739836,261.6430019446229,/bdd/CORDEX-Adjust/bias-adjusted-output/EUR-11/ICTP/MPI-M-MPI-ESM-LR/historical/r1i1p1/ICTP-RegCM4-6/SBCK-CDFt-ERA5-1976-2005/day/tasmaxAdjust/v20260512/tasmaxAdjust_EUR-11_MPI-M-MPI-ESM-LR_historical_r1i1p1_ICTP-RegCM4-6_SBCK-CDFt-ERA5-1976-2005_day_19700101-20051231.nc,ICTP_MPI-M-MPI-ESM-LR_rcp85_r1i1p1_ICTP-RegCM4-6_SBCK-CDFt-ERA5-1976-2005_day_tasmaxAdjust_v20260512,noleap,92,0.7836288938233592
1254,1979,2,13,1535254.0802486355,6.5,7.0,172635.2650067407,234374.4678685285,767627.0401243179,1076009.1639144882,3.934318392128631,5.247077937219741,24.916689776290543,31.48246762331845,/bdd/CORDEX-Adjust/bias-adjusted-output/EUR-11/ICTP/MPI-M-MPI-ESM-LR/historical/r1i1p1/ICTP-RegCM4-6/SBCK-CDFt-ERA5-1976-2005/day/tasmaxAdjust/v20260512/tasmaxAdjust_EUR-11_MPI-M-MPI-ESM-LR_historical_r1i1p1_ICTP-RegCM4-6_SBCK-CDFt-ERA5-1976-2005_day_19700101-20051231.nc,ICTP_MPI-M-MPI-ESM-LR_rcp85_r1i1p1_ICTP-RegCM4-6_SBCK-CDFt-ERA5-1976-2005_day_tasmaxAdjust_v20260512,noleap,92,0.19456612833150633
1255,1980,3,27,7661690.041441681,9.0,12.0,458873.1797434634,787780.0127174738,2553896.6804805603,4947515.747405476,9.49547637932275,21.975822174441177,83.1348841141693,175.80657739552942,/bdd/CORDEX-Adjust/bias-adjusted-output/EUR-11/ICTP/MPI-M-MPI-ESM-LR/historical/r1i1p1/ICTP-RegCM4-6/SBCK-CDFt-ERA5-1976-2005/day/tasmaxAdjust/v20260512/tasmaxAdjust_EUR-11_MPI-M-MPI-ESM-LR_historical_r1i1p1_ICTP-RegCM4-6_SBCK-CDFt-ERA5-1976-2005_day_19700101-20051231.nc,ICTP_MPI-M-MPI-ESM-LR_rcp85_r1i1p1_ICTP-RegCM4-6_SBCK-CDFt-ERA5-1976-2005_day_tasmaxAdjust_v20260512,noleap,92,0.9709828405718652
1256,1981,0,0,0.0,,,,,,,,,,,/bdd/CORDEX-Adjust/bias-adjusted-output/EUR-11/ICTP/MPI-M-MPI-ESM-LR/historical/r1i1p1/ICTP-RegCM4-6/SBCK-CDFt-ERA5-1976-2005/day/tasmaxAdjust/v20260512/tasmaxAdjust_EUR-11_MPI-M-MPI-ESM-LR_historical_r1i1p1_ICTP-RegCM4-6_SBCK-CDFt-ERA5-1976-2005_day_19700101-20051231.nc,ICTP_MPI-M-MPI-ESM-LR_rcp85_r1i1p1_ICTP-RegCM4-6_SBCK-CDFt-ERA5-1976-2005_day_tasmaxAdjust_v20260512,noleap,92,0.0
1257,1982,0,0,0.0,,,,,,,,,,,/bdd/CORDEX-Adjust/bias-adjusted-output/EUR-11/ICTP/MPI-M-MPI-ESM-LR/historical/r1i1p1/ICTP-RegCM4-6/SBCK-CDFt-ERA5-1976-2005/day/tasmaxAdjust/v20260512/tasmaxAdjust_EUR-11_MPI-M-MPI-ESM-LR_historical_r1i1p1_ICTP-RegCM4-6_SBCK-CDFt-ERA5-1976-2005_day_19700101-20051231.nc,ICTP_MPI-M-MPI-ESM-LR_rcp85_r1i1p1_ICTP-RegCM4-6_SBCK-CDFt-ERA5-1976-2005_day_tasmaxAdjust_v20260512,noleap,92,0.0
1258,1983,0,0,0.0,,,,,,,,,,,/bdd/CORDEX-Adjust/bias-adjusted-output/EUR-11/ICTP/MPI-M-MPI-ESM-LR/historical/r1i1p1/ICTP-RegCM4-6/SBCK-CDFt-ERA5-1976-2005/day/tasmaxAdjust/v20260512/tasmaxAdjust_EUR-11_MPI-M-MPI-ESM-LR_historical_r1i1p1_ICTP-RegCM4-6_SBCK-CDFt-ERA5-1976-2005_day_19700101-20051231.nc,ICTP_MPI-M-MPI-ESM-LR_rcp85_r1i1p1_ICTP-RegCM4-6_SBCK-CDFt-ERA5-1976-2005_day_tasmaxAdjust_v20260512,noleap,92,0.0
1259,1984,0,0,0.0,,,,,,,,,,,/bdd/CORDEX-Adjust/bias-adjusted-output/EUR-11/ICTP/MPI-M-MPI-ESM-LR/historical/r1i1p1/ICTP-RegCM4-6/SBCK-CDFt-ERA5-1976-2005/day/tasmaxAdjust/v20260512/tasmaxAdjust_EUR-11_MPI-M-MPI-ESM-LR_historical_r1i1p1_ICTP-RegCM4-6_SBCK-CDFt-ERA5-1976-2005_day_19700101-20051231.nc,ICTP_MPI-M-MPI-ESM-LR_rcp85_r1i1p1_ICTP-RegCM4-6_SBCK-CDFt-ERA5-1976-2005_day_tasmaxAdjust_v20260512,noleap,92,0.0
1260,1985,2,16,1653074.1632691897,8.0,9.0,186663.5236759309,277505.2357679538,826537.0816345948,1236230.2537195166,4.393898022900253,5.913716269629745,33.631365936472534,41.396013887408216,/bdd/CORDEX-Adjust/bias-adjusted-output/EUR-11/ICTP/MPI-M-MPI-ESM-LR/historical/r1i1p1/ICTP-RegCM4-6/SBCK-CDFt-ERA5-1976-2005/day/tasmaxAdjust/v20260512/tasmaxAdjust_EUR-11_MPI-M-MPI-ESM-LR_historical_r1i1p1_ICTP-RegCM4-6_SBCK-CDFt-ERA5-1976-2005_day_19700101-20051231.nc,ICTP_MPI-M-MPI-ESM-LR_rcp85_r1i1p1_ICTP-RegCM4-6_SBCK-CDFt-ERA5-1976-2005_day_tasmaxAdjust_v20260512,noleap,92,0.2094977267476417
1261,1986,5,48,7191155.982994083,11.0,15.0,262137.7361260385,710546.3168735963,1438231.196598817,4043638.0063517937,15.654049573375731,31.190052227389668,183.033179643447,405.4706789560657,/bdd/CORDEX-Adjust/bias-adjusted-output/EUR-11/ICTP/MPI-M-MPI-ESM-LR/historical/r1i1p1/ICTP-RegCM4-6/SBCK-CDFt-ERA5-1976-2005/day/tasmaxAdjust/v20260512/tasmaxAdjust_EUR-11_MPI-M-MPI-ESM-LR_historical_r1i1p1_ICTP-RegCM4-6_SBCK-CDFt-ERA5-1976-2005_day_19700101-20051231.nc,ICTP_MPI-M-MPI-ESM-LR_rcp85_r1i1p1_ICTP-RegCM4-6_SBCK-CDFt-ERA5-1976-2005_day_tasmaxAdjust_v20260512,noleap,92,0.9113510238074158
1262,1987,3,55,11350510.480495377,18.33333333333333,33.0,638872.1284554233,1085130.5629997111,3783503.493498458,6915513.638010304,8.387889406560932,16.591317127762824,213.9364424090976,547.5134652161732,/bdd/CORDEX-Adjust/bias-adjusted-output/EUR-11/ICTP/MPI-M-MPI-ESM-LR/historical/r1i1p1/ICTP-RegCM4-6/SBCK-CDFt-ERA5-1976-2005/day/tasmaxAdjust/v20260512/tasmaxAdjust_EUR-11_MPI-M-MPI-ESM-LR_historical_r1i1p1_ICTP-RegCM4-6_SBCK-CDFt-ERA5-1976-2005_day_19700101-20051231.nc,ICTP_MPI-M-MPI-ESM-LR_rcp85_r1i1p1_ICTP-RegCM4-6_SBCK-CDFt-ERA5-1976-2005_day_tasmaxAdjust_v20260512,noleap,92,1.438475173059638
1263,1988,5,27,6182855.123376995,7.4,14.0,243577.5592946442,574974.6982752136,1236571.024675399,3470342.075704589,6.509291785658431,11.276563351273545,56.42723609439672,156.61349237073017,/bdd/CORDEX-Adjust/bias-adjusted-output/EUR-11/ICTP/MPI-M-MPI-ESM-LR/historical/r1i1p1/ICTP-RegCM4-6/SBCK-CDFt-ERA5-1976-2005/day/tasmaxAdjust/v20260512/tasmaxAdjust_EUR-11_MPI-M-MPI-ESM-LR_historical_r1i1p1_ICTP-RegCM4-6_SBCK-CDFt-ERA5-1976-2005_day_19700101-20051231.nc,ICTP_MPI-M-MPI-ESM-LR_rcp85_r1i1p1_ICTP-RegCM4-6_SBCK-CDFt-ERA5-1976-2005_day_tasmaxAdjust_v20260512,noleap,92,0.7835668368295478
1264,1989,4,34,15246786.488289503,10.75,20.0,669180.9982371804,1403577.661158016,3811696.622072376,8810959.488439465,8.110869927318069,15.053739449416586,111.5273429472574,301.0747889883317,/bdd/CORDEX-Adjust/bias-adjusted-output/EUR-11/ICTP/MPI-M-MPI-ESM-LR/historical/r1i1p1/ICTP-RegCM4-6/SBCK-CDFt-ERA5-1976-2005/day/tasmaxAdjust/v20260512/tasmaxAdjust_EUR-11_MPI-M-MPI-ESM-LR_historical_r1i1p1_ICTP-RegCM4-6_SBCK-CDFt-ERA5-1976-2005_day_19700101-20051231.nc,ICTP_MPI-M-MPI-ESM-LR_rcp85_r1i1p1_ICTP-RegCM4-6_SBCK-CDFt-ERA5-1976-2005_day_tasmaxAdjust_v20260512,noleap,92,1.9322588063359418
1265,1990,4,32,5409288.517351083,8.0,10.0,269633.58042628824,288007.77113663725,1352322.1293377709,1756638.7613219973,9.062950550042109,21.83849119726069,81.13014406731463,218.3849119726069,/bdd/CORDEX-Adjust/bias-adjusted-output/EUR-11/ICTP/MPI-M-MPI-ESM-LR/historical/r1i1p1/ICTP-RegCM4-6/SBCK-CDFt-ERA5-1976-2005/day/tasmaxAdjust/v20260512/tasmaxAdjust_EUR-11_MPI-M-MPI-ESM-LR_historical_r1i1p1_ICTP-RegCM4-6_SBCK-CDFt-ERA5-1976-2005_day_19700101-20051231.nc,ICTP_MPI-M-MPI-ESM-LR_rcp85_r1i1p1_ICTP-RegCM4-6_SBCK-CDFt-ERA5-1976-2005_day_tasmaxAdjust_v20260512,noleap,92,0.6855310384054654
1266,1991,7,49,27516690.33280273,12.0,20.0,608850.3712140236,1403826.5654548355,3930955.761828962,8593282.950528508,8.848595603902627,20.695594846773023,112.86319572532123,289.7383278548224,/bdd/CORDEX-Adjust/bias-adjusted-output/EUR-11/ICTP/MPI-M-MPI-ESM-LR/historical/r1i1p1/ICTP-RegCM4-6/SBCK-CDFt-ERA5-1976-2005/day/tasmaxAdjust/v20260512/tasmaxAdjust_EUR-11_MPI-M-MPI-ESM-LR_historical_r1i1p1_ICTP-RegCM4-6_SBCK-CDFt-ERA5-1976-2005_day_19700101-20051231.nc,ICTP_MPI-M-MPI-ESM-LR_rcp85_r1i1p1_ICTP-RegCM4-6_SBCK-CDFt-ERA5-1976-2005_day_tasmaxAdjust_v20260512,noleap,92,3.48725072379118
1267,1992,4,35,4599069.782831082,9.0,10.0,229843.7447303288,366525.2952368996,1149767.4457077703,2001823.6774451868,22.46563899339221,33.90396021951969,219.79979896541732,339.0396021951969,/bdd/CORDEX-Adjust/bias-adjusted-output/EUR-11/ICTP/MPI-M-MPI-ESM-LR/historical/r1i1p1/ICTP-RegCM4-6/SBCK-CDFt-ERA5-1976-2005/day/tasmaxAdjust/v20260512/tasmaxAdjust_EUR-11_MPI-M-MPI-ESM-LR_historical_r1i1p1_ICTP-RegCM4-6_SBCK-CDFt-ERA5-1976-2005_day_19700101-20051231.nc,ICTP_MPI-M-MPI-ESM-LR_rcp85_r1i1p1_ICTP-RegCM4-6_SBCK-CDFt-ERA5-1976-2005_day_tasmaxAdjust_v20260512,noleap,92,0.5828502350744107
1268,1993,3,23,3697542.962583054,10.666666666666666,15.0,212576.6422723971,327668.5188516367,1232514.320861018,2144830.3185476363,12.93675283186868,25.7264230554634,165.0045899751618,385.89634583195095,/bdd/CORDEX-Adjust/bias-adjusted-output/EUR-11/ICTP/MPI-M-MPI-ESM-LR/historical/r1i1p1/ICTP-RegCM4-6/SBCK-CDFt-ERA5-1976-2005/day/tasmaxAdjust/v20260512/tasmaxAdjust_EUR-11_MPI-M-MPI-ESM-LR_historical_r1i1p1_ICTP-RegCM4-6_SBCK-CDFt-ERA5-1976-2005_day_19700101-20051231.nc,ICTP_MPI-M-MPI-ESM-LR_rcp85_r1i1p1_ICTP-RegCM4-6_SBCK-CDFt-ERA5-1976-2005_day_tasmaxAdjust_v20260512,noleap,92,0.46859775709091916
1269,1994,1,7,973273.7995903868,7.0,7.0,193660.9198684852,193660.9198684852,973273.7995903868,973273.7995903868,6.995553697801314,6.995553697801314,48.9688758846092,48.9688758846092,/bdd/CORDEX-Adjust/bias-adjusted-output/EUR-11/ICTP/MPI-M-MPI-ESM-LR/historical/r1i1p1/ICTP-RegCM4-6/SBCK-CDFt-ERA5-1976-2005/day/tasmaxAdjust/v20260512/tasmaxAdjust_EUR-11_MPI-M-MPI-ESM-LR_historical_r1i1p1_ICTP-RegCM4-6_SBCK-CDFt-ERA5-1976-2005_day_19700101-20051231.nc,ICTP_MPI-M-MPI-ESM-LR_rcp85_r1i1p1_ICTP-RegCM4-6_SBCK-CDFt-ERA5-1976-2005_day_tasmaxAdjust_v20260512,noleap,92,0.1233451305741705
1270,1995,3,28,7243377.221597493,9.333333333333334,14.0,464962.29306952114,1163171.7013361112,2414459.073865831,6104608.997205216,16.538635979993586,42.34358952510166,214.55139917205247,592.8102533514233,/bdd/CORDEX-Adjust/bias-adjusted-output/EUR-11/ICTP/MPI-M-MPI-ESM-LR/historical/r1i1p1/ICTP-RegCM4-6/SBCK-CDFt-ERA5-1976-2005/day/tasmaxAdjust/v20260512/tasmaxAdjust_EUR-11_MPI-M-MPI-ESM-LR_historical_r1i1p1_ICTP-RegCM4-6_SBCK-CDFt-ERA5-1976-2005_day_19700101-20051231.nc,ICTP_MPI-M-MPI-ESM-LR_rcp85_r1i1p1_ICTP-RegCM4-6_SBCK-CDFt-ERA5-1976-2005_day_tasmaxAdjust_v20260512,noleap,92,0.9179691363025774
1271,1996,3,17,7984362.139416197,8.0,9.0,553041.2997685887,1214029.3986425484,2661454.0464720656,5735553.609947817,16.315502732894338,34.7049608180182,120.60297839921144,242.93472572612745,/bdd/CORDEX-Adjust/bias-adjusted-output/EUR-11/ICTP/MPI-M-MPI-ESM-LR/historical/r1i1p1/ICTP-RegCM4-6/SBCK-CDFt-ERA5-1976-2005/day/tasmaxAdjust/v20260512/tasmaxAdjust_EUR-11_MPI-M-MPI-ESM-LR_historical_r1i1p1_ICTP-RegCM4-6_SBCK-CDFt-ERA5-1976-2005_day_19700101-20051231.nc,ICTP_MPI-M-MPI-ESM-LR_rcp85_r1i1p1_ICTP-RegCM4-6_SBCK-CDFt-ERA5-1976-2005_day_tasmaxAdjust_v20260512,noleap,92,1.0118757856753484
1272,1997,5,25,7573659.237105254,10.4,13.0,323094.7341827076,997466.4222976686,1514731.8474210508,4609638.906020609,22.89296755634615,89.7695985044263,268.8251084067585,1077.2351820531155,/bdd/CORDEX-Adjust/bias-adjusted-output/EUR-11/ICTP/MPI-M-MPI-ESM-LR/historical/r1i1p1/ICTP-RegCM4-6/SBCK-CDFt-ERA5-1976-2005/day/tasmaxAdjust/v20260512/tasmaxAdjust_EUR-11_MPI-M-MPI-ESM-LR_historical_r1i1p1_ICTP-RegCM4-6_SBCK-CDFt-ERA5-1976-2005_day_19700101-20051231.nc,ICTP_MPI-M-MPI-ESM-LR_rcp85_r1i1p1_ICTP-RegCM4-6_SBCK-CDFt-ERA5-1976-2005_day_tasmaxAdjust_v20260512,noleap,92,0.9598265030027293
1273,1998,2,8,867059.9962449464,7.5,8.0,88183.48091524007,102821.46292275887,433529.9981224732,480723.26731641655,1.5577306919815013,2.209360267902571,12.008794977821792,17.674882143220568,/bdd/CORDEX-Adjust/bias-adjusted-output/EUR-11/ICTP/MPI-M-MPI-ESM-LR/historical/r1i1p1/ICTP-RegCM4-6/SBCK-CDFt-ERA5-1976-2005/day/tasmaxAdjust/v20260512/tasmaxAdjust_EUR-11_MPI-M-MPI-ESM-LR_historical_r1i1p1_ICTP-RegCM4-6_SBCK-CDFt-ERA5-1976-2005_day_19700101-20051231.nc,ICTP_MPI-M-MPI-ESM-LR_rcp85_r1i1p1_ICTP-RegCM4-6_SBCK-CDFt-ERA5-1976-2005_day_tasmaxAdjust_v20260512,noleap,92,0.10988442152401802
1274,1999,4,32,3528101.371625421,8.25,11.0,177095.51985308088,331537.1632450189,882025.3429063553,1823690.9323527603,6.791383733524135,12.582996197847596,55.35217292946983,113.24696578062836,/bdd/CORDEX-Adjust/bias-adjusted-output/EUR-11/ICTP/MPI-M-MPI-ESM-LR/historical/r1i1p1/ICTP-RegCM4-6/SBCK-CDFt-ERA5-1976-2005/day/tasmaxAdjust/v20260512/tasmaxAdjust_EUR-11_MPI-M-MPI-ESM-LR_historical_r1i1p1_ICTP-RegCM4-6_SBCK-CDFt-ERA5-1976-2005_day_19700101-20051231.nc,ICTP_MPI-M-MPI-ESM-LR_rcp85_r1i1p1_ICTP-RegCM4-6_SBCK-CDFt-ERA5-1976-2005_day_tasmaxAdjust_v20260512,noleap,92,0.44712405136683586
1275,2000,5,58,22587510.805410106,12.6,21.0,696170.232014237,1390222.3704409432,4517502.161082021,10771813.908502745,15.32231174553768,24.98305436118186,189.6137107201075,340.19860959430105,/bdd/CORDEX-Adjust/bias-adjusted-output/EUR-11/ICTP/MPI-M-MPI-ESM-LR/historical/r1i1p1/ICTP-RegCM4-6/SBCK-CDFt-ERA5-1976-2005/day/tasmaxAdjust/v20260512/tasmaxAdjust_EUR-11_MPI-M-MPI-ESM-LR_historical_r1i1p1_ICTP-RegCM4-6_SBCK-CDFt-ERA5-1976-2005_day_19700101-20051231.nc,ICTP_MPI-M-MPI-ESM-LR_rcp85_r1i1p1_ICTP-RegCM4-6_SBCK-CDFt-ERA5-1976-2005_day_tasmaxAdjust_v20260512,noleap,92,2.86256495429276
1276,2001,4,35,12436186.773708511,8.75,13.0,618881.7877469312,1490692.253561303,3109046.693427128,7375013.954406569,15.085876049307414,34.333964857932614,161.612525831165,446.341543153124,/bdd/CORDEX-Adjust/bias-adjusted-output/EUR-11/ICTP/MPI-M-MPI-ESM-LR/historical/r1i1p1/ICTP-RegCM4-6/SBCK-CDFt-ERA5-1976-2005/day/tasmaxAdjust/v20260512/tasmaxAdjust_EUR-11_MPI-M-MPI-ESM-LR_historical_r1i1p1_ICTP-RegCM4-6_SBCK-CDFt-ERA5-1976-2005_day_19700101-20051231.nc,ICTP_MPI-M-MPI-ESM-LR_rcp85_r1i1p1_ICTP-RegCM4-6_SBCK-CDFt-ERA5-1976-2005_day_tasmaxAdjust_v20260512,noleap,92,1.5760653190226899
1277,2002,4,31,4603564.922769714,8.25,13.0,214640.03646576463,337091.9003061638,1150891.2306924283,2220465.3132382263,8.826444525940063,14.097005324151851,76.24960792255362,111.11054005673192,/bdd/CORDEX-Adjust/bias-adjusted-output/EUR-11/ICTP/MPI-M-MPI-ESM-LR/historical/r1i1p1/ICTP-RegCM4-6/SBCK-CDFt-ERA5-1976-2005/day/tasmaxAdjust/v20260512/tasmaxAdjust_EUR-11_MPI-M-MPI-ESM-LR_historical_r1i1p1_ICTP-RegCM4-6_SBCK-CDFt-ERA5-1976-2005_day_19700101-20051231.nc,ICTP_MPI-M-MPI-ESM-LR_rcp85_r1i1p1_ICTP-RegCM4-6_SBCK-CDFt-ERA5-1976-2005_day_tasmaxAdjust_v20260512,noleap,92,0.583419914051604
1278,2003,1,10,830839.9098220244,10.0,10.0,174519.4894175133,174519.4894175133,830839.9098220244,830839.9098220244,11.099131505838528,11.099131505838528,110.99131505838528,110.99131505838528,/bdd/CORDEX-Adjust/bias-adjusted-output/EUR-11/ICTP/MPI-M-MPI-ESM-LR/historical/r1i1p1/ICTP-RegCM4-6/SBCK-CDFt-ERA5-1976-2005/day/tasmaxAdjust/v20260512/tasmaxAdjust_EUR-11_MPI-M-MPI-ESM-LR_historical_r1i1p1_ICTP-RegCM4-6_SBCK-CDFt-ERA5-1976-2005_day_19700101-20051231.nc,ICTP_MPI-M-MPI-ESM-LR_rcp85_r1i1p1_ICTP-RegCM4-6_SBCK-CDFt-ERA5-1976-2005_day_tasmaxAdjust_v20260512,noleap,92,0.10529417025955032
1279,2004,6,51,11771538.925261617,9.333333333333334,14.0,373162.5042467636,685448.6112029944,1961923.1542102688,4479355.52672322,12.870290437436251,33.96960759263415,109.89969364847803,203.8176455558049,/bdd/CORDEX-Adjust/bias-adjusted-output/EUR-11/ICTP/MPI-M-MPI-ESM-LR/historical/r1i1p1/ICTP-RegCM4-6/SBCK-CDFt-ERA5-1976-2005/day/tasmaxAdjust/v20260512/tasmaxAdjust_EUR-11_MPI-M-MPI-ESM-LR_historical_r1i1p1_ICTP-RegCM4-6_SBCK-CDFt-ERA5-1976-2005_day_19700101-20051231.nc,ICTP_MPI-M-MPI-ESM-LR_rcp85_r1i1p1_ICTP-RegCM4-6_SBCK-CDFt-ERA5-1976-2005_day_tasmaxAdjust_v20260512,noleap,92,1.491833034451764
1280,2005,5,39,7403050.712485785,7.8,11.0,317082.0990052532,491250.275967554,1480610.142497157,2521030.744411032,11.013632247434243,21.90355188749191,78.24888554870165,149.53807203740948,/bdd/CORDEX-Adjust/bias-adjusted-output/EUR-11/ICTP/MPI-M-MPI-ESM-LR/historical/r1i1p1/ICTP-RegCM4-6/SBCK-CDFt-ERA5-1976-2005/day/tasmaxAdjust/v20260512/tasmaxAdjust_EUR-11_MPI-M-MPI-ESM-LR_historical_r1i1p1_ICTP-RegCM4-6_SBCK-CDFt-ERA5-1976-2005_day_19700101-20051231.nc,ICTP_MPI-M-MPI-ESM-LR_rcp85_r1i1p1_ICTP-RegCM4-6_SBCK-CDFt-ERA5-1976-2005_day_tasmaxAdjust_v20260512,noleap,92,0.9382049092075284
1281,2006,5,52,28974686.439918377,12.8,26.0,956957.6665047642,3706408.612168847,5794937.287983676,23869268.023800906,9.599097122050756,18.02724271344597,156.5777083600754,468.70831054959535,/bdd/CORDEX-Adjust/bias-adjusted-output/EUR-11/ICTP/MPI-M-MPI-ESM-LR/rcp85/r1i1p1/ICTP-RegCM4-6/SBCK-CDFt-ERA5-1976-2005/day/tasmaxAdjust/v20260512/tasmaxAdjust_EUR-11_MPI-M-MPI-ESM-LR_rcp85_r1i1p1_ICTP-RegCM4-6_SBCK-CDFt-ERA5-1976-2005_day_20060101-21001130.nc,ICTP_MPI-M-MPI-ESM-LR_rcp85_r1i1p1_ICTP-RegCM4-6_SBCK-CDFt-ERA5-1976-2005_day_tasmaxAdjust_v20260512,noleap,92,3.6720257791604887
1282,2007,6,52,13077312.105620569,10.166666666666666,17.0,432058.1954403364,1314975.5128284562,2179552.017603428,6044207.974184489,16.41901583856205,71.2066375924916,212.2229996171785,996.8929262948824,/bdd/CORDEX-Adjust/bias-adjusted-output/EUR-11/ICTP/MPI-M-MPI-ESM-LR/rcp85/r1i1p1/ICTP-RegCM4-6/SBCK-CDFt-ERA5-1976-2005/day/tasmaxAdjust/v20260512/tasmaxAdjust_EUR-11_MPI-M-MPI-ESM-LR_rcp85_r1i1p1_ICTP-RegCM4-6_SBCK-CDFt-ERA5-1976-2005_day_20060101-21001130.nc,ICTP_MPI-M-MPI-ESM-LR_rcp85_r1i1p1_ICTP-RegCM4-6_SBCK-CDFt-ERA5-1976-2005_day_tasmaxAdjust_v20260512,noleap,92,1.6573165433054997
1283,2008,4,40,26824761.15634813,13.5,20.0,983984.2656783368,2941297.599411851,6706190.289087033,21410073.98615608,9.584828056827948,24.613095133924897,157.33886566048642,492.261902678498,/bdd/CORDEX-Adjust/bias-adjusted-output/EUR-11/ICTP/MPI-M-MPI-ESM-LR/rcp85/r1i1p1/ICTP-RegCM4-6/SBCK-CDFt-ERA5-1976-2005/day/tasmaxAdjust/v20260512/tasmaxAdjust_EUR-11_MPI-M-MPI-ESM-LR_rcp85_r1i1p1_ICTP-RegCM4-6_SBCK-CDFt-ERA5-1976-2005_day_20060101-21001130.nc,ICTP_MPI-M-MPI-ESM-LR_rcp85_r1i1p1_ICTP-RegCM4-6_SBCK-CDFt-ERA5-1976-2005_day_tasmaxAdjust_v20260512,noleap,92,3.399561016481901
1284,2009,4,42,11415926.774773195,13.75,18.0,491365.7370105215,1505016.3787953309,2853981.6936933,8678589.233004663,10.70111236653816,21.54159403339404,143.2925656218211,344.66550453430466,/bdd/CORDEX-Adjust/bias-adjusted-output/EUR-11/ICTP/MPI-M-MPI-ESM-LR/rcp85/r1i1p1/ICTP-RegCM4-6/SBCK-CDFt-ERA5-1976-2005/day/tasmaxAdjust/v20260512/tasmaxAdjust_EUR-11_MPI-M-MPI-ESM-LR_rcp85_r1i1p1_ICTP-RegCM4-6_SBCK-CDFt-ERA5-1976-2005_day_20060101-21001130.nc,ICTP_MPI-M-MPI-ESM-LR_rcp85_r1i1p1_ICTP-RegCM4-6_SBCK-CDFt-ERA5-1976-2005_day_tasmaxAdjust_v20260512,noleap,92,1.446765523999704
1285,2010,5,27,13325233.522255884,9.8,14.0,431737.6598178316,1023638.880195478,2665046.704451177,6962065.485860107,4.846452297734633,9.340059631153308,44.7405747442739,69.51748543017924,/bdd/CORDEX-Adjust/bias-adjusted-output/EUR-11/ICTP/MPI-M-MPI-ESM-LR/rcp85/r1i1p1/ICTP-RegCM4-6/SBCK-CDFt-ERA5-1976-2005/day/tasmaxAdjust/v20260512/tasmaxAdjust_EUR-11_MPI-M-MPI-ESM-LR_rcp85_r1i1p1_ICTP-RegCM4-6_SBCK-CDFt-ERA5-1976-2005_day_20060101-21001130.nc,ICTP_MPI-M-MPI-ESM-LR_rcp85_r1i1p1_ICTP-RegCM4-6_SBCK-CDFt-ERA5-1976-2005_day_tasmaxAdjust_v20260512,noleap,92,1.6887361700537864
1286,2011,7,43,19900439.25340409,11.571428571428571,25.0,555747.3283810766,1767572.25918616,2842919.893343441,8843037.488500223,14.017121608365002,61.267363828555744,181.79561165477304,857.7430935997804,/bdd/CORDEX-Adjust/bias-adjusted-output/EUR-11/ICTP/MPI-M-MPI-ESM-LR/rcp85/r1i1p1/ICTP-RegCM4-6/SBCK-CDFt-ERA5-1976-2005/day/tasmaxAdjust/v20260512/tasmaxAdjust_EUR-11_MPI-M-MPI-ESM-LR_rcp85_r1i1p1_ICTP-RegCM4-6_SBCK-CDFt-ERA5-1976-2005_day_20060101-21001130.nc,ICTP_MPI-M-MPI-ESM-LR_rcp85_r1i1p1_ICTP-RegCM4-6_SBCK-CDFt-ERA5-1976-2005_day_tasmaxAdjust_v20260512,noleap,92,2.5220264628797473
1287,2012,7,44,7883805.418405028,10.0,15.0,235307.4947214576,570820.6643910294,1126257.916915004,2581139.831934024,18.234452399821983,36.704905610393226,189.4933639716815,342.0271962613053,/bdd/CORDEX-Adjust/bias-adjusted-output/EUR-11/ICTP/MPI-M-MPI-ESM-LR/rcp85/r1i1p1/ICTP-RegCM4-6/SBCK-CDFt-ERA5-1976-2005/day/tasmaxAdjust/v20260512/tasmaxAdjust_EUR-11_MPI-M-MPI-ESM-LR_rcp85_r1i1p1_ICTP-RegCM4-6_SBCK-CDFt-ERA5-1976-2005_day_20060101-21001130.nc,ICTP_MPI-M-MPI-ESM-LR_rcp85_r1i1p1_ICTP-RegCM4-6_SBCK-CDFt-ERA5-1976-2005_day_tasmaxAdjust_v20260512,noleap,92,0.999132011119357
1288,2013,8,65,32533592.576283548,10.75,18.0,596854.13396937,2776379.3244845485,4066699.072035444,21811265.94024076,11.053301797971406,14.255822398374317,115.03958359894452,207.07963798470104,/bdd/CORDEX-Adjust/bias-adjusted-output/EUR-11/ICTP/MPI-M-MPI-ESM-LR/rcp85/r1i1p1/ICTP-RegCM4-6/SBCK-CDFt-ERA5-1976-2005/day/tasmaxAdjust/v20260512/tasmaxAdjust_EUR-11_MPI-M-MPI-ESM-LR_rcp85_r1i1p1_ICTP-RegCM4-6_SBCK-CDFt-ERA5-1976-2005_day_20060101-21001130.nc,ICTP_MPI-M-MPI-ESM-LR_rcp85_r1i1p1_ICTP-RegCM4-6_SBCK-CDFt-ERA5-1976-2005_day_tasmaxAdjust_v20260512,noleap,92,4.123053786157005
1289,2014,7,58,15678454.135966197,10.0,17.0,394845.4260160939,1177776.5536840386,2239779.162280885,7574835.72002881,8.574971454984846,30.46983124012109,114.14198169676774,517.9871310820586,/bdd/CORDEX-Adjust/bias-adjusted-output/EUR-11/ICTP/MPI-M-MPI-ESM-LR/rcp85/r1i1p1/ICTP-RegCM4-6/SBCK-CDFt-ERA5-1976-2005/day/tasmaxAdjust/v20260512/tasmaxAdjust_EUR-11_MPI-M-MPI-ESM-LR_rcp85_r1i1p1_ICTP-RegCM4-6_SBCK-CDFt-ERA5-1976-2005_day_20060101-21001130.nc,ICTP_MPI-M-MPI-ESM-LR_rcp85_r1i1p1_ICTP-RegCM4-6_SBCK-CDFt-ERA5-1976-2005_day_tasmaxAdjust_v20260512,noleap,92,1.9869649973273513
1290,2015,10,70,18366247.740590934,12.1,35.0,339241.8126503477,766964.9134819466,1836624.774059093,3530672.603673847,12.210798983653278,41.8033240385583,136.4730116449138,585.2465365398162,/bdd/CORDEX-Adjust/bias-adjusted-output/EUR-11/ICTP/MPI-M-MPI-ESM-LR/rcp85/r1i1p1/ICTP-RegCM4-6/SBCK-CDFt-ERA5-1976-2005/day/tasmaxAdjust/v20260512/tasmaxAdjust_EUR-11_MPI-M-MPI-ESM-LR_rcp85_r1i1p1_ICTP-RegCM4-6_SBCK-CDFt-ERA5-1976-2005_day_20060101-21001130.nc,ICTP_MPI-M-MPI-ESM-LR_rcp85_r1i1p1_ICTP-RegCM4-6_SBCK-CDFt-ERA5-1976-2005_day_tasmaxAdjust_v20260512,noleap,92,2.327594996057807
1291,2016,4,36,11425043.703352315,10.0,12.0,461832.6025584203,756791.3948030833,2856260.92583808,5891050.770246049,12.071354013151351,24.70776326006527,120.2200010004632,247.0776326006527,/bdd/CORDEX-Adjust/bias-adjusted-output/EUR-11/ICTP/MPI-M-MPI-ESM-LR/rcp85/r1i1p1/ICTP-RegCM4-6/SBCK-CDFt-ERA5-1976-2005/day/tasmaxAdjust/v20260512/tasmaxAdjust_EUR-11_MPI-M-MPI-ESM-LR_rcp85_r1i1p1_ICTP-RegCM4-6_SBCK-CDFt-ERA5-1976-2005_day_20060101-21001130.nc,ICTP_MPI-M-MPI-ESM-LR_rcp85_r1i1p1_ICTP-RegCM4-6_SBCK-CDFt-ERA5-1976-2005_day_tasmaxAdjust_v20260512,noleap,92,1.4479209324228017
1292,2017,8,58,10018001.676340068,13.5,22.0,245613.9076170632,417843.0902984311,1252250.2095425085,1967363.2871042169,11.575026258794509,24.055707587194632,147.01759358811083,288.6684910463356,/bdd/CORDEX-Adjust/bias-adjusted-output/EUR-11/ICTP/MPI-M-MPI-ESM-LR/rcp85/r1i1p1/ICTP-RegCM4-6/SBCK-CDFt-ERA5-1976-2005/day/tasmaxAdjust/v20260512/tasmaxAdjust_EUR-11_MPI-M-MPI-ESM-LR_rcp85_r1i1p1_ICTP-RegCM4-6_SBCK-CDFt-ERA5-1976-2005_day_20060101-21001130.nc,ICTP_MPI-M-MPI-ESM-LR_rcp85_r1i1p1_ICTP-RegCM4-6_SBCK-CDFt-ERA5-1976-2005_day_tasmaxAdjust_v20260512,noleap,92,1.2696033997632228
1293,2018,1,6,914598.4755064992,6.0,6.0,224676.1470595092,224676.1470595092,914598.4755064992,914598.4755064992,1.1947121664371754,1.1947121664371754,7.168272998623052,7.168272998623052,/bdd/CORDEX-Adjust/bias-adjusted-output/EUR-11/ICTP/MPI-M-MPI-ESM-LR/rcp85/r1i1p1/ICTP-RegCM4-6/SBCK-CDFt-ERA5-1976-2005/day/tasmaxAdjust/v20260512/tasmaxAdjust_EUR-11_MPI-M-MPI-ESM-LR_rcp85_r1i1p1_ICTP-RegCM4-6_SBCK-CDFt-ERA5-1976-2005_day_20060101-21001130.nc,ICTP_MPI-M-MPI-ESM-LR_rcp85_r1i1p1_ICTP-RegCM4-6_SBCK-CDFt-ERA5-1976-2005_day_tasmaxAdjust_v20260512,noleap,92,0.1159090776221083
1294,2019,6,54,25455721.874669444,13.5,26.0,680862.3444061757,1594998.517717074,4242620.312444908,11516081.1136777,15.44907272428074,29.50035277369039,280.390489989766,767.0091721159502,/bdd/CORDEX-Adjust/bias-adjusted-output/EUR-11/ICTP/MPI-M-MPI-ESM-LR/rcp85/r1i1p1/ICTP-RegCM4-6/SBCK-CDFt-ERA5-1976-2005/day/tasmaxAdjust/v20260512/tasmaxAdjust_EUR-11_MPI-M-MPI-ESM-LR_rcp85_r1i1p1_ICTP-RegCM4-6_SBCK-CDFt-ERA5-1976-2005_day_20060101-21001130.nc,ICTP_MPI-M-MPI-ESM-LR_rcp85_r1i1p1_ICTP-RegCM4-6_SBCK-CDFt-ERA5-1976-2005_day_tasmaxAdjust_v20260512,noleap,92,3.2260596553737573
1295,2020,7,44,4906044.658265261,8.857142857142858,12.0,140009.80264188346,428420.51171554206,700863.522609323,2287626.3897750066,5.262983125304194,8.60320420596413,47.69057232529547,88.23364752053673,/bdd/CORDEX-Adjust/bias-adjusted-output/EUR-11/ICTP/MPI-M-MPI-ESM-LR/rcp85/r1i1p1/ICTP-RegCM4-6/SBCK-CDFt-ERA5-1976-2005/day/tasmaxAdjust/v20260512/tasmaxAdjust_EUR-11_MPI-M-MPI-ESM-LR_rcp85_r1i1p1_ICTP-RegCM4-6_SBCK-CDFt-ERA5-1976-2005_day_20060101-21001130.nc,ICTP_MPI-M-MPI-ESM-LR_rcp85_r1i1p1_ICTP-RegCM4-6_SBCK-CDFt-ERA5-1976-2005_day_tasmaxAdjust_v20260512,noleap,92,0.6217538366193757
1296,2021,7,65,9603760.308959585,13.0,32.0,268148.2363256395,601591.0608533006,1371965.7584227975,3570397.923479325,11.98990890180086,29.478745361003707,160.6713924012208,381.72401441970567,/bdd/CORDEX-Adjust/bias-adjusted-output/EUR-11/ICTP/MPI-M-MPI-ESM-LR/rcp85/r1i1p1/ICTP-RegCM4-6/SBCK-CDFt-ERA5-1976-2005/day/tasmaxAdjust/v20260512/tasmaxAdjust_EUR-11_MPI-M-MPI-ESM-LR_rcp85_r1i1p1_ICTP-RegCM4-6_SBCK-CDFt-ERA5-1976-2005_day_20060101-21001130.nc,ICTP_MPI-M-MPI-ESM-LR_rcp85_r1i1p1_ICTP-RegCM4-6_SBCK-CDFt-ERA5-1976-2005_day_tasmaxAdjust_v20260512,noleap,92,1.217105679624992
1297,2022,6,61,14517344.09767299,10.166666666666666,14.0,476636.7722797958,1017389.3093650144,2419557.349612165,5239285.668024785,16.24641821448383,48.10856566614525,174.82532531565496,625.4113536598883,/bdd/CORDEX-Adjust/bias-adjusted-output/EUR-11/ICTP/MPI-M-MPI-ESM-LR/rcp85/r1i1p1/ICTP-RegCM4-6/SBCK-CDFt-ERA5-1976-2005/day/tasmaxAdjust/v20260512/tasmaxAdjust_EUR-11_MPI-M-MPI-ESM-LR_rcp85_r1i1p1_ICTP-RegCM4-6_SBCK-CDFt-ERA5-1976-2005_day_20060101-21001130.nc,ICTP_MPI-M-MPI-ESM-LR_rcp85_r1i1p1_ICTP-RegCM4-6_SBCK-CDFt-ERA5-1976-2005_day_tasmaxAdjust_v20260512,noleap,92,1.8398149668379555
1298,2023,8,74,27481963.55360259,14.125,20.0,482849.98003935313,1513153.431614261,3435245.444200324,11990424.64243245,9.841772128649897,21.62509598299596,126.5089340683178,248.78167125497768,/bdd/CORDEX-Adjust/bias-adjusted-output/EUR-11/ICTP/MPI-M-MPI-ESM-LR/rcp85/r1i1p1/ICTP-RegCM4-6/SBCK-CDFt-ERA5-1976-2005/day/tasmaxAdjust/v20260512/tasmaxAdjust_EUR-11_MPI-M-MPI-ESM-LR_rcp85_r1i1p1_ICTP-RegCM4-6_SBCK-CDFt-ERA5-1976-2005_day_20060101-21001130.nc,ICTP_MPI-M-MPI-ESM-LR_rcp85_r1i1p1_ICTP-RegCM4-6_SBCK-CDFt-ERA5-1976-2005_day_tasmaxAdjust_v20260512,noleap,92,3.4828497226374813
1299,2024,4,66,21933119.26240062,17.5,31.0,886459.2949730421,2059269.6516436653,5483279.815600155,13837469.147102471,10.209687879652355,17.891548487196715,223.16848193428623,554.6380031030982,/bdd/CORDEX-Adjust/bias-adjusted-output/EUR-11/ICTP/MPI-M-MPI-ESM-LR/rcp85/r1i1p1/ICTP-RegCM4-6/SBCK-CDFt-ERA5-1976-2005/day/tasmaxAdjust/v20260512/tasmaxAdjust_EUR-11_MPI-M-MPI-ESM-LR_rcp85_r1i1p1_ICTP-RegCM4-6_SBCK-CDFt-ERA5-1976-2005_day_20060101-21001130.nc,ICTP_MPI-M-MPI-ESM-LR_rcp85_r1i1p1_ICTP-RegCM4-6_SBCK-CDFt-ERA5-1976-2005_day_tasmaxAdjust_v20260512,noleap,92,2.7796324738816893
1300,2025,4,35,9331538.913641104,11.5,21.0,381854.5280078304,523662.6902426098,2332884.728410276,4093398.503800704,12.556918843179991,18.56020455127292,128.51047010241362,161.8092865950249,/bdd/CORDEX-Adjust/bias-adjusted-output/EUR-11/ICTP/MPI-M-MPI-ESM-LR/rcp85/r1i1p1/ICTP-RegCM4-6/SBCK-CDFt-ERA5-1976-2005/day/tasmaxAdjust/v20260512/tasmaxAdjust_EUR-11_MPI-M-MPI-ESM-LR_rcp85_r1i1p1_ICTP-RegCM4-6_SBCK-CDFt-ERA5-1976-2005_day_20060101-21001130.nc,ICTP_MPI-M-MPI-ESM-LR_rcp85_r1i1p1_ICTP-RegCM4-6_SBCK-CDFt-ERA5-1976-2005_day_tasmaxAdjust_v20260512,noleap,92,1.1826064630995168
1301,2026,7,70,15556065.378621362,14.714285714285714,46.0,439918.4718936671,1186371.0334108926,2222295.054088766,6069585.314420247,15.32956619529031,32.86953551904457,329.2176537144101,1511.99863387605,/bdd/CORDEX-Adjust/bias-adjusted-output/EUR-11/ICTP/MPI-M-MPI-ESM-LR/rcp85/r1i1p1/ICTP-RegCM4-6/SBCK-CDFt-ERA5-1976-2005/day/tasmaxAdjust/v20260512/tasmaxAdjust_EUR-11_MPI-M-MPI-ESM-LR_rcp85_r1i1p1_ICTP-RegCM4-6_SBCK-CDFt-ERA5-1976-2005_day_20060101-21001130.nc,ICTP_MPI-M-MPI-ESM-LR_rcp85_r1i1p1_ICTP-RegCM4-6_SBCK-CDFt-ERA5-1976-2005_day_tasmaxAdjust_v20260512,noleap,92,1.9714544007594972
1302,2027,7,70,12383103.461500522,12.285714285714286,39.0,346672.0854756726,786231.5766253825,1769014.7802143602,4191181.374106892,18.722888880214388,74.19474417658051,312.9324946601255,964.5316742955468,/bdd/CORDEX-Adjust/bias-adjusted-output/EUR-11/ICTP/MPI-M-MPI-ESM-LR/rcp85/r1i1p1/ICTP-RegCM4-6/SBCK-CDFt-ERA5-1976-2005/day/tasmaxAdjust/v20260512/tasmaxAdjust_EUR-11_MPI-M-MPI-ESM-LR_rcp85_r1i1p1_ICTP-RegCM4-6_SBCK-CDFt-ERA5-1976-2005_day_20060101-21001130.nc,ICTP_MPI-M-MPI-ESM-LR_rcp85_r1i1p1_ICTP-RegCM4-6_SBCK-CDFt-ERA5-1976-2005_day_tasmaxAdjust_v20260512,noleap,92,1.569337954042394
1303,2028,3,41,13596368.736116389,13.666666666666666,18.0,817844.5684941072,1128864.1932994255,4532122.912038797,6598333.790626893,12.34969164910612,17.0420532112682,182.74033486400435,284.8592148413059,/bdd/CORDEX-Adjust/bias-adjusted-output/EUR-11/ICTP/MPI-M-MPI-ESM-LR/rcp85/r1i1p1/ICTP-RegCM4-6/SBCK-CDFt-ERA5-1976-2005/day/tasmaxAdjust/v20260512/tasmaxAdjust_EUR-11_MPI-M-MPI-ESM-LR_rcp85_r1i1p1_ICTP-RegCM4-6_SBCK-CDFt-ERA5-1976-2005_day_20060101-21001130.nc,ICTP_MPI-M-MPI-ESM-LR_rcp85_r1i1p1_ICTP-RegCM4-6_SBCK-CDFt-ERA5-1976-2005_day_tasmaxAdjust_v20260512,noleap,92,1.7230977324126562
1304,2029,5,59,22097380.681661025,13.0,22.0,673647.6789992008,1628360.1733164955,4419476.136332205,12039364.873437213,7.48079141738225,19.281597572801225,128.60050158202017,424.19514660162696,/bdd/CORDEX-Adjust/bias-adjusted-output/EUR-11/ICTP/MPI-M-MPI-ESM-LR/rcp85/r1i1p1/ICTP-RegCM4-6/SBCK-CDFt-ERA5-1976-2005/day/tasmaxAdjust/v20260512/tasmaxAdjust_EUR-11_MPI-M-MPI-ESM-LR_rcp85_r1i1p1_ICTP-RegCM4-6_SBCK-CDFt-ERA5-1976-2005_day_20060101-21001130.nc,ICTP_MPI-M-MPI-ESM-LR_rcp85_r1i1p1_ICTP-RegCM4-6_SBCK-CDFt-ERA5-1976-2005_day_tasmaxAdjust_v20260512,noleap,92,2.8004496850462153
1305,2030,3,32,9349177.246651337,10.666666666666666,19.0,493748.3767649496,1082667.4038397449,3116392.4155504457,7405450.38769323,18.957641677968645,36.38279250508517,271.18132171714274,691.2730575966183,/bdd/CORDEX-Adjust/bias-adjusted-output/EUR-11/ICTP/MPI-M-MPI-ESM-LR/rcp85/r1i1p1/ICTP-RegCM4-6/SBCK-CDFt-ERA5-1976-2005/day/tasmaxAdjust/v20260512/tasmaxAdjust_EUR-11_MPI-M-MPI-ESM-LR_rcp85_r1i1p1_ICTP-RegCM4-6_SBCK-CDFt-ERA5-1976-2005_day_20060101-21001130.nc,ICTP_MPI-M-MPI-ESM-LR_rcp85_r1i1p1_ICTP-RegCM4-6_SBCK-CDFt-ERA5-1976-2005_day_tasmaxAdjust_v20260512,noleap,92,1.184841807859823
1306,2031,5,55,12605909.867936138,13.4,24.0,421618.8100026975,599176.2896650397,2521181.9735872275,4503507.413008585,11.139938361790817,30.622725763883743,117.85106119611224,244.98180611107,/bdd/CORDEX-Adjust/bias-adjusted-output/EUR-11/ICTP/MPI-M-MPI-ESM-LR/rcp85/r1i1p1/ICTP-RegCM4-6/SBCK-CDFt-ERA5-1976-2005/day/tasmaxAdjust/v20260512/tasmaxAdjust_EUR-11_MPI-M-MPI-ESM-LR_rcp85_r1i1p1_ICTP-RegCM4-6_SBCK-CDFt-ERA5-1976-2005_day_20060101-21001130.nc,ICTP_MPI-M-MPI-ESM-LR_rcp85_r1i1p1_ICTP-RegCM4-6_SBCK-CDFt-ERA5-1976-2005_day_tasmaxAdjust_v20260512,noleap,92,1.5975747002757037
1307,2032,4,66,34740643.89947176,21.0,41.0,1252204.6843611917,2366072.468167213,8685160.97486794,17324565.166890513,18.34980474984296,43.77322310602252,410.4528967987419,1050.5573545445404,/bdd/CORDEX-Adjust/bias-adjusted-output/EUR-11/ICTP/MPI-M-MPI-ESM-LR/rcp85/r1i1p1/ICTP-RegCM4-6/SBCK-CDFt-ERA5-1976-2005/day/tasmaxAdjust/v20260512/tasmaxAdjust_EUR-11_MPI-M-MPI-ESM-LR_rcp85_r1i1p1_ICTP-RegCM4-6_SBCK-CDFt-ERA5-1976-2005_day_20060101-21001130.nc,ICTP_MPI-M-MPI-ESM-LR_rcp85_r1i1p1_ICTP-RegCM4-6_SBCK-CDFt-ERA5-1976-2005_day_tasmaxAdjust_v20260512,noleap,92,4.40275825755767
1308,2033,9,69,27300666.47025521,13.77777777777778,27.0,546290.8593467898,1886419.2312300224,3033407.3855839125,11103085.084330792,9.88012924205109,28.34968104338221,150.55089553515825,439.2685925180648,/bdd/CORDEX-Adjust/bias-adjusted-output/EUR-11/ICTP/MPI-M-MPI-ESM-LR/rcp85/r1i1p1/ICTP-RegCM4-6/SBCK-CDFt-ERA5-1976-2005/day/tasmaxAdjust/v20260512/tasmaxAdjust_EUR-11_MPI-M-MPI-ESM-LR_rcp85_r1i1p1_ICTP-RegCM4-6_SBCK-CDFt-ERA5-1976-2005_day_20060101-21001130.nc,ICTP_MPI-M-MPI-ESM-LR_rcp85_r1i1p1_ICTP-RegCM4-6_SBCK-CDFt-ERA5-1976-2005_day_tasmaxAdjust_v20260512,noleap,92,3.45987354427163
1309,2034,9,81,32704756.19473813,10.444444444444445,24.0,637195.2858071656,2266966.62194562,3633861.799415348,16256883.401207097,10.581427499550871,30.233500590790648,118.81280115860926,261.14844158934073,/bdd/CORDEX-Adjust/bias-adjusted-output/EUR-11/ICTP/MPI-M-MPI-ESM-LR/rcp85/r1i1p1/ICTP-RegCM4-6/SBCK-CDFt-ERA5-1976-2005/day/tasmaxAdjust/v20260512/tasmaxAdjust_EUR-11_MPI-M-MPI-ESM-LR_rcp85_r1i1p1_ICTP-RegCM4-6_SBCK-CDFt-ERA5-1976-2005_day_20060101-21001130.nc,ICTP_MPI-M-MPI-ESM-LR_rcp85_r1i1p1_ICTP-RegCM4-6_SBCK-CDFt-ERA5-1976-2005_day_tasmaxAdjust_v20260512,noleap,92,4.144745728215564
1310,2035,4,43,10267479.007026808,15.75,29.0,542628.065893752,1552956.6504344577,2566869.751756702,7179380.056865931,18.97159943527944,31.12530738197568,366.7016616791013,902.6339140772948,/bdd/CORDEX-Adjust/bias-adjusted-output/EUR-11/ICTP/MPI-M-MPI-ESM-LR/rcp85/r1i1p1/ICTP-RegCM4-6/SBCK-CDFt-ERA5-1976-2005/day/tasmaxAdjust/v20260512/tasmaxAdjust_EUR-11_MPI-M-MPI-ESM-LR_rcp85_r1i1p1_ICTP-RegCM4-6_SBCK-CDFt-ERA5-1976-2005_day_20060101-21001130.nc,ICTP_MPI-M-MPI-ESM-LR_rcp85_r1i1p1_ICTP-RegCM4-6_SBCK-CDFt-ERA5-1976-2005_day_tasmaxAdjust_v20260512,noleap,92,1.3012202109234556
1311,2036,2,90,27254882.313227504,67.0,85.0,1618620.9593360033,2603212.86296487,13627441.156613752,20576637.4605836,2.6783665462809747,3.425800643883992,165.99674484397102,167.8642315503156,/bdd/CORDEX-Adjust/bias-adjusted-output/EUR-11/ICTP/MPI-M-MPI-ESM-LR/rcp85/r1i1p1/ICTP-RegCM4-6/SBCK-CDFt-ERA5-1976-2005/day/tasmaxAdjust/v20260512/tasmaxAdjust_EUR-11_MPI-M-MPI-ESM-LR_rcp85_r1i1p1_ICTP-RegCM4-6_SBCK-CDFt-ERA5-1976-2005_day_20060101-21001130.nc,ICTP_MPI-M-MPI-ESM-LR_rcp85_r1i1p1_ICTP-RegCM4-6_SBCK-CDFt-ERA5-1976-2005_day_tasmaxAdjust_v20260512,noleap,92,3.4540712172910952
1312,2037,8,75,18116772.28930155,15.75,40.0,329339.39048749366,1069451.273195948,2264596.536162693,9942853.901053466,8.924547788536078,16.640272015760438,174.06116434470354,665.6108806304176,/bdd/CORDEX-Adjust/bias-adjusted-output/EUR-11/ICTP/MPI-M-MPI-ESM-LR/rcp85/r1i1p1/ICTP-RegCM4-6/SBCK-CDFt-ERA5-1976-2005/day/tasmaxAdjust/v20260512/tasmaxAdjust_EUR-11_MPI-M-MPI-ESM-LR_rcp85_r1i1p1_ICTP-RegCM4-6_SBCK-CDFt-ERA5-1976-2005_day_20060101-21001130.nc,ICTP_MPI-M-MPI-ESM-LR_rcp85_r1i1p1_ICTP-RegCM4-6_SBCK-CDFt-ERA5-1976-2005_day_tasmaxAdjust_v20260512,noleap,92,2.2959784230777367
1313,2038,10,79,23654471.62247048,13.8,27.0,419299.820406427,1614426.5228888,2365447.162247048,9353656.95315125,13.131741054807026,30.46223943274068,189.1538792564704,491.777807253319,/bdd/CORDEX-Adjust/bias-adjusted-output/EUR-11/ICTP/MPI-M-MPI-ESM-LR/rcp85/r1i1p1/ICTP-RegCM4-6/SBCK-CDFt-ERA5-1976-2005/day/tasmaxAdjust/v20260512/tasmaxAdjust_EUR-11_MPI-M-MPI-ESM-LR_rcp85_r1i1p1_ICTP-RegCM4-6_SBCK-CDFt-ERA5-1976-2005_day_20060101-21001130.nc,ICTP_MPI-M-MPI-ESM-LR_rcp85_r1i1p1_ICTP-RegCM4-6_SBCK-CDFt-ERA5-1976-2005_day_tasmaxAdjust_v20260512,noleap,92,2.9977832467745085
1314,2039,11,90,27468704.875289604,16.09090909090909,56.0,448908.7996430365,1576457.100652665,2497154.988662692,9495591.484017048,14.188740635981736,64.97913360108885,246.51655972506143,1104.6452712185103,/bdd/CORDEX-Adjust/bias-adjusted-output/EUR-11/ICTP/MPI-M-MPI-ESM-LR/rcp85/r1i1p1/ICTP-RegCM4-6/SBCK-CDFt-ERA5-1976-2005/day/tasmaxAdjust/v20260512/tasmaxAdjust_EUR-11_MPI-M-MPI-ESM-LR_rcp85_r1i1p1_ICTP-RegCM4-6_SBCK-CDFt-ERA5-1976-2005_day_20060101-21001130.nc,ICTP_MPI-M-MPI-ESM-LR_rcp85_r1i1p1_ICTP-RegCM4-6_SBCK-CDFt-ERA5-1976-2005_day_tasmaxAdjust_v20260512,noleap,92,3.481169421155571
1315,2040,9,88,48815660.78057616,18.444444444444443,76.0,670529.9170833954,2198631.564250529,5423962.308952906,21267900.96422842,7.589884403212257,28.833696668331424,166.65237411947038,714.0583446700571,/bdd/CORDEX-Adjust/bias-adjusted-output/EUR-11/ICTP/MPI-M-MPI-ESM-LR/rcp85/r1i1p1/ICTP-RegCM4-6/SBCK-CDFt-ERA5-1976-2005/day/tasmaxAdjust/v20260512/tasmaxAdjust_EUR-11_MPI-M-MPI-ESM-LR_rcp85_r1i1p1_ICTP-RegCM4-6_SBCK-CDFt-ERA5-1976-2005_day_20060101-21001130.nc,ICTP_MPI-M-MPI-ESM-LR_rcp85_r1i1p1_ICTP-RegCM4-6_SBCK-CDFt-ERA5-1976-2005_day_tasmaxAdjust_v20260512,noleap,92,6.186516122779283
1316,2041,6,88,24489979.397901684,26.5,65.0,579889.5381365787,1595921.4083759869,4081663.232983614,11914011.358932609,12.935566367148748,54.215831350013055,219.3851620466962,813.2374702501958,/bdd/CORDEX-Adjust/bias-adjusted-output/EUR-11/ICTP/MPI-M-MPI-ESM-LR/rcp85/r1i1p1/ICTP-RegCM4-6/SBCK-CDFt-ERA5-1976-2005/day/tasmaxAdjust/v20260512/tasmaxAdjust_EUR-11_MPI-M-MPI-ESM-LR_rcp85_r1i1p1_ICTP-RegCM4-6_SBCK-CDFt-ERA5-1976-2005_day_20060101-21001130.nc,ICTP_MPI-M-MPI-ESM-LR_rcp85_r1i1p1_ICTP-RegCM4-6_SBCK-CDFt-ERA5-1976-2005_day_tasmaxAdjust_v20260512,noleap,92,3.1036689859156104
1317,2042,7,76,21975854.6524824,16.571428571428573,46.0,494976.24518910405,2340153.40003079,3139407.807497485,17010654.595342427,13.993852195846062,38.499546546568254,321.8048935456486,1420.8038335143526,/bdd/CORDEX-Adjust/bias-adjusted-output/EUR-11/ICTP/MPI-M-MPI-ESM-LR/rcp85/r1i1p1/ICTP-RegCM4-6/SBCK-CDFt-ERA5-1976-2005/day/tasmaxAdjust/v20260512/tasmaxAdjust_EUR-11_MPI-M-MPI-ESM-LR_rcp85_r1i1p1_ICTP-RegCM4-6_SBCK-CDFt-ERA5-1976-2005_day_20060101-21001130.nc,ICTP_MPI-M-MPI-ESM-LR_rcp85_r1i1p1_ICTP-RegCM4-6_SBCK-CDFt-ERA5-1976-2005_day_tasmaxAdjust_v20260512,noleap,92,2.7850484239175315
1318,2043,4,89,33272866.94455971,26.5,84.0,1189406.1914100235,3356962.277453568,8318216.736139927,24987205.44915991,5.375061275334976,9.326247487777978,224.49233310952047,783.4047889733502,/bdd/CORDEX-Adjust/bias-adjusted-output/EUR-11/ICTP/MPI-M-MPI-ESM-LR/rcp85/r1i1p1/ICTP-RegCM4-6/SBCK-CDFt-ERA5-1976-2005/day/tasmaxAdjust/v20260512/tasmaxAdjust_EUR-11_MPI-M-MPI-ESM-LR_rcp85_r1i1p1_ICTP-RegCM4-6_SBCK-CDFt-ERA5-1976-2005_day_20060101-21001130.nc,ICTP_MPI-M-MPI-ESM-LR_rcp85_r1i1p1_ICTP-RegCM4-6_SBCK-CDFt-ERA5-1976-2005_day_tasmaxAdjust_v20260512,noleap,92,4.216743653821723
1319,2044,8,92,89009584.38499433,18.75,92.0,768292.5053563025,5084963.477626199,11126198.048124293,83797612.548583,5.975263826509819,22.97778868439788,142.43362723497745,822.8726887387029,/bdd/CORDEX-Adjust/bias-adjusted-output/EUR-11/ICTP/MPI-M-MPI-ESM-LR/rcp85/r1i1p1/ICTP-RegCM4-6/SBCK-CDFt-ERA5-1976-2005/day/tasmaxAdjust/v20260512/tasmaxAdjust_EUR-11_MPI-M-MPI-ESM-LR_rcp85_r1i1p1_ICTP-RegCM4-6_SBCK-CDFt-ERA5-1976-2005_day_20060101-21001130.nc,ICTP_MPI-M-MPI-ESM-LR_rcp85_r1i1p1_ICTP-RegCM4-6_SBCK-CDFt-ERA5-1976-2005_day_tasmaxAdjust_v20260512,noleap,92,11.280380518760873
1320,2045,8,86,26251804.234268907,18.0,36.0,438673.4310274944,1470991.3365249769,3281475.5292836134,14130239.928449629,10.60425044057775,31.0165471657286,228.2245073322765,746.3345424676954,/bdd/CORDEX-Adjust/bias-adjusted-output/EUR-11/ICTP/MPI-M-MPI-ESM-LR/rcp85/r1i1p1/ICTP-RegCM4-6/SBCK-CDFt-ERA5-1976-2005/day/tasmaxAdjust/v20260512/tasmaxAdjust_EUR-11_MPI-M-MPI-ESM-LR_rcp85_r1i1p1_ICTP-RegCM4-6_SBCK-CDFt-ERA5-1976-2005_day_20060101-21001130.nc,ICTP_MPI-M-MPI-ESM-LR_rcp85_r1i1p1_ICTP-RegCM4-6_SBCK-CDFt-ERA5-1976-2005_day_tasmaxAdjust_v20260512,noleap,92,3.3269489248002184
1321,2046,3,71,62769767.42484397,25.0,62.0,1994994.2781793475,5231113.921979064,20923255.808281325,59108698.51018586,2.783482815801163,7.023443396318573,149.1321786771719,435.4534905717515,/bdd/CORDEX-Adjust/bias-adjusted-output/EUR-11/ICTP/MPI-M-MPI-ESM-LR/rcp85/r1i1p1/ICTP-RegCM4-6/SBCK-CDFt-ERA5-1976-2005/day/tasmaxAdjust/v20260512/tasmaxAdjust_EUR-11_MPI-M-MPI-ESM-LR_rcp85_r1i1p1_ICTP-RegCM4-6_SBCK-CDFt-ERA5-1976-2005_day_20060101-21001130.nc,ICTP_MPI-M-MPI-ESM-LR_rcp85_r1i1p1_ICTP-RegCM4-6_SBCK-CDFt-ERA5-1976-2005_day_tasmaxAdjust_v20260512,noleap,92,7.954950767590935
1322,2047,9,81,45168015.47960746,16.555555555555557,49.0,862486.5388330165,2128217.779653322,5018668.386623051,13140006.832501665,15.135870759959248,32.39369223398967,218.8916700185268,434.57565067638507,/bdd/CORDEX-Adjust/bias-adjusted-output/EUR-11/ICTP/MPI-M-MPI-ESM-LR/rcp85/r1i1p1/ICTP-RegCM4-6/SBCK-CDFt-ERA5-1976-2005/day/tasmaxAdjust/v20260512/tasmaxAdjust_EUR-11_MPI-M-MPI-ESM-LR_rcp85_r1i1p1_ICTP-RegCM4-6_SBCK-CDFt-ERA5-1976-2005_day_20060101-21001130.nc,ICTP_MPI-M-MPI-ESM-LR_rcp85_r1i1p1_ICTP-RegCM4-6_SBCK-CDFt-ERA5-1976-2005_day_tasmaxAdjust_v20260512,noleap,92,5.724242006158044
1323,2048,3,73,40872554.81810464,30.666666666666668,72.0,1067385.2981798677,2931922.975341292,13624184.939368213,39551341.28194119,6.363224960014867,14.33467106202242,149.17429030712032,267.1501360870288,/bdd/CORDEX-Adjust/bias-adjusted-output/EUR-11/ICTP/MPI-M-MPI-ESM-LR/rcp85/r1i1p1/ICTP-RegCM4-6/SBCK-CDFt-ERA5-1976-2005/day/tasmaxAdjust/v20260512/tasmaxAdjust_EUR-11_MPI-M-MPI-ESM-LR_rcp85_r1i1p1_ICTP-RegCM4-6_SBCK-CDFt-ERA5-1976-2005_day_20060101-21001130.nc,ICTP_MPI-M-MPI-ESM-LR_rcp85_r1i1p1_ICTP-RegCM4-6_SBCK-CDFt-ERA5-1976-2005_day_tasmaxAdjust_v20260512,noleap,92,5.179868823203503
1324,2049,2,86,51431803.779272825,51.0,83.0,2900145.680402765,5037220.192556018,25715901.88963641,46403967.06193448,9.697453417206168,13.31210972863841,610.2391262433463,1104.905107476988,/bdd/CORDEX-Adjust/bias-adjusted-output/EUR-11/ICTP/MPI-M-MPI-ESM-LR/rcp85/r1i1p1/ICTP-RegCM4-6/SBCK-CDFt-ERA5-1976-2005/day/tasmaxAdjust/v20260512/tasmaxAdjust_EUR-11_MPI-M-MPI-ESM-LR_rcp85_r1i1p1_ICTP-RegCM4-6_SBCK-CDFt-ERA5-1976-2005_day_20060101-21001130.nc,ICTP_MPI-M-MPI-ESM-LR_rcp85_r1i1p1_ICTP-RegCM4-6_SBCK-CDFt-ERA5-1976-2005_day_tasmaxAdjust_v20260512,noleap,92,6.518065682533947
1325,2050,11,87,27102608.79549948,18.181818181818183,63.0,443500.8166877879,1741099.6945055835,2463873.5268635894,9242820.16249086,14.0336210506711,46.3382879014699,357.3806580271775,2316.9143950734947,/bdd/CORDEX-Adjust/bias-adjusted-output/EUR-11/ICTP/MPI-M-MPI-ESM-LR/rcp85/r1i1p1/ICTP-RegCM4-6/SBCK-CDFt-ERA5-1976-2005/day/tasmaxAdjust/v20260512/tasmaxAdjust_EUR-11_MPI-M-MPI-ESM-LR_rcp85_r1i1p1_ICTP-RegCM4-6_SBCK-CDFt-ERA5-1976-2005_day_20060101-21001130.nc,ICTP_MPI-M-MPI-ESM-LR_rcp85_r1i1p1_ICTP-RegCM4-6_SBCK-CDFt-ERA5-1976-2005_day_tasmaxAdjust_v20260512,noleap,92,3.4347732592703863
1326,2051,10,92,37276890.88099909,21.7,54.0,619316.3743012706,2008253.5453630928,3727689.088099909,10713394.957087431,9.132556466946989,41.91064393733063,171.98462330575822,544.8383711852981,/bdd/CORDEX-Adjust/bias-adjusted-output/EUR-11/ICTP/MPI-M-MPI-ESM-LR/rcp85/r1i1p1/ICTP-RegCM4-6/SBCK-CDFt-ERA5-1976-2005/day/tasmaxAdjust/v20260512/tasmaxAdjust_EUR-11_MPI-M-MPI-ESM-LR_rcp85_r1i1p1_ICTP-RegCM4-6_SBCK-CDFt-ERA5-1976-2005_day_20060101-21001130.nc,ICTP_MPI-M-MPI-ESM-LR_rcp85_r1i1p1_ICTP-RegCM4-6_SBCK-CDFt-ERA5-1976-2005_day_tasmaxAdjust_v20260512,noleap,92,4.724182419223681
1327,2052,7,90,39021998.74807628,22.857142857142858,53.0,754617.8004094978,2139610.240480069,5574571.249725183,20547083.18125219,12.450465528518484,38.188234937366246,306.27310295500274,1052.4292914047016,/bdd/CORDEX-Adjust/bias-adjusted-output/EUR-11/ICTP/MPI-M-MPI-ESM-LR/rcp85/r1i1p1/ICTP-RegCM4-6/SBCK-CDFt-ERA5-1976-2005/day/tasmaxAdjust/v20260512/tasmaxAdjust_EUR-11_MPI-M-MPI-ESM-LR_rcp85_r1i1p1_ICTP-RegCM4-6_SBCK-CDFt-ERA5-1976-2005_day_20060101-21001130.nc,ICTP_MPI-M-MPI-ESM-LR_rcp85_r1i1p1_ICTP-RegCM4-6_SBCK-CDFt-ERA5-1976-2005_day_tasmaxAdjust_v20260512,noleap,92,4.945343779799955
1328,2053,9,92,47167219.61261058,16.666666666666668,66.0,654692.582482959,4302495.45041658,5240802.179178953,38513276.063820906,9.021733920730174,18.911097222858206,185.4187562110724,968.1851532321864,/bdd/CORDEX-Adjust/bias-adjusted-output/EUR-11/ICTP/MPI-M-MPI-ESM-LR/rcp85/r1i1p1/ICTP-RegCM4-6/SBCK-CDFt-ERA5-1976-2005/day/tasmaxAdjust/v20260512/tasmaxAdjust_EUR-11_MPI-M-MPI-ESM-LR_rcp85_r1i1p1_ICTP-RegCM4-6_SBCK-CDFt-ERA5-1976-2005_day_20060101-21001130.nc,ICTP_MPI-M-MPI-ESM-LR_rcp85_r1i1p1_ICTP-RegCM4-6_SBCK-CDFt-ERA5-1976-2005_day_tasmaxAdjust_v20260512,noleap,92,5.977605545722626
1329,2054,11,92,38830385.40467521,19.27272727272728,48.0,477241.5479362942,1541712.4858604933,3530035.0367886554,10317724.659141976,6.219904096842391,18.420838932169293,165.85099468686852,884.200268744126,/bdd/CORDEX-Adjust/bias-adjusted-output/EUR-11/ICTP/MPI-M-MPI-ESM-LR/rcp85/r1i1p1/ICTP-RegCM4-6/SBCK-CDFt-ERA5-1976-2005/day/tasmaxAdjust/v20260512/tasmaxAdjust_EUR-11_MPI-M-MPI-ESM-LR_rcp85_r1i1p1_ICTP-RegCM4-6_SBCK-CDFt-ERA5-1976-2005_day_20060101-21001130.nc,ICTP_MPI-M-MPI-ESM-LR_rcp85_r1i1p1_ICTP-RegCM4-6_SBCK-CDFt-ERA5-1976-2005_day_tasmaxAdjust_v20260512,noleap,92,4.9210601990937795
1330,2055,3,92,78824161.93068661,35.666666666666664,92.0,2445341.1977855563,7011191.976805273,26274720.6435622,77323701.99433698,7.524615399229655,10.808577677424358,110.98591339147843,176.60676227854208,/bdd/CORDEX-Adjust/bias-adjusted-output/EUR-11/ICTP/MPI-M-MPI-ESM-LR/rcp85/r1i1p1/ICTP-RegCM4-6/SBCK-CDFt-ERA5-1976-2005/day/tasmaxAdjust/v20260512/tasmaxAdjust_EUR-11_MPI-M-MPI-ESM-LR_rcp85_r1i1p1_ICTP-RegCM4-6_SBCK-CDFt-ERA5-1976-2005_day_20060101-21001130.nc,ICTP_MPI-M-MPI-ESM-LR_rcp85_r1i1p1_ICTP-RegCM4-6_SBCK-CDFt-ERA5-1976-2005_day_tasmaxAdjust_v20260512,noleap,92,9.989559515351132
1331,2056,3,92,42670869.18982737,43.333333333333336,92.0,1502717.9364051418,3505610.1560334247,14223623.06327579,35780154.60763855,12.252790154898706,26.71979623027979,363.1925429954729,674.5603706892285,/bdd/CORDEX-Adjust/bias-adjusted-output/EUR-11/ICTP/MPI-M-MPI-ESM-LR/rcp85/r1i1p1/ICTP-RegCM4-6/SBCK-CDFt-ERA5-1976-2005/day/tasmaxAdjust/v20260512/tasmaxAdjust_EUR-11_MPI-M-MPI-ESM-LR_rcp85_r1i1p1_ICTP-RegCM4-6_SBCK-CDFt-ERA5-1976-2005_day_20060101-21001130.nc,ICTP_MPI-M-MPI-ESM-LR_rcp85_r1i1p1_ICTP-RegCM4-6_SBCK-CDFt-ERA5-1976-2005_day_tasmaxAdjust_v20260512,noleap,92,5.4077731612088
1332,2057,8,86,46282430.6622274,18.75,76.0,645201.2031651002,3912516.946302676,5785303.832778425,40151933.91002979,5.395222383365647,13.25956914029788,136.07406239049732,793.0541605489747,/bdd/CORDEX-Adjust/bias-adjusted-output/EUR-11/ICTP/MPI-M-MPI-ESM-LR/rcp85/r1i1p1/ICTP-RegCM4-6/SBCK-CDFt-ERA5-1976-2005/day/tasmaxAdjust/v20260512/tasmaxAdjust_EUR-11_MPI-M-MPI-ESM-LR_rcp85_r1i1p1_ICTP-RegCM4-6_SBCK-CDFt-ERA5-1976-2005_day_20060101-21001130.nc,ICTP_MPI-M-MPI-ESM-LR_rcp85_r1i1p1_ICTP-RegCM4-6_SBCK-CDFt-ERA5-1976-2005_day_tasmaxAdjust_v20260512,noleap,92,5.865474294823314
1333,2058,9,92,40448496.45914064,25.77777777777778,71.0,605266.6333260394,1549204.9908726662,4494277.38434896,15520600.225103917,7.005454145665443,13.588793974612951,120.38653586524828,204.3942643572552,/bdd/CORDEX-Adjust/bias-adjusted-output/EUR-11/ICTP/MPI-M-MPI-ESM-LR/rcp85/r1i1p1/ICTP-RegCM4-6/SBCK-CDFt-ERA5-1976-2005/day/tasmaxAdjust/v20260512/tasmaxAdjust_EUR-11_MPI-M-MPI-ESM-LR_rcp85_r1i1p1_ICTP-RegCM4-6_SBCK-CDFt-ERA5-1976-2005_day_20060101-21001130.nc,ICTP_MPI-M-MPI-ESM-LR_rcp85_r1i1p1_ICTP-RegCM4-6_SBCK-CDFt-ERA5-1976-2005_day_tasmaxAdjust_v20260512,noleap,92,5.12612697411695
1334,2059,5,92,66695678.01677026,28.0,92.0,1358429.790208299,5598932.722708961,13339135.603354052,60802733.00101796,11.195149111360696,31.43057647679719,229.8285814798848,638.7922916232883,/bdd/CORDEX-Adjust/bias-adjusted-output/EUR-11/ICTP/MPI-M-MPI-ESM-LR/rcp85/r1i1p1/ICTP-RegCM4-6/SBCK-CDFt-ERA5-1976-2005/day/tasmaxAdjust/v20260512/tasmaxAdjust_EUR-11_MPI-M-MPI-ESM-LR_rcp85_r1i1p1_ICTP-RegCM4-6_SBCK-CDFt-ERA5-1976-2005_day_20060101-21001130.nc,ICTP_MPI-M-MPI-ESM-LR_rcp85_r1i1p1_ICTP-RegCM4-6_SBCK-CDFt-ERA5-1976-2005_day_tasmaxAdjust_v20260512,noleap,92,8.452490056933222
1335,2060,2,92,89277453.43206137,49.0,92.0,2467308.0262241173,4694823.409698429,44638726.71603069,88278871.80006328,3.569658094455848,6.706327150836384,40.03647720397347,40.23796290501831,/bdd/CORDEX-Adjust/bias-adjusted-output/EUR-11/ICTP/MPI-M-MPI-ESM-LR/rcp85/r1i1p1/ICTP-RegCM4-6/SBCK-CDFt-ERA5-1976-2005/day/tasmaxAdjust/v20260512/tasmaxAdjust_EUR-11_MPI-M-MPI-ESM-LR_rcp85_r1i1p1_ICTP-RegCM4-6_SBCK-CDFt-ERA5-1976-2005_day_20060101-21001130.nc,ICTP_MPI-M-MPI-ESM-LR_rcp85_r1i1p1_ICTP-RegCM4-6_SBCK-CDFt-ERA5-1976-2005_day_tasmaxAdjust_v20260512,noleap,92,11.314328152613925
1336,2061,2,92,57980985.04115265,49.5,92.0,2098997.686225169,4096186.333964877,28990492.520576324,57543162.07922726,8.012449376752105,8.764260787300342,364.6642592009291,667.9786928907558,/bdd/CORDEX-Adjust/bias-adjusted-output/EUR-11/ICTP/MPI-M-MPI-ESM-LR/rcp85/r1i1p1/ICTP-RegCM4-6/SBCK-CDFt-ERA5-1976-2005/day/tasmaxAdjust/v20260512/tasmaxAdjust_EUR-11_MPI-M-MPI-ESM-LR_rcp85_r1i1p1_ICTP-RegCM4-6_SBCK-CDFt-ERA5-1976-2005_day_20060101-21001130.nc,ICTP_MPI-M-MPI-ESM-LR_rcp85_r1i1p1_ICTP-RegCM4-6_SBCK-CDFt-ERA5-1976-2005_day_tasmaxAdjust_v20260512,noleap,92,7.348057837095648
1337,2062,9,87,41277868.652344845,26.77777777777778,84.0,693635.8744891224,1635584.618676722,4586429.850260538,13807719.501337336,12.861675243008223,35.95310246187221,259.4397559635748,546.7710755078009,/bdd/CORDEX-Adjust/bias-adjusted-output/EUR-11/ICTP/MPI-M-MPI-ESM-LR/rcp85/r1i1p1/ICTP-RegCM4-6/SBCK-CDFt-ERA5-1976-2005/day/tasmaxAdjust/v20260512/tasmaxAdjust_EUR-11_MPI-M-MPI-ESM-LR_rcp85_r1i1p1_ICTP-RegCM4-6_SBCK-CDFt-ERA5-1976-2005_day_20060101-21001130.nc,ICTP_MPI-M-MPI-ESM-LR_rcp85_r1i1p1_ICTP-RegCM4-6_SBCK-CDFt-ERA5-1976-2005_day_tasmaxAdjust_v20260512,noleap,92,5.231235137419416
1338,2063,2,92,80412814.08068797,48.5,92.0,3538694.240702511,6871622.234669806,40206407.04034399,79495506.71586773,6.674512006640441,9.095103222125411,429.0095501956576,836.7494964355378,/bdd/CORDEX-Adjust/bias-adjusted-output/EUR-11/ICTP/MPI-M-MPI-ESM-LR/rcp85/r1i1p1/ICTP-RegCM4-6/SBCK-CDFt-ERA5-1976-2005/day/tasmaxAdjust/v20260512/tasmaxAdjust_EUR-11_MPI-M-MPI-ESM-LR_rcp85_r1i1p1_ICTP-RegCM4-6_SBCK-CDFt-ERA5-1976-2005_day_20060101-21001130.nc,ICTP_MPI-M-MPI-ESM-LR_rcp85_r1i1p1_ICTP-RegCM4-6_SBCK-CDFt-ERA5-1976-2005_day_tasmaxAdjust_v20260512,noleap,92,10.190892898579289
1339,2064,3,92,81922460.8152007,40.333333333333336,92.0,2218289.6357901045,6069162.430234254,27307486.938400235,78307349.53089394,4.814518899502143,10.029246721634625,183.06682088707203,374.5912809716109,/bdd/CORDEX-Adjust/bias-adjusted-output/EUR-11/ICTP/MPI-M-MPI-ESM-LR/rcp85/r1i1p1/ICTP-RegCM4-6/SBCK-CDFt-ERA5-1976-2005/day/tasmaxAdjust/v20260512/tasmaxAdjust_EUR-11_MPI-M-MPI-ESM-LR_rcp85_r1i1p1_ICTP-RegCM4-6_SBCK-CDFt-ERA5-1976-2005_day_20060101-21001130.nc,ICTP_MPI-M-MPI-ESM-LR_rcp85_r1i1p1_ICTP-RegCM4-6_SBCK-CDFt-ERA5-1976-2005_day_tasmaxAdjust_v20260512,noleap,92,10.382213751629797
1340,2065,2,92,75758639.58762538,56.0,92.0,3218764.0027857865,5705625.753116054,37879319.79381269,72131597.22016506,3.0702151006432365,3.4001766766859887,160.0534288984822,252.1033242632446,/bdd/CORDEX-Adjust/bias-adjusted-output/EUR-11/ICTP/MPI-M-MPI-ESM-LR/rcp85/r1i1p1/ICTP-RegCM4-6/SBCK-CDFt-ERA5-1976-2005/day/tasmaxAdjust/v20260512/tasmaxAdjust_EUR-11_MPI-M-MPI-ESM-LR_rcp85_r1i1p1_ICTP-RegCM4-6_SBCK-CDFt-ERA5-1976-2005_day_20060101-21001130.nc,ICTP_MPI-M-MPI-ESM-LR_rcp85_r1i1p1_ICTP-RegCM4-6_SBCK-CDFt-ERA5-1976-2005_day_tasmaxAdjust_v20260512,noleap,92,9.601059122304429
1341,2066,6,92,147777094.7008218,22.83333333333333,92.0,1396347.755559076,7239263.427837724,24629515.7834703,142079369.9580238,8.761132856413056,39.89165420402341,124.25884493252344,478.6998504482809,/bdd/CORDEX-Adjust/bias-adjusted-output/EUR-11/ICTP/MPI-M-MPI-ESM-LR/rcp85/r1i1p1/ICTP-RegCM4-6/SBCK-CDFt-ERA5-1976-2005/day/tasmaxAdjust/v20260512/tasmaxAdjust_EUR-11_MPI-M-MPI-ESM-LR_rcp85_r1i1p1_ICTP-RegCM4-6_SBCK-CDFt-ERA5-1976-2005_day_20060101-21001130.nc,ICTP_MPI-M-MPI-ESM-LR_rcp85_r1i1p1_ICTP-RegCM4-6_SBCK-CDFt-ERA5-1976-2005_day_tasmaxAdjust_v20260512,noleap,92,18.72811643487753
1342,2067,1,92,43214030.33311771,92.0,92.0,3645650.756619536,3645650.756619536,43214030.33311771,43214030.33311771,19.23668205342676,19.23668205342676,1769.7747489152616,1769.7747489152616,/bdd/CORDEX-Adjust/bias-adjusted-output/EUR-11/ICTP/MPI-M-MPI-ESM-LR/rcp85/r1i1p1/ICTP-RegCM4-6/SBCK-CDFt-ERA5-1976-2005/day/tasmaxAdjust/v20260512/tasmaxAdjust_EUR-11_MPI-M-MPI-ESM-LR_rcp85_r1i1p1_ICTP-RegCM4-6_SBCK-CDFt-ERA5-1976-2005_day_20060101-21001130.nc,ICTP_MPI-M-MPI-ESM-LR_rcp85_r1i1p1_ICTP-RegCM4-6_SBCK-CDFt-ERA5-1976-2005_day_tasmaxAdjust_v20260512,noleap,92,5.476609168270901
1343,2068,5,92,104535854.1481362,25.6,92.0,1500557.1224470814,6952884.418624865,20907170.82962724,101869021.06961234,11.267758385802018,22.140120049481347,196.26027490407083,532.3573148175672,/bdd/CORDEX-Adjust/bias-adjusted-output/EUR-11/ICTP/MPI-M-MPI-ESM-LR/rcp85/r1i1p1/ICTP-RegCM4-6/SBCK-CDFt-ERA5-1976-2005/day/tasmaxAdjust/v20260512/tasmaxAdjust_EUR-11_MPI-M-MPI-ESM-LR_rcp85_r1i1p1_ICTP-RegCM4-6_SBCK-CDFt-ERA5-1976-2005_day_20060101-21001130.nc,ICTP_MPI-M-MPI-ESM-LR_rcp85_r1i1p1_ICTP-RegCM4-6_SBCK-CDFt-ERA5-1976-2005_day_tasmaxAdjust_v20260512,noleap,92,13.248058855597348
1344,2069,4,92,102995782.3416315,30.25,90.0,2201167.862343202,7968150.006817456,25748945.585407875,97875149.60518482,13.30886645403564,25.38773502293864,357.3199549949265,1107.6385348017604,/bdd/CORDEX-Adjust/bias-adjusted-output/EUR-11/ICTP/MPI-M-MPI-ESM-LR/rcp85/r1i1p1/ICTP-RegCM4-6/SBCK-CDFt-ERA5-1976-2005/day/tasmaxAdjust/v20260512/tasmaxAdjust_EUR-11_MPI-M-MPI-ESM-LR_rcp85_r1i1p1_ICTP-RegCM4-6_SBCK-CDFt-ERA5-1976-2005_day_20060101-21001130.nc,ICTP_MPI-M-MPI-ESM-LR_rcp85_r1i1p1_ICTP-RegCM4-6_SBCK-CDFt-ERA5-1976-2005_day_tasmaxAdjust_v20260512,noleap,92,13.052882166214703
1345,2070,3,92,126409261.730273,36.66666666666666,92.0,2502653.967191004,7189580.320130337,42136420.57675766,125063094.87385575,10.367072163807258,14.55746711282453,236.72784596548195,480.5163446722524,/bdd/CORDEX-Adjust/bias-adjusted-output/EUR-11/ICTP/MPI-M-MPI-ESM-LR/rcp85/r1i1p1/ICTP-RegCM4-6/SBCK-CDFt-ERA5-1976-2005/day/tasmaxAdjust/v20260512/tasmaxAdjust_EUR-11_MPI-M-MPI-ESM-LR_rcp85_r1i1p1_ICTP-RegCM4-6_SBCK-CDFt-ERA5-1976-2005_day_20060101-21001130.nc,ICTP_MPI-M-MPI-ESM-LR_rcp85_r1i1p1_ICTP-RegCM4-6_SBCK-CDFt-ERA5-1976-2005_day_tasmaxAdjust_v20260512,noleap,92,16.02012393682751
1346,2071,6,92,90952961.61890984,24.0,92.0,962705.4744993164,4927885.11122245,15158826.936484976,86365320.04084405,3.781191131476574,7.102997709470542,89.60226015170882,302.8115067847509,/bdd/CORDEX-Adjust/bias-adjusted-output/EUR-11/ICTP/MPI-M-MPI-ESM-LR/rcp85/r1i1p1/ICTP-RegCM4-6/SBCK-CDFt-ERA5-1976-2005/day/tasmaxAdjust/v20260512/tasmaxAdjust_EUR-11_MPI-M-MPI-ESM-LR_rcp85_r1i1p1_ICTP-RegCM4-6_SBCK-CDFt-ERA5-1976-2005_day_20060101-21001130.nc,ICTP_MPI-M-MPI-ESM-LR_rcp85_r1i1p1_ICTP-RegCM4-6_SBCK-CDFt-ERA5-1976-2005_day_tasmaxAdjust_v20260512,noleap,92,11.526668992541902
1347,2072,6,92,148972524.78486866,22.83333333333333,92.0,1402810.3261173882,7671273.404995859,24828754.13081144,145445692.5200828,7.499055310816299,20.00679149938148,208.0097580553056,894.3936105656309,/bdd/CORDEX-Adjust/bias-adjusted-output/EUR-11/ICTP/MPI-M-MPI-ESM-LR/rcp85/r1i1p1/ICTP-RegCM4-6/SBCK-CDFt-ERA5-1976-2005/day/tasmaxAdjust/v20260512/tasmaxAdjust_EUR-11_MPI-M-MPI-ESM-LR_rcp85_r1i1p1_ICTP-RegCM4-6_SBCK-CDFt-ERA5-1976-2005_day_20060101-21001130.nc,ICTP_MPI-M-MPI-ESM-LR_rcp85_r1i1p1_ICTP-RegCM4-6_SBCK-CDFt-ERA5-1976-2005_day_tasmaxAdjust_v20260512,noleap,92,18.879615920295826
1348,2073,1,92,63001486.93482647,92.0,92.0,5948553.615707612,5948553.615707612,63001486.93482647,63001486.93482647,8.047059156164787,8.047059156164787,740.3294423671604,740.3294423671604,/bdd/CORDEX-Adjust/bias-adjusted-output/EUR-11/ICTP/MPI-M-MPI-ESM-LR/rcp85/r1i1p1/ICTP-RegCM4-6/SBCK-CDFt-ERA5-1976-2005/day/tasmaxAdjust/v20260512/tasmaxAdjust_EUR-11_MPI-M-MPI-ESM-LR_rcp85_r1i1p1_ICTP-RegCM4-6_SBCK-CDFt-ERA5-1976-2005_day_20060101-21001130.nc,ICTP_MPI-M-MPI-ESM-LR_rcp85_r1i1p1_ICTP-RegCM4-6_SBCK-CDFt-ERA5-1976-2005_day_tasmaxAdjust_v20260512,noleap,92,7.984317091052435
1349,2074,6,92,47804325.89992239,37.833333333333336,92.0,653332.5515918019,1847109.3577509937,7967387.649987064,31642371.328736745,7.856844734209774,13.597015826704736,420.4269055436337,1250.925456056836,/bdd/CORDEX-Adjust/bias-adjusted-output/EUR-11/ICTP/MPI-M-MPI-ESM-LR/rcp85/r1i1p1/ICTP-RegCM4-6/SBCK-CDFt-ERA5-1976-2005/day/tasmaxAdjust/v20260512/tasmaxAdjust_EUR-11_MPI-M-MPI-ESM-LR_rcp85_r1i1p1_ICTP-RegCM4-6_SBCK-CDFt-ERA5-1976-2005_day_20060101-21001130.nc,ICTP_MPI-M-MPI-ESM-LR_rcp85_r1i1p1_ICTP-RegCM4-6_SBCK-CDFt-ERA5-1976-2005_day_tasmaxAdjust_v20260512,noleap,92,6.058347427638252
1350,2075,3,92,67709964.42661977,66.33333333333333,92.0,1704272.970080408,4504844.120472855,22569988.14220659,62756006.00848255,6.049553740369537,13.406128840100632,478.2911773044966,1233.363853289258,/bdd/CORDEX-Adjust/bias-adjusted-output/EUR-11/ICTP/MPI-M-MPI-ESM-LR/rcp85/r1i1p1/ICTP-RegCM4-6/SBCK-CDFt-ERA5-1976-2005/day/tasmaxAdjust/v20260512/tasmaxAdjust_EUR-11_MPI-M-MPI-ESM-LR_rcp85_r1i1p1_ICTP-RegCM4-6_SBCK-CDFt-ERA5-1976-2005_day_20060101-21001130.nc,ICTP_MPI-M-MPI-ESM-LR_rcp85_r1i1p1_ICTP-RegCM4-6_SBCK-CDFt-ERA5-1976-2005_day_tasmaxAdjust_v20260512,noleap,92,8.581032805864865
1351,2076,7,92,133556683.9582095,30.857142857142858,92.0,1097955.963134738,6626439.600645894,19079526.27974421,128558233.30256283,3.725378362112365,9.04112447832964,90.34442685686466,236.8714920051458,/bdd/CORDEX-Adjust/bias-adjusted-output/EUR-11/ICTP/MPI-M-MPI-ESM-LR/rcp85/r1i1p1/ICTP-RegCM4-6/SBCK-CDFt-ERA5-1976-2005/day/tasmaxAdjust/v20260512/tasmaxAdjust_EUR-11_MPI-M-MPI-ESM-LR_rcp85_r1i1p1_ICTP-RegCM4-6_SBCK-CDFt-ERA5-1976-2005_day_20060101-21001130.nc,ICTP_MPI-M-MPI-ESM-LR_rcp85_r1i1p1_ICTP-RegCM4-6_SBCK-CDFt-ERA5-1976-2005_day_tasmaxAdjust_v20260512,noleap,92,16.92593248560853
1352,2077,7,92,87564969.48612508,21.714285714285715,92.0,1072747.9081634467,6398475.639607938,12509281.355160726,82411352.48871501,8.871789758789925,22.48129018184689,145.52523351615127,487.6794935220523,/bdd/CORDEX-Adjust/bias-adjusted-output/EUR-11/ICTP/MPI-M-MPI-ESM-LR/rcp85/r1i1p1/ICTP-RegCM4-6/SBCK-CDFt-ERA5-1976-2005/day/tasmaxAdjust/v20260512/tasmaxAdjust_EUR-11_MPI-M-MPI-ESM-LR_rcp85_r1i1p1_ICTP-RegCM4-6_SBCK-CDFt-ERA5-1976-2005_day_20060101-21001130.nc,ICTP_MPI-M-MPI-ESM-LR_rcp85_r1i1p1_ICTP-RegCM4-6_SBCK-CDFt-ERA5-1976-2005_day_tasmaxAdjust_v20260512,noleap,92,11.097301293361596
1353,2078,2,92,111508022.98997468,49.0,92.0,4345366.857825307,7805021.7392940195,55754011.49498735,107828979.95524524,19.048608168488933,24.43806199470185,701.635285728802,1256.6421994893929,/bdd/CORDEX-Adjust/bias-adjusted-output/EUR-11/ICTP/MPI-M-MPI-ESM-LR/rcp85/r1i1p1/ICTP-RegCM4-6/SBCK-CDFt-ERA5-1976-2005/day/tasmaxAdjust/v20260512/tasmaxAdjust_EUR-11_MPI-M-MPI-ESM-LR_rcp85_r1i1p1_ICTP-RegCM4-6_SBCK-CDFt-ERA5-1976-2005_day_20060101-21001130.nc,ICTP_MPI-M-MPI-ESM-LR_rcp85_r1i1p1_ICTP-RegCM4-6_SBCK-CDFt-ERA5-1976-2005_day_tasmaxAdjust_v20260512,noleap,92,14.131657157065716
1354,2079,2,92,107973939.34011428,52.0,92.0,3759439.378561005,7411335.20143676,53986969.67005714,107436640.20969442,14.08590271799889,20.981427492560485,456.6459503534785,661.5147707962311,/bdd/CORDEX-Adjust/bias-adjusted-output/EUR-11/ICTP/MPI-M-MPI-ESM-LR/rcp85/r1i1p1/ICTP-RegCM4-6/SBCK-CDFt-ERA5-1976-2005/day/tasmaxAdjust/v20260512/tasmaxAdjust_EUR-11_MPI-M-MPI-ESM-LR_rcp85_r1i1p1_ICTP-RegCM4-6_SBCK-CDFt-ERA5-1976-2005_day_20060101-21001130.nc,ICTP_MPI-M-MPI-ESM-LR_rcp85_r1i1p1_ICTP-RegCM4-6_SBCK-CDFt-ERA5-1976-2005_day_tasmaxAdjust_v20260512,noleap,92,13.683774958412542
1355,2080,3,92,125897525.5385919,39.0,92.0,2346785.054827256,6264969.0986834895,41965841.8461973,121215451.53607357,6.26374650616066,7.826094528813712,176.45783858026653,342.4734596870485,/bdd/CORDEX-Adjust/bias-adjusted-output/EUR-11/ICTP/MPI-M-MPI-ESM-LR/rcp85/r1i1p1/ICTP-RegCM4-6/SBCK-CDFt-ERA5-1976-2005/day/tasmaxAdjust/v20260512/tasmaxAdjust_EUR-11_MPI-M-MPI-ESM-LR_rcp85_r1i1p1_ICTP-RegCM4-6_SBCK-CDFt-ERA5-1976-2005_day_20060101-21001130.nc,ICTP_MPI-M-MPI-ESM-LR_rcp85_r1i1p1_ICTP-RegCM4-6_SBCK-CDFt-ERA5-1976-2005_day_tasmaxAdjust_v20260512,noleap,92,15.955270483041948
1356,2081,4,92,89313141.3636403,29.25,92.0,1738986.4677694268,5217902.726221571,22328285.34091008,81048631.00858739,8.00546970170472,18.177395353873703,202.1866230748924,568.4438520563325,/bdd/CORDEX-Adjust/bias-adjusted-output/EUR-11/ICTP/MPI-M-MPI-ESM-LR/rcp85/r1i1p1/ICTP-RegCM4-6/SBCK-CDFt-ERA5-1976-2005/day/tasmaxAdjust/v20260512/tasmaxAdjust_EUR-11_MPI-M-MPI-ESM-LR_rcp85_r1i1p1_ICTP-RegCM4-6_SBCK-CDFt-ERA5-1976-2005_day_20060101-21001130.nc,ICTP_MPI-M-MPI-ESM-LR_rcp85_r1i1p1_ICTP-RegCM4-6_SBCK-CDFt-ERA5-1976-2005_day_tasmaxAdjust_v20260512,noleap,92,11.318850962723861
1357,2082,2,92,122537811.8182613,57.5,92.0,3850650.480466671,6387228.6356429,61268905.90913065,114869231.6613502,14.672897739360984,23.338160522301195,544.7400540018192,552.702415990711,/bdd/CORDEX-Adjust/bias-adjusted-output/EUR-11/ICTP/MPI-M-MPI-ESM-LR/rcp85/r1i1p1/ICTP-RegCM4-6/SBCK-CDFt-ERA5-1976-2005/day/tasmaxAdjust/v20260512/tasmaxAdjust_EUR-11_MPI-M-MPI-ESM-LR_rcp85_r1i1p1_ICTP-RegCM4-6_SBCK-CDFt-ERA5-1976-2005_day_20060101-21001130.nc,ICTP_MPI-M-MPI-ESM-LR_rcp85_r1i1p1_ICTP-RegCM4-6_SBCK-CDFt-ERA5-1976-2005_day_tasmaxAdjust_v20260512,noleap,92,15.529486569306249
1358,2083,5,92,121883041.08680092,26.4,92.0,1373023.3194347287,6528217.730411784,24376608.217360187,120276678.480147,4.250341468796384,7.091885039067331,150.8864464725885,609.0694863139076,/bdd/CORDEX-Adjust/bias-adjusted-output/EUR-11/ICTP/MPI-M-MPI-ESM-LR/rcp85/r1i1p1/ICTP-RegCM4-6/SBCK-CDFt-ERA5-1976-2005/day/tasmaxAdjust/v20260512/tasmaxAdjust_EUR-11_MPI-M-MPI-ESM-LR_rcp85_r1i1p1_ICTP-RegCM4-6_SBCK-CDFt-ERA5-1976-2005_day_20060101-21001130.nc,ICTP_MPI-M-MPI-ESM-LR_rcp85_r1i1p1_ICTP-RegCM4-6_SBCK-CDFt-ERA5-1976-2005_day_tasmaxAdjust_v20260512,noleap,92,15.44650603350829
1359,2084,2,92,108842745.71734688,48.0,92.0,3975814.9338582186,7799818.901737971,54421372.85867344,108235501.853433,3.244872192748697,6.4897443854969366,298.52824173286,597.0564834657182,/bdd/CORDEX-Adjust/bias-adjusted-output/EUR-11/ICTP/MPI-M-MPI-ESM-LR/rcp85/r1i1p1/ICTP-RegCM4-6/SBCK-CDFt-ERA5-1976-2005/day/tasmaxAdjust/v20260512/tasmaxAdjust_EUR-11_MPI-M-MPI-ESM-LR_rcp85_r1i1p1_ICTP-RegCM4-6_SBCK-CDFt-ERA5-1976-2005_day_20060101-21001130.nc,ICTP_MPI-M-MPI-ESM-LR_rcp85_r1i1p1_ICTP-RegCM4-6_SBCK-CDFt-ERA5-1976-2005_day_tasmaxAdjust_v20260512,noleap,92,13.793880702642507
1360,2085,2,92,140122048.34742987,86.0,92.0,3301082.6123761977,6496258.453993047,70061024.17371494,139539229.19669262,4.738180415113344,6.092587731734579,399.3570718000201,487.4070185387663,/bdd/CORDEX-Adjust/bias-adjusted-output/EUR-11/ICTP/MPI-M-MPI-ESM-LR/rcp85/r1i1p1/ICTP-RegCM4-6/SBCK-CDFt-ERA5-1976-2005/day/tasmaxAdjust/v20260512/tasmaxAdjust_EUR-11_MPI-M-MPI-ESM-LR_rcp85_r1i1p1_ICTP-RegCM4-6_SBCK-CDFt-ERA5-1976-2005_day_20060101-21001130.nc,ICTP_MPI-M-MPI-ESM-LR_rcp85_r1i1p1_ICTP-RegCM4-6_SBCK-CDFt-ERA5-1976-2005_day_tasmaxAdjust_v20260512,noleap,92,17.757975563513444
1361,2086,2,92,91702107.25878613,49.5,92.0,2689309.1931947093,5311633.179391175,45851053.629393056,91364351.46205522,6.816352824956723,10.049617072578164,474.82319535926905,924.5647706771912,/bdd/CORDEX-Adjust/bias-adjusted-output/EUR-11/ICTP/MPI-M-MPI-ESM-LR/rcp85/r1i1p1/ICTP-RegCM4-6/SBCK-CDFt-ERA5-1976-2005/day/tasmaxAdjust/v20260512/tasmaxAdjust_EUR-11_MPI-M-MPI-ESM-LR_rcp85_r1i1p1_ICTP-RegCM4-6_SBCK-CDFt-ERA5-1976-2005_day_20060101-21001130.nc,ICTP_MPI-M-MPI-ESM-LR_rcp85_r1i1p1_ICTP-RegCM4-6_SBCK-CDFt-ERA5-1976-2005_day_tasmaxAdjust_v20260512,noleap,92,11.621609868180904
1362,2087,3,92,153952549.91087174,34.0,92.0,2635662.2246655645,7661780.349965826,51317516.63695725,152950027.3358904,5.680593579742879,14.875331696024572,96.18843405030712,199.313311974774,/bdd/CORDEX-Adjust/bias-adjusted-output/EUR-11/ICTP/MPI-M-MPI-ESM-LR/rcp85/r1i1p1/ICTP-RegCM4-6/SBCK-CDFt-ERA5-1976-2005/day/tasmaxAdjust/v20260512/tasmaxAdjust_EUR-11_MPI-M-MPI-ESM-LR_rcp85_r1i1p1_ICTP-RegCM4-6_SBCK-CDFt-ERA5-1976-2005_day_20060101-21001130.nc,ICTP_MPI-M-MPI-ESM-LR_rcp85_r1i1p1_ICTP-RegCM4-6_SBCK-CDFt-ERA5-1976-2005_day_tasmaxAdjust_v20260512,noleap,92,19.510745464405634
1363,2088,1,92,240118715.7826237,92.0,92.0,7921058.493617859,7921058.493617859,240118715.7826237,240118715.7826237,5.384098905799987,5.384098905799987,495.3370993335988,495.3370993335988,/bdd/CORDEX-Adjust/bias-adjusted-output/EUR-11/ICTP/MPI-M-MPI-ESM-LR/rcp85/r1i1p1/ICTP-RegCM4-6/SBCK-CDFt-ERA5-1976-2005/day/tasmaxAdjust/v20260512/tasmaxAdjust_EUR-11_MPI-M-MPI-ESM-LR_rcp85_r1i1p1_ICTP-RegCM4-6_SBCK-CDFt-ERA5-1976-2005_day_20060101-21001130.nc,ICTP_MPI-M-MPI-ESM-LR_rcp85_r1i1p1_ICTP-RegCM4-6_SBCK-CDFt-ERA5-1976-2005_day_tasmaxAdjust_v20260512,noleap,92,30.43077329727226
1364,2089,3,92,123484574.41211936,34.666666666666664,92.0,2367421.7519465764,6865481.670102093,41161524.80403978,122490084.53396893,2.1107994261441725,4.283651574999038,135.06997039927975,394.0959448999114,/bdd/CORDEX-Adjust/bias-adjusted-output/EUR-11/ICTP/MPI-M-MPI-ESM-LR/rcp85/r1i1p1/ICTP-RegCM4-6/SBCK-CDFt-ERA5-1976-2005/day/tasmaxAdjust/v20260512/tasmaxAdjust_EUR-11_MPI-M-MPI-ESM-LR_rcp85_r1i1p1_ICTP-RegCM4-6_SBCK-CDFt-ERA5-1976-2005_day_20060101-21001130.nc,ICTP_MPI-M-MPI-ESM-LR_rcp85_r1i1p1_ICTP-RegCM4-6_SBCK-CDFt-ERA5-1976-2005_day_tasmaxAdjust_v20260512,noleap,92,15.649471876432886
1365,2090,2,92,219340997.4618948,49.0,92.0,4282915.834728134,8445813.363773614,109670498.7309474,218772020.30856252,4.153471520403809,5.24672703746111,250.53009173325057,482.6988874464221,/bdd/CORDEX-Adjust/bias-adjusted-output/EUR-11/ICTP/MPI-M-MPI-ESM-LR/rcp85/r1i1p1/ICTP-RegCM4-6/SBCK-CDFt-ERA5-1976-2005/day/tasmaxAdjust/v20260512/tasmaxAdjust_EUR-11_MPI-M-MPI-ESM-LR_rcp85_r1i1p1_ICTP-RegCM4-6_SBCK-CDFt-ERA5-1976-2005_day_20060101-21001130.nc,ICTP_MPI-M-MPI-ESM-LR_rcp85_r1i1p1_ICTP-RegCM4-6_SBCK-CDFt-ERA5-1976-2005_day_tasmaxAdjust_v20260512,noleap,92,27.797567327500715
1366,2091,2,92,109287479.99271458,48.5,92.0,3046421.569003588,6009085.325182755,54643739.99635729,108938074.32539132,3.782976715782661,4.539494479723933,150.56584798401371,278.4342235694078,/bdd/CORDEX-Adjust/bias-adjusted-output/EUR-11/ICTP/MPI-M-MPI-ESM-LR/rcp85/r1i1p1/ICTP-RegCM4-6/SBCK-CDFt-ERA5-1976-2005/day/tasmaxAdjust/v20260512/tasmaxAdjust_EUR-11_MPI-M-MPI-ESM-LR_rcp85_r1i1p1_ICTP-RegCM4-6_SBCK-CDFt-ERA5-1976-2005_day_20060101-21001130.nc,ICTP_MPI-M-MPI-ESM-LR_rcp85_r1i1p1_ICTP-RegCM4-6_SBCK-CDFt-ERA5-1976-2005_day_tasmaxAdjust_v20260512,noleap,92,13.850242856117845
1367,2092,2,92,154333222.12223756,51.0,92.0,4018109.273493544,7965337.790564888,77166611.06111878,153926358.06351262,4.118898962971657,6.0581040240465365,289.5712546156246,557.3455702122814,/bdd/CORDEX-Adjust/bias-adjusted-output/EUR-11/ICTP/MPI-M-MPI-ESM-LR/rcp85/r1i1p1/ICTP-RegCM4-6/SBCK-CDFt-ERA5-1976-2005/day/tasmaxAdjust/v20260512/tasmaxAdjust_EUR-11_MPI-M-MPI-ESM-LR_rcp85_r1i1p1_ICTP-RegCM4-6_SBCK-CDFt-ERA5-1976-2005_day_20060101-21001130.nc,ICTP_MPI-M-MPI-ESM-LR_rcp85_r1i1p1_ICTP-RegCM4-6_SBCK-CDFt-ERA5-1976-2005_day_tasmaxAdjust_v20260512,noleap,92,19.558988891524123
1368,2093,2,92,166656648.80995804,53.0,92.0,3690012.367684433,7311034.028631281,83328324.40497902,166311694.38531604,2.639139788000678,4.672214554388709,219.1643246531692,429.8437390037612,/bdd/CORDEX-Adjust/bias-adjusted-output/EUR-11/ICTP/MPI-M-MPI-ESM-LR/rcp85/r1i1p1/ICTP-RegCM4-6/SBCK-CDFt-ERA5-1976-2005/day/tasmaxAdjust/v20260512/tasmaxAdjust_EUR-11_MPI-M-MPI-ESM-LR_rcp85_r1i1p1_ICTP-RegCM4-6_SBCK-CDFt-ERA5-1976-2005_day_20060101-21001130.nc,ICTP_MPI-M-MPI-ESM-LR_rcp85_r1i1p1_ICTP-RegCM4-6_SBCK-CDFt-ERA5-1976-2005_day_tasmaxAdjust_v20260512,noleap,92,21.1207638766905
1369,2094,4,92,115762297.49162006,27.75,92.0,1912538.934709856,6953981.08616174,28940574.372905016,112761428.66106348,7.778926116972183,12.87661337307614,184.8673626989104,562.9812838698642,/bdd/CORDEX-Adjust/bias-adjusted-output/EUR-11/ICTP/MPI-M-MPI-ESM-LR/rcp85/r1i1p1/ICTP-RegCM4-6/SBCK-CDFt-ERA5-1976-2005/day/tasmaxAdjust/v20260512/tasmaxAdjust_EUR-11_MPI-M-MPI-ESM-LR_rcp85_r1i1p1_ICTP-RegCM4-6_SBCK-CDFt-ERA5-1976-2005_day_20060101-21001130.nc,ICTP_MPI-M-MPI-ESM-LR_rcp85_r1i1p1_ICTP-RegCM4-6_SBCK-CDFt-ERA5-1976-2005_day_tasmaxAdjust_v20260512,noleap,92,14.670810727340246
1370,2095,3,92,197391951.77934203,36.333333333333336,92.0,2357233.4752709894,6711175.872557076,65797317.25978068,195554750.13996148,4.691848556353933,6.032686735914024,209.29830718407567,555.0071797040902,/bdd/CORDEX-Adjust/bias-adjusted-output/EUR-11/ICTP/MPI-M-MPI-ESM-LR/rcp85/r1i1p1/ICTP-RegCM4-6/SBCK-CDFt-ERA5-1976-2005/day/tasmaxAdjust/v20260512/tasmaxAdjust_EUR-11_MPI-M-MPI-ESM-LR_rcp85_r1i1p1_ICTP-RegCM4-6_SBCK-CDFt-ERA5-1976-2005_day_20060101-21001130.nc,ICTP_MPI-M-MPI-ESM-LR_rcp85_r1i1p1_ICTP-RegCM4-6_SBCK-CDFt-ERA5-1976-2005_day_tasmaxAdjust_v20260512,noleap,92,25.01591646334275
1371,2096,1,92,156039977.64383242,92.0,92.0,7300478.118785186,7300478.118785186,156039977.64383242,156039977.64383242,4.856243196847193,4.856243196847193,446.7743741099417,446.7743741099417,/bdd/CORDEX-Adjust/bias-adjusted-output/EUR-11/ICTP/MPI-M-MPI-ESM-LR/rcp85/r1i1p1/ICTP-RegCM4-6/SBCK-CDFt-ERA5-1976-2005/day/tasmaxAdjust/v20260512/tasmaxAdjust_EUR-11_MPI-M-MPI-ESM-LR_rcp85_r1i1p1_ICTP-RegCM4-6_SBCK-CDFt-ERA5-1976-2005_day_20060101-21001130.nc,ICTP_MPI-M-MPI-ESM-LR_rcp85_r1i1p1_ICTP-RegCM4-6_SBCK-CDFt-ERA5-1976-2005_day_tasmaxAdjust_v20260512,noleap,92,19.775289774952718
1372,2097,3,92,160554903.22158492,36.333333333333336,92.0,2567090.168894737,7284933.505632696,53518301.07386164,158451802.06455612,9.719391083255523,12.15177961029412,421.152483188504,1117.963724147059,/bdd/CORDEX-Adjust/bias-adjusted-output/EUR-11/ICTP/MPI-M-MPI-ESM-LR/rcp85/r1i1p1/ICTP-RegCM4-6/SBCK-CDFt-ERA5-1976-2005/day/tasmaxAdjust/v20260512/tasmaxAdjust_EUR-11_MPI-M-MPI-ESM-LR_rcp85_r1i1p1_ICTP-RegCM4-6_SBCK-CDFt-ERA5-1976-2005_day_20060101-21001130.nc,ICTP_MPI-M-MPI-ESM-LR_rcp85_r1i1p1_ICTP-RegCM4-6_SBCK-CDFt-ERA5-1976-2005_day_tasmaxAdjust_v20260512,noleap,92,20.34747622973545
1373,2098,2,92,180218169.54434973,51.0,92.0,3597432.3318926613,7073140.027445769,90109084.77217488,179659122.19163623,3.423237691749625,4.525350278623459,219.77173834105807,416.33222563335823,/bdd/CORDEX-Adjust/bias-adjusted-output/EUR-11/ICTP/MPI-M-MPI-ESM-LR/rcp85/r1i1p1/ICTP-RegCM4-6/SBCK-CDFt-ERA5-1976-2005/day/tasmaxAdjust/v20260512/tasmaxAdjust_EUR-11_MPI-M-MPI-ESM-LR_rcp85_r1i1p1_ICTP-RegCM4-6_SBCK-CDFt-ERA5-1976-2005_day_20060101-21001130.nc,ICTP_MPI-M-MPI-ESM-LR_rcp85_r1i1p1_ICTP-RegCM4-6_SBCK-CDFt-ERA5-1976-2005_day_tasmaxAdjust_v20260512,noleap,92,22.83944524515214
1374,2099,4,92,158096438.98493356,33.25,92.0,1701973.854556689,5513999.595846837,39524109.74623339,150998190.06538323,7.395640490108733,21.579944138801533,243.37313100831767,604.238435886443,/bdd/CORDEX-Adjust/bias-adjusted-output/EUR-11/ICTP/MPI-M-MPI-ESM-LR/rcp85/r1i1p1/ICTP-RegCM4-6/SBCK-CDFt-ERA5-1976-2005/day/tasmaxAdjust/v20260512/tasmaxAdjust_EUR-11_MPI-M-MPI-ESM-LR_rcp85_r1i1p1_ICTP-RegCM4-6_SBCK-CDFt-ERA5-1976-2005_day_20060101-21001130.nc,ICTP_MPI-M-MPI-ESM-LR_rcp85_r1i1p1_ICTP-RegCM4-6_SBCK-CDFt-ERA5-1976-2005_day_tasmaxAdjust_v20260512,noleap,92,20.035909646509523
1500,1975,5,25,2998428.8870658763,7.8,10.0,125588.30935152288,301685.71392364014,599685.7774131752,1411568.1737405038,4.647311240634108,10.932809290297216,37.32901424677561,76.52966503208052,/bdd/CORDEX-Adjust/bias-adjusted-output/EUR-11/CLMcom/MPI-M-MPI-ESM-LR/historical/r1i1p1/CLMcom-CCLM4-8-17/SBCK-CDFt-ERA5-1976-2005/day/tasmaxAdjust/v20260512/tasmaxAdjust_EUR-11_MPI-M-MPI-ESM-LR_historical_r1i1p1_CLMcom-CCLM4-8-17_SBCK-CDFt-ERA5-1976-2005_day_19500101-20051231.nc,CLMcom_MPI-M-MPI-ESM-LR_rcp45_r1i1p1_CLMcom-CCLM4-8-17_SBCK-CDFt-ERA5-1976-2005_day_tasmaxAdjust_v20260512,noleap,92,0.3799974917111272
1501,1976,4,31,7962293.289197112,10.25,14.0,404087.3783292621,702299.0572919005,1990573.322299278,3845715.9341189554,4.250009038340796,7.307957267738057,37.50999912500845,44.31326575376181,/bdd/CORDEX-Adjust/bias-adjusted-output/EUR-11/CLMcom/MPI-M-MPI-ESM-LR/historical/r1i1p1/CLMcom-CCLM4-8-17/SBCK-CDFt-ERA5-1976-2005/day/tasmaxAdjust/v20260512/tasmaxAdjust_EUR-11_MPI-M-MPI-ESM-LR_historical_r1i1p1_CLMcom-CCLM4-8-17_SBCK-CDFt-ERA5-1976-2005_day_19500101-20051231.nc,CLMcom_MPI-M-MPI-ESM-LR_rcp45_r1i1p1_CLMcom-CCLM4-8-17_SBCK-CDFt-ERA5-1976-2005_day_tasmaxAdjust_v20260512,noleap,92,1.0090789517186134
1502,1977,0,0,0.0,,,,,,,,,,,/bdd/CORDEX-Adjust/bias-adjusted-output/EUR-11/CLMcom/MPI-M-MPI-ESM-LR/historical/r1i1p1/CLMcom-CCLM4-8-17/SBCK-CDFt-ERA5-1976-2005/day/tasmaxAdjust/v20260512/tasmaxAdjust_EUR-11_MPI-M-MPI-ESM-LR_historical_r1i1p1_CLMcom-CCLM4-8-17_SBCK-CDFt-ERA5-1976-2005_day_19500101-20051231.nc,CLMcom_MPI-M-MPI-ESM-LR_rcp45_r1i1p1_CLMcom-CCLM4-8-17_SBCK-CDFt-ERA5-1976-2005_day_tasmaxAdjust_v20260512,noleap,92,0.0
1503,1978,4,29,4927660.103199243,7.5,10.0,270313.4482108044,473259.9461811188,1231915.025799811,2137044.339191764,10.012663216757268,18.86056477611111,92.6666448258425,175.30293227314948,/bdd/CORDEX-Adjust/bias-adjusted-output/EUR-11/CLMcom/MPI-M-MPI-ESM-LR/historical/r1i1p1/CLMcom-CCLM4-8-17/SBCK-CDFt-ERA5-1976-2005/day/tasmaxAdjust/v20260512/tasmaxAdjust_EUR-11_MPI-M-MPI-ESM-LR_historical_r1i1p1_CLMcom-CCLM4-8-17_SBCK-CDFt-ERA5-1976-2005_day_19500101-20051231.nc,CLMcom_MPI-M-MPI-ESM-LR_rcp45_r1i1p1_CLMcom-CCLM4-8-17_SBCK-CDFt-ERA5-1976-2005_day_tasmaxAdjust_v20260512,noleap,92,0.6244932095264886
1504,1979,6,39,17432579.17004089,8.666666666666666,14.0,512235.4428010962,1350954.2484490653,2905429.8616734818,8760132.322483847,10.21448026275578,19.90271594101752,92.6961846455114,205.7503420876784,/bdd/CORDEX-Adjust/bias-adjusted-output/EUR-11/CLMcom/MPI-M-MPI-ESM-LR/historical/r1i1p1/CLMcom-CCLM4-8-17/SBCK-CDFt-ERA5-1976-2005/day/tasmaxAdjust/v20260512/tasmaxAdjust_EUR-11_MPI-M-MPI-ESM-LR_historical_r1i1p1_CLMcom-CCLM4-8-17_SBCK-CDFt-ERA5-1976-2005_day_19500101-20051231.nc,CLMcom_MPI-M-MPI-ESM-LR_rcp45_r1i1p1_CLMcom-CCLM4-8-17_SBCK-CDFt-ERA5-1976-2005_day_tasmaxAdjust_v20260512,noleap,92,2.209269123321931
1505,1980,0,0,0.0,,,,,,,,,,,/bdd/CORDEX-Adjust/bias-adjusted-output/EUR-11/CLMcom/MPI-M-MPI-ESM-LR/historical/r1i1p1/CLMcom-CCLM4-8-17/SBCK-CDFt-ERA5-1976-2005/day/tasmaxAdjust/v20260512/tasmaxAdjust_EUR-11_MPI-M-MPI-ESM-LR_historical_r1i1p1_CLMcom-CCLM4-8-17_SBCK-CDFt-ERA5-1976-2005_day_19500101-20051231.nc,CLMcom_MPI-M-MPI-ESM-LR_rcp45_r1i1p1_CLMcom-CCLM4-8-17_SBCK-CDFt-ERA5-1976-2005_day_tasmaxAdjust_v20260512,noleap,92,0.0
1506,1981,3,12,3118748.118341652,6.0,8.0,218006.95128001625,367742.751636894,1039582.706113884,1901589.760064833,1.922889763608942,3.733294328631095,14.026201467407716,29.86635462904876,/bdd/CORDEX-Adjust/bias-adjusted-output/EUR-11/CLMcom/MPI-M-MPI-ESM-LR/historical/r1i1p1/CLMcom-CCLM4-8-17/SBCK-CDFt-ERA5-1976-2005/day/tasmaxAdjust/v20260512/tasmaxAdjust_EUR-11_MPI-M-MPI-ESM-LR_historical_r1i1p1_CLMcom-CCLM4-8-17_SBCK-CDFt-ERA5-1976-2005_day_19500101-20051231.nc,CLMcom_MPI-M-MPI-ESM-LR_rcp45_r1i1p1_CLMcom-CCLM4-8-17_SBCK-CDFt-ERA5-1976-2005_day_tasmaxAdjust_v20260512,noleap,92,0.3952458126856981
1507,1982,2,12,2416500.159237989,6.0,7.0,274256.05919534934,412159.3334443253,1208250.0796189946,1686368.2268200149,5.020686163012373,8.190547518260429,33.29397833332229,57.333832627823,/bdd/CORDEX-Adjust/bias-adjusted-output/EUR-11/CLMcom/MPI-M-MPI-ESM-LR/historical/r1i1p1/CLMcom-CCLM4-8-17/SBCK-CDFt-ERA5-1976-2005/day/tasmaxAdjust/v20260512/tasmaxAdjust_EUR-11_MPI-M-MPI-ESM-LR_historical_r1i1p1_CLMcom-CCLM4-8-17_SBCK-CDFt-ERA5-1976-2005_day_19500101-20051231.nc,CLMcom_MPI-M-MPI-ESM-LR_rcp45_r1i1p1_CLMcom-CCLM4-8-17_SBCK-CDFt-ERA5-1976-2005_day_tasmaxAdjust_v20260512,noleap,92,0.3062483833420328
1508,1983,1,7,397491.7011335137,7.0,7.0,73582.8079164379,73582.8079164379,397491.7011335137,397491.7011335137,1.5297078460084073,1.5297078460084073,10.707954922058851,10.707954922058851,/bdd/CORDEX-Adjust/bias-adjusted-output/EUR-11/CLMcom/MPI-M-MPI-ESM-LR/historical/r1i1p1/CLMcom-CCLM4-8-17/SBCK-CDFt-ERA5-1976-2005/day/tasmaxAdjust/v20260512/tasmaxAdjust_EUR-11_MPI-M-MPI-ESM-LR_historical_r1i1p1_CLMcom-CCLM4-8-17_SBCK-CDFt-ERA5-1976-2005_day_19500101-20051231.nc,CLMcom_MPI-M-MPI-ESM-LR_rcp45_r1i1p1_CLMcom-CCLM4-8-17_SBCK-CDFt-ERA5-1976-2005_day_tasmaxAdjust_v20260512,noleap,92,0.050374998072584165
1509,1984,0,0,0.0,,,,,,,,,,,/bdd/CORDEX-Adjust/bias-adjusted-output/EUR-11/CLMcom/MPI-M-MPI-ESM-LR/historical/r1i1p1/CLMcom-CCLM4-8-17/SBCK-CDFt-ERA5-1976-2005/day/tasmaxAdjust/v20260512/tasmaxAdjust_EUR-11_MPI-M-MPI-ESM-LR_historical_r1i1p1_CLMcom-CCLM4-8-17_SBCK-CDFt-ERA5-1976-2005_day_19500101-20051231.nc,CLMcom_MPI-M-MPI-ESM-LR_rcp45_r1i1p1_CLMcom-CCLM4-8-17_SBCK-CDFt-ERA5-1976-2005_day_tasmaxAdjust_v20260512,noleap,92,0.0
1510,1985,1,8,1906852.183522537,8.0,8.0,456246.29972114094,456246.29972114094,1906852.183522537,1906852.183522537,58.73712017650236,58.73712017650236,469.89696141201887,469.89696141201887,/bdd/CORDEX-Adjust/bias-adjusted-output/EUR-11/CLMcom/MPI-M-MPI-ESM-LR/historical/r1i1p1/CLMcom-CCLM4-8-17/SBCK-CDFt-ERA5-1976-2005/day/tasmaxAdjust/v20260512/tasmaxAdjust_EUR-11_MPI-M-MPI-ESM-LR_historical_r1i1p1_CLMcom-CCLM4-8-17_SBCK-CDFt-ERA5-1976-2005_day_19500101-20051231.nc,CLMcom_MPI-M-MPI-ESM-LR_rcp45_r1i1p1_CLMcom-CCLM4-8-17_SBCK-CDFt-ERA5-1976-2005_day_tasmaxAdjust_v20260512,noleap,92,0.24165957376148048
1511,1986,2,25,5927145.620235599,12.5,14.0,494212.730942924,814772.9267677523,2963572.8101178,4989223.317240278,4.20204033553367,7.559324861488468,57.56143098310307,105.83054806083857,/bdd/CORDEX-Adjust/bias-adjusted-output/EUR-11/CLMcom/MPI-M-MPI-ESM-LR/historical/r1i1p1/CLMcom-CCLM4-8-17/SBCK-CDFt-ERA5-1976-2005/day/tasmaxAdjust/v20260512/tasmaxAdjust_EUR-11_MPI-M-MPI-ESM-LR_historical_r1i1p1_CLMcom-CCLM4-8-17_SBCK-CDFt-ERA5-1976-2005_day_19500101-20051231.nc,CLMcom_MPI-M-MPI-ESM-LR_rcp45_r1i1p1_CLMcom-CCLM4-8-17_SBCK-CDFt-ERA5-1976-2005_day_tasmaxAdjust_v20260512,noleap,92,0.7511602087385562
1512,1987,8,68,8409948.416295815,10.75,34.0,225602.83141753948,566491.5412850656,1051243.552036977,2716890.240758318,6.869049768475797,33.10312120243424,160.7064758074826,1125.5061208827642,/bdd/CORDEX-Adjust/bias-adjusted-output/EUR-11/CLMcom/MPI-M-MPI-ESM-LR/historical/r1i1p1/CLMcom-CCLM4-8-17/SBCK-CDFt-ERA5-1976-2005/day/tasmaxAdjust/v20260512/tasmaxAdjust_EUR-11_MPI-M-MPI-ESM-LR_historical_r1i1p1_CLMcom-CCLM4-8-17_SBCK-CDFt-ERA5-1976-2005_day_19500101-20051231.nc,CLMcom_MPI-M-MPI-ESM-LR_rcp45_r1i1p1_CLMcom-CCLM4-8-17_SBCK-CDFt-ERA5-1976-2005_day_tasmaxAdjust_v20260512,noleap,92,1.0658112711619445
1513,1988,2,16,3732777.681484842,8.0,11.0,340087.15947358694,576738.3919427362,1866388.840742421,3317582.804515126,13.950586341999704,16.535588118426706,103.84968540671665,125.02143022129974,/bdd/CORDEX-Adjust/bias-adjusted-output/EUR-11/CLMcom/MPI-M-MPI-ESM-LR/historical/r1i1p1/CLMcom-CCLM4-8-17/SBCK-CDFt-ERA5-1976-2005/day/tasmaxAdjust/v20260512/tasmaxAdjust_EUR-11_MPI-M-MPI-ESM-LR_historical_r1i1p1_CLMcom-CCLM4-8-17_SBCK-CDFt-ERA5-1976-2005_day_19500101-20051231.nc,CLMcom_MPI-M-MPI-ESM-LR_rcp45_r1i1p1_CLMcom-CCLM4-8-17_SBCK-CDFt-ERA5-1976-2005_day_tasmaxAdjust_v20260512,noleap,92,0.473063130560866
1514,1989,3,34,10820131.512708684,12.666666666666666,15.0,669969.3281072844,1434632.8969572173,3606710.504236228,6827859.470960226,10.273349149640277,16.468405028359335,127.66577927958704,197.620860340312,/bdd/CORDEX-Adjust/bias-adjusted-output/EUR-11/CLMcom/MPI-M-MPI-ESM-LR/historical/r1i1p1/CLMcom-CCLM4-8-17/SBCK-CDFt-ERA5-1976-2005/day/tasmaxAdjust/v20260512/tasmaxAdjust_EUR-11_MPI-M-MPI-ESM-LR_historical_r1i1p1_CLMcom-CCLM4-8-17_SBCK-CDFt-ERA5-1976-2005_day_19500101-20051231.nc,CLMcom_MPI-M-MPI-ESM-LR_rcp45_r1i1p1_CLMcom-CCLM4-8-17_SBCK-CDFt-ERA5-1976-2005_day_tasmaxAdjust_v20260512,noleap,92,1.3712590792297457
1515,1990,3,40,10918059.108888283,13.333333333333334,17.0,503960.5233687536,1132979.602895561,3639353.0362960952,9098065.186179426,7.786372306056866,11.883942311521643,104.67293596887995,154.49125004978137,/bdd/CORDEX-Adjust/bias-adjusted-output/EUR-11/CLMcom/MPI-M-MPI-ESM-LR/historical/r1i1p1/CLMcom-CCLM4-8-17/SBCK-CDFt-ERA5-1976-2005/day/tasmaxAdjust/v20260512/tasmaxAdjust_EUR-11_MPI-M-MPI-ESM-LR_historical_r1i1p1_CLMcom-CCLM4-8-17_SBCK-CDFt-ERA5-1976-2005_day_19500101-20051231.nc,CLMcom_MPI-M-MPI-ESM-LR_rcp45_r1i1p1_CLMcom-CCLM4-8-17_SBCK-CDFt-ERA5-1976-2005_day_tasmaxAdjust_v20260512,noleap,92,1.3836696590097322
1516,1991,4,34,5872085.225485575,11.75,14.0,290936.1188238549,380663.5425720289,1468021.3063713938,1887194.28107712,12.937584742136476,33.61633468632578,158.9883724205724,437.0123509222352,/bdd/CORDEX-Adjust/bias-adjusted-output/EUR-11/CLMcom/MPI-M-MPI-ESM-LR/historical/r1i1p1/CLMcom-CCLM4-8-17/SBCK-CDFt-ERA5-1976-2005/day/tasmaxAdjust/v20260512/tasmaxAdjust_EUR-11_MPI-M-MPI-ESM-LR_historical_r1i1p1_CLMcom-CCLM4-8-17_SBCK-CDFt-ERA5-1976-2005_day_19500101-20051231.nc,CLMcom_MPI-M-MPI-ESM-LR_rcp45_r1i1p1_CLMcom-CCLM4-8-17_SBCK-CDFt-ERA5-1976-2005_day_tasmaxAdjust_v20260512,noleap,92,0.7441822837366039
1517,1992,5,33,4105404.5698528495,9.2,20.0,167417.99717040895,275941.6836478451,821080.9139705701,1486013.7216706062,14.811442746478452,45.608747601232096,227.54733014726904,912.174952024642,/bdd/CORDEX-Adjust/bias-adjusted-output/EUR-11/CLMcom/MPI-M-MPI-ESM-LR/historical/r1i1p1/CLMcom-CCLM4-8-17/SBCK-CDFt-ERA5-1976-2005/day/tasmaxAdjust/v20260512/tasmaxAdjust_EUR-11_MPI-M-MPI-ESM-LR_historical_r1i1p1_CLMcom-CCLM4-8-17_SBCK-CDFt-ERA5-1976-2005_day_19500101-20051231.nc,CLMcom_MPI-M-MPI-ESM-LR_rcp45_r1i1p1_CLMcom-CCLM4-8-17_SBCK-CDFt-ERA5-1976-2005_day_tasmaxAdjust_v20260512,noleap,92,0.5202869561899358
1518,1993,0,0,0.0,,,,,,,,,,,/bdd/CORDEX-Adjust/bias-adjusted-output/EUR-11/CLMcom/MPI-M-MPI-ESM-LR/historical/r1i1p1/CLMcom-CCLM4-8-17/SBCK-CDFt-ERA5-1976-2005/day/tasmaxAdjust/v20260512/tasmaxAdjust_EUR-11_MPI-M-MPI-ESM-LR_historical_r1i1p1_CLMcom-CCLM4-8-17_SBCK-CDFt-ERA5-1976-2005_day_19500101-20051231.nc,CLMcom_MPI-M-MPI-ESM-LR_rcp45_r1i1p1_CLMcom-CCLM4-8-17_SBCK-CDFt-ERA5-1976-2005_day_tasmaxAdjust_v20260512,noleap,92,0.0
1519,1994,4,30,3604286.7950726063,9.75,13.0,198569.3032649753,344548.5688667402,901071.6987681516,1524295.4220779918,10.346258133827773,16.935737363567657,103.80954271682306,165.47979569724097,/bdd/CORDEX-Adjust/bias-adjusted-output/EUR-11/CLMcom/MPI-M-MPI-ESM-LR/historical/r1i1p1/CLMcom-CCLM4-8-17/SBCK-CDFt-ERA5-1976-2005/day/tasmaxAdjust/v20260512/tasmaxAdjust_EUR-11_MPI-M-MPI-ESM-LR_historical_r1i1p1_CLMcom-CCLM4-8-17_SBCK-CDFt-ERA5-1976-2005_day_19500101-20051231.nc,CLMcom_MPI-M-MPI-ESM-LR_rcp45_r1i1p1_CLMcom-CCLM4-8-17_SBCK-CDFt-ERA5-1976-2005_day_tasmaxAdjust_v20260512,noleap,92,0.45677919774691556
1520,1995,3,22,5134755.049728288,10.333333333333334,13.0,343884.60709912813,679382.684081921,1711585.0165760962,3159251.4588676007,4.300643904217657,5.256507600400671,41.90278579078584,52.44738963375925,/bdd/CORDEX-Adjust/bias-adjusted-output/EUR-11/CLMcom/MPI-M-MPI-ESM-LR/historical/r1i1p1/CLMcom-CCLM4-8-17/SBCK-CDFt-ERA5-1976-2005/day/tasmaxAdjust/v20260512/tasmaxAdjust_EUR-11_MPI-M-MPI-ESM-LR_historical_r1i1p1_CLMcom-CCLM4-8-17_SBCK-CDFt-ERA5-1976-2005_day_19500101-20051231.nc,CLMcom_MPI-M-MPI-ESM-LR_rcp45_r1i1p1_CLMcom-CCLM4-8-17_SBCK-CDFt-ERA5-1976-2005_day_tasmaxAdjust_v20260512,noleap,92,0.650738807868524
1521,1996,4,48,8734077.877288545,12.0,16.0,447396.73671698006,972095.732619277,2183519.469322136,4370942.723118519,14.23479187430664,32.41609905583103,197.54362777281884,518.6575848932965,/bdd/CORDEX-Adjust/bias-adjusted-output/EUR-11/CLMcom/MPI-M-MPI-ESM-LR/historical/r1i1p1/CLMcom-CCLM4-8-17/SBCK-CDFt-ERA5-1976-2005/day/tasmaxAdjust/v20260512/tasmaxAdjust_EUR-11_MPI-M-MPI-ESM-LR_historical_r1i1p1_CLMcom-CCLM4-8-17_SBCK-CDFt-ERA5-1976-2005_day_19500101-20051231.nc,CLMcom_MPI-M-MPI-ESM-LR_rcp45_r1i1p1_CLMcom-CCLM4-8-17_SBCK-CDFt-ERA5-1976-2005_day_tasmaxAdjust_v20260512,noleap,92,1.106888911088047
1522,1997,0,0,0.0,,,,,,,,,,,/bdd/CORDEX-Adjust/bias-adjusted-output/EUR-11/CLMcom/MPI-M-MPI-ESM-LR/historical/r1i1p1/CLMcom-CCLM4-8-17/SBCK-CDFt-ERA5-1976-2005/day/tasmaxAdjust/v20260512/tasmaxAdjust_EUR-11_MPI-M-MPI-ESM-LR_historical_r1i1p1_CLMcom-CCLM4-8-17_SBCK-CDFt-ERA5-1976-2005_day_19500101-20051231.nc,CLMcom_MPI-M-MPI-ESM-LR_rcp45_r1i1p1_CLMcom-CCLM4-8-17_SBCK-CDFt-ERA5-1976-2005_day_tasmaxAdjust_v20260512,noleap,92,0.0
1523,1998,6,68,28810559.8149157,13.5,21.0,819244.2005053712,2100053.294668976,4801759.969152617,11301022.877685932,23.29289965602321,75.59280580994366,294.29957324778616,982.7064755292674,/bdd/CORDEX-Adjust/bias-adjusted-output/EUR-11/CLMcom/MPI-M-MPI-ESM-LR/historical/r1i1p1/CLMcom-CCLM4-8-17/SBCK-CDFt-ERA5-1976-2005/day/tasmaxAdjust/v20260512/tasmaxAdjust_EUR-11_MPI-M-MPI-ESM-LR_historical_r1i1p1_CLMcom-CCLM4-8-17_SBCK-CDFt-ERA5-1976-2005_day_19500101-20051231.nc,CLMcom_MPI-M-MPI-ESM-LR_rcp45_r1i1p1_CLMcom-CCLM4-8-17_SBCK-CDFt-ERA5-1976-2005_day_tasmaxAdjust_v20260512,noleap,92,3.6512256507688967
1524,1999,5,42,8617571.37947384,9.4,14.0,345367.59143895656,657366.6706104198,1723514.275894768,3337766.0719281747,9.50070108588734,18.587320200419487,84.33776834127018,185.87320200419487,/bdd/CORDEX-Adjust/bias-adjusted-output/EUR-11/CLMcom/MPI-M-MPI-ESM-LR/historical/r1i1p1/CLMcom-CCLM4-8-17/SBCK-CDFt-ERA5-1976-2005/day/tasmaxAdjust/v20260512/tasmaxAdjust_EUR-11_MPI-M-MPI-ESM-LR_historical_r1i1p1_CLMcom-CCLM4-8-17_SBCK-CDFt-ERA5-1976-2005_day_19500101-20051231.nc,CLMcom_MPI-M-MPI-ESM-LR_rcp45_r1i1p1_CLMcom-CCLM4-8-17_SBCK-CDFt-ERA5-1976-2005_day_tasmaxAdjust_v20260512,noleap,92,1.0921237862159485
1525,2000,6,66,26395357.70920632,12.666666666666666,25.0,686183.6880601823,1422794.6965064,4399226.28486772,12218639.912732957,14.871059196950227,41.783284278737256,246.89564040739504,1044.5821069684314,/bdd/CORDEX-Adjust/bias-adjusted-output/EUR-11/CLMcom/MPI-M-MPI-ESM-LR/historical/r1i1p1/CLMcom-CCLM4-8-17/SBCK-CDFt-ERA5-1976-2005/day/tasmaxAdjust/v20260512/tasmaxAdjust_EUR-11_MPI-M-MPI-ESM-LR_historical_r1i1p1_CLMcom-CCLM4-8-17_SBCK-CDFt-ERA5-1976-2005_day_19500101-20051231.nc,CLMcom_MPI-M-MPI-ESM-LR_rcp45_r1i1p1_CLMcom-CCLM4-8-17_SBCK-CDFt-ERA5-1976-2005_day_tasmaxAdjust_v20260512,noleap,92,3.345141772607262
1526,2001,6,49,6611561.957661092,10.0,16.0,228685.3619690225,409885.7514680488,1101926.9929435153,1962279.32209901,9.903249735951004,21.48065137935941,114.16807660351652,257.767816552313,/bdd/CORDEX-Adjust/bias-adjusted-output/EUR-11/CLMcom/MPI-M-MPI-ESM-LR/historical/r1i1p1/CLMcom-CCLM4-8-17/SBCK-CDFt-ERA5-1976-2005/day/tasmaxAdjust/v20260512/tasmaxAdjust_EUR-11_MPI-M-MPI-ESM-LR_historical_r1i1p1_CLMcom-CCLM4-8-17_SBCK-CDFt-ERA5-1976-2005_day_19500101-20051231.nc,CLMcom_MPI-M-MPI-ESM-LR_rcp45_r1i1p1_CLMcom-CCLM4-8-17_SBCK-CDFt-ERA5-1976-2005_day_tasmaxAdjust_v20260512,noleap,92,0.8378977974236436
1527,2002,3,27,3905558.310743002,9.666666666666666,14.0,244861.88536742344,416228.9542294528,1301852.7702476676,2415115.5903361067,12.268974858111784,30.508682891170128,117.53124384821346,274.5781460205312,/bdd/CORDEX-Adjust/bias-adjusted-output/EUR-11/CLMcom/MPI-M-MPI-ESM-LR/historical/r1i1p1/CLMcom-CCLM4-8-17/SBCK-CDFt-ERA5-1976-2005/day/tasmaxAdjust/v20260512/tasmaxAdjust_EUR-11_MPI-M-MPI-ESM-LR_historical_r1i1p1_CLMcom-CCLM4-8-17_SBCK-CDFt-ERA5-1976-2005_day_19500101-20051231.nc,CLMcom_MPI-M-MPI-ESM-LR_rcp45_r1i1p1_CLMcom-CCLM4-8-17_SBCK-CDFt-ERA5-1976-2005_day_tasmaxAdjust_v20260512,noleap,92,0.4949599999572315
1528,2003,4,37,4752479.711584309,11.25,12.0,243329.4287579716,410942.6539840634,1188119.9278960773,2033543.4239961985,15.634672953585362,39.656703991917546,176.28524482618025,436.223743911093,/bdd/CORDEX-Adjust/bias-adjusted-output/EUR-11/CLMcom/MPI-M-MPI-ESM-LR/historical/r1i1p1/CLMcom-CCLM4-8-17/SBCK-CDFt-ERA5-1976-2005/day/tasmaxAdjust/v20260512/tasmaxAdjust_EUR-11_MPI-M-MPI-ESM-LR_historical_r1i1p1_CLMcom-CCLM4-8-17_SBCK-CDFt-ERA5-1976-2005_day_19500101-20051231.nc,CLMcom_MPI-M-MPI-ESM-LR_rcp45_r1i1p1_CLMcom-CCLM4-8-17_SBCK-CDFt-ERA5-1976-2005_day_tasmaxAdjust_v20260512,noleap,92,0.6022922129653235
1529,2004,5,50,6219966.798138509,11.2,21.0,241019.4585347257,603986.0423036289,1243993.3596277018,3373898.4983109683,11.09453647873173,18.60707788590953,144.7221459214092,390.7486356041,/bdd/CORDEX-Adjust/bias-adjusted-output/EUR-11/CLMcom/MPI-M-MPI-ESM-LR/historical/r1i1p1/CLMcom-CCLM4-8-17/SBCK-CDFt-ERA5-1976-2005/day/tasmaxAdjust/v20260512/tasmaxAdjust_EUR-11_MPI-M-MPI-ESM-LR_historical_r1i1p1_CLMcom-CCLM4-8-17_SBCK-CDFt-ERA5-1976-2005_day_19500101-20051231.nc,CLMcom_MPI-M-MPI-ESM-LR_rcp45_r1i1p1_CLMcom-CCLM4-8-17_SBCK-CDFt-ERA5-1976-2005_day_tasmaxAdjust_v20260512,noleap,92,0.7882700810463463
1530,2005,6,61,12574119.0915298,12.5,36.0,339075.4030068837,1136756.9465588753,2095686.515254967,8411315.930340542,10.447888853758323,30.199856198665973,223.7792354742695,1087.194823151975,/bdd/CORDEX-Adjust/bias-adjusted-output/EUR-11/CLMcom/MPI-M-MPI-ESM-LR/historical/r1i1p1/CLMcom-CCLM4-8-17/SBCK-CDFt-ERA5-1976-2005/day/tasmaxAdjust/v20260512/tasmaxAdjust_EUR-11_MPI-M-MPI-ESM-LR_historical_r1i1p1_CLMcom-CCLM4-8-17_SBCK-CDFt-ERA5-1976-2005_day_19500101-20051231.nc,CLMcom_MPI-M-MPI-ESM-LR_rcp45_r1i1p1_CLMcom-CCLM4-8-17_SBCK-CDFt-ERA5-1976-2005_day_tasmaxAdjust_v20260512,noleap,92,1.5935457852175314
1531,2006,4,68,25791271.76606447,21.25,43.0,929592.6505204268,2373428.5744468537,6447817.941516117,18601705.477723245,27.095628492849382,40.40731690205298,443.4939681382704,847.284593971599,/bdd/CORDEX-Adjust/bias-adjusted-output/EUR-11/CLMcom/MPI-M-MPI-ESM-LR/rcp45/r1i1p1/CLMcom-CCLM4-8-17/SBCK-CDFt-ERA5-1976-2005/day/tasmaxAdjust/v20260512/tasmaxAdjust_EUR-11_MPI-M-MPI-ESM-LR_rcp45_r1i1p1_CLMcom-CCLM4-8-17_SBCK-CDFt-ERA5-1976-2005_day_20060101-21001231.nc,CLMcom_MPI-M-MPI-ESM-LR_rcp45_r1i1p1_CLMcom-CCLM4-8-17_SBCK-CDFt-ERA5-1976-2005_day_tasmaxAdjust_v20260512,noleap,92,3.2685846315784874
1532,2007,2,22,10432400.600067936,11.0,12.0,869951.1070600708,1104248.176248276,5216200.300033968,7329375.319347829,3.509244652098088,4.917612416041723,37.19332340913533,49.17612416041723,/bdd/CORDEX-Adjust/bias-adjusted-output/EUR-11/CLMcom/MPI-M-MPI-ESM-LR/rcp45/r1i1p1/CLMcom-CCLM4-8-17/SBCK-CDFt-ERA5-1976-2005/day/tasmaxAdjust/v20260512/tasmaxAdjust_EUR-11_MPI-M-MPI-ESM-LR_rcp45_r1i1p1_CLMcom-CCLM4-8-17_SBCK-CDFt-ERA5-1976-2005_day_20060101-21001231.nc,CLMcom_MPI-M-MPI-ESM-LR_rcp45_r1i1p1_CLMcom-CCLM4-8-17_SBCK-CDFt-ERA5-1976-2005_day_tasmaxAdjust_v20260512,noleap,92,1.3221210873641032
1533,2008,6,65,21031226.36113461,18.166666666666668,35.0,610657.7186029322,1350751.46717601,3505204.393522436,7518977.929745134,25.95823672682167,54.53883186531461,588.113301591239,1799.7814515553823,/bdd/CORDEX-Adjust/bias-adjusted-output/EUR-11/CLMcom/MPI-M-MPI-ESM-LR/rcp45/r1i1p1/CLMcom-CCLM4-8-17/SBCK-CDFt-ERA5-1976-2005/day/tasmaxAdjust/v20260512/tasmaxAdjust_EUR-11_MPI-M-MPI-ESM-LR_rcp45_r1i1p1_CLMcom-CCLM4-8-17_SBCK-CDFt-ERA5-1976-2005_day_20060101-21001231.nc,CLMcom_MPI-M-MPI-ESM-LR_rcp45_r1i1p1_CLMcom-CCLM4-8-17_SBCK-CDFt-ERA5-1976-2005_day_tasmaxAdjust_v20260512,noleap,92,2.6653336016451292
1534,2009,3,72,41417167.38472855,26.0,55.0,1384911.2925180653,2961427.599694617,13805722.461576184,34500076.555736825,18.2996676597315,36.32466193026299,305.11937805340705,617.5192528144709,/bdd/CORDEX-Adjust/bias-adjusted-output/EUR-11/CLMcom/MPI-M-MPI-ESM-LR/rcp45/r1i1p1/CLMcom-CCLM4-8-17/SBCK-CDFt-ERA5-1976-2005/day/tasmaxAdjust/v20260512/tasmaxAdjust_EUR-11_MPI-M-MPI-ESM-LR_rcp45_r1i1p1_CLMcom-CCLM4-8-17_SBCK-CDFt-ERA5-1976-2005_day_20060101-21001231.nc,CLMcom_MPI-M-MPI-ESM-LR_rcp45_r1i1p1_CLMcom-CCLM4-8-17_SBCK-CDFt-ERA5-1976-2005_day_tasmaxAdjust_v20260512,noleap,92,5.248888772338917
1535,2010,7,64,14652525.7294763,12.428571428571429,28.0,358716.567027716,1410368.7853650127,2093217.9613537567,9427198.667999674,8.76550112806233,18.119146521241344,121.75173388095614,380.50207694606826,/bdd/CORDEX-Adjust/bias-adjusted-output/EUR-11/CLMcom/MPI-M-MPI-ESM-LR/rcp45/r1i1p1/CLMcom-CCLM4-8-17/SBCK-CDFt-ERA5-1976-2005/day/tasmaxAdjust/v20260512/tasmaxAdjust_EUR-11_MPI-M-MPI-ESM-LR_rcp45_r1i1p1_CLMcom-CCLM4-8-17_SBCK-CDFt-ERA5-1976-2005_day_20060101-21001231.nc,CLMcom_MPI-M-MPI-ESM-LR_rcp45_r1i1p1_CLMcom-CCLM4-8-17_SBCK-CDFt-ERA5-1976-2005_day_tasmaxAdjust_v20260512,noleap,92,1.8569468325401106
1536,2011,8,79,44861135.73725356,13.0,22.0,981249.1189089888,2713337.4612510847,5607641.967156695,16537959.72637776,20.271195395916347,52.66704620659085,280.8826581607906,807.1815990994816,/bdd/CORDEX-Adjust/bias-adjusted-output/EUR-11/CLMcom/MPI-M-MPI-ESM-LR/rcp45/r1i1p1/CLMcom-CCLM4-8-17/SBCK-CDFt-ERA5-1976-2005/day/tasmaxAdjust/v20260512/tasmaxAdjust_EUR-11_MPI-M-MPI-ESM-LR_rcp45_r1i1p1_CLMcom-CCLM4-8-17_SBCK-CDFt-ERA5-1976-2005_day_20060101-21001231.nc,CLMcom_MPI-M-MPI-ESM-LR_rcp45_r1i1p1_CLMcom-CCLM4-8-17_SBCK-CDFt-ERA5-1976-2005_day_tasmaxAdjust_v20260512,noleap,92,5.685350461037708
1537,2012,7,57,10955034.90677612,10.714285714285714,19.0,332721.7302388377,1019080.3023576628,1565004.986682303,4982264.806371198,15.651354233531476,41.79565288017578,196.48401913518805,794.1174047233399,/bdd/CORDEX-Adjust/bias-adjusted-output/EUR-11/CLMcom/MPI-M-MPI-ESM-LR/rcp45/r1i1p1/CLMcom-CCLM4-8-17/SBCK-CDFt-ERA5-1976-2005/day/tasmaxAdjust/v20260512/tasmaxAdjust_EUR-11_MPI-M-MPI-ESM-LR_rcp45_r1i1p1_CLMcom-CCLM4-8-17_SBCK-CDFt-ERA5-1976-2005_day_20060101-21001231.nc,CLMcom_MPI-M-MPI-ESM-LR_rcp45_r1i1p1_CLMcom-CCLM4-8-17_SBCK-CDFt-ERA5-1976-2005_day_tasmaxAdjust_v20260512,noleap,92,1.388355683251296
1538,2013,7,67,21628941.697234616,15.285714285714286,38.0,560838.3061341338,1278798.178959674,3089848.81389066,6825330.201750756,10.345375207595325,35.91579889365917,144.92638862569078,574.6527822985468,/bdd/CORDEX-Adjust/bias-adjusted-output/EUR-11/CLMcom/MPI-M-MPI-ESM-LR/rcp45/r1i1p1/CLMcom-CCLM4-8-17/SBCK-CDFt-ERA5-1976-2005/day/tasmaxAdjust/v20260512/tasmaxAdjust_EUR-11_MPI-M-MPI-ESM-LR_rcp45_r1i1p1_CLMcom-CCLM4-8-17_SBCK-CDFt-ERA5-1976-2005_day_20060101-21001231.nc,CLMcom_MPI-M-MPI-ESM-LR_rcp45_r1i1p1_CLMcom-CCLM4-8-17_SBCK-CDFt-ERA5-1976-2005_day_tasmaxAdjust_v20260512,noleap,92,2.741083381623248
1539,2014,4,77,24756517.940163232,19.5,30.0,834121.7585800769,1848239.394192164,6189129.485040808,14334876.513021082,10.828066495243329,21.606695384062785,203.1187149361327,280.8870399928162,/bdd/CORDEX-Adjust/bias-adjusted-output/EUR-11/CLMcom/MPI-M-MPI-ESM-LR/rcp45/r1i1p1/CLMcom-CCLM4-8-17/SBCK-CDFt-ERA5-1976-2005/day/tasmaxAdjust/v20260512/tasmaxAdjust_EUR-11_MPI-M-MPI-ESM-LR_rcp45_r1i1p1_CLMcom-CCLM4-8-17_SBCK-CDFt-ERA5-1976-2005_day_20060101-21001231.nc,CLMcom_MPI-M-MPI-ESM-LR_rcp45_r1i1p1_CLMcom-CCLM4-8-17_SBCK-CDFt-ERA5-1976-2005_day_tasmaxAdjust_v20260512,noleap,92,3.137448001966526
1540,2015,6,43,15314811.082109671,14.333333333333334,24.0,504327.4467488169,837100.3503126615,2552468.513684945,3755159.281632376,14.144607296537034,21.83031497340172,226.65394010694573,508.0380279424019,/bdd/CORDEX-Adjust/bias-adjusted-output/EUR-11/CLMcom/MPI-M-MPI-ESM-LR/rcp45/r1i1p1/CLMcom-CCLM4-8-17/SBCK-CDFt-ERA5-1976-2005/day/tasmaxAdjust/v20260512/tasmaxAdjust_EUR-11_MPI-M-MPI-ESM-LR_rcp45_r1i1p1_CLMcom-CCLM4-8-17_SBCK-CDFt-ERA5-1976-2005_day_20060101-21001231.nc,CLMcom_MPI-M-MPI-ESM-LR_rcp45_r1i1p1_CLMcom-CCLM4-8-17_SBCK-CDFt-ERA5-1976-2005_day_tasmaxAdjust_v20260512,noleap,92,1.940879712817278
1541,2016,6,59,16312299.743950743,12.166666666666666,30.0,470802.576644918,1702667.3039167686,2718716.6239917907,8527534.949649075,11.519562495848104,41.2535403162701,181.83794594136256,866.324346641672,/bdd/CORDEX-Adjust/bias-adjusted-output/EUR-11/CLMcom/MPI-M-MPI-ESM-LR/rcp45/r1i1p1/CLMcom-CCLM4-8-17/SBCK-CDFt-ERA5-1976-2005/day/tasmaxAdjust/v20260512/tasmaxAdjust_EUR-11_MPI-M-MPI-ESM-LR_rcp45_r1i1p1_CLMcom-CCLM4-8-17_SBCK-CDFt-ERA5-1976-2005_day_20060101-21001231.nc,CLMcom_MPI-M-MPI-ESM-LR_rcp45_r1i1p1_CLMcom-CCLM4-8-17_SBCK-CDFt-ERA5-1976-2005_day_tasmaxAdjust_v20260512,noleap,92,2.067293646175828
1542,2017,3,61,13277515.749447774,23.33333333333333,45.0,570798.201385318,1074836.2588643187,4425838.583149258,9577680.051390048,4.683852585850744,7.276697705154973,74.10041504759143,116.42716328247955,/bdd/CORDEX-Adjust/bias-adjusted-output/EUR-11/CLMcom/MPI-M-MPI-ESM-LR/rcp45/r1i1p1/CLMcom-CCLM4-8-17/SBCK-CDFt-ERA5-1976-2005/day/tasmaxAdjust/v20260512/tasmaxAdjust_EUR-11_MPI-M-MPI-ESM-LR_rcp45_r1i1p1_CLMcom-CCLM4-8-17_SBCK-CDFt-ERA5-1976-2005_day_20060101-21001231.nc,CLMcom_MPI-M-MPI-ESM-LR_rcp45_r1i1p1_CLMcom-CCLM4-8-17_SBCK-CDFt-ERA5-1976-2005_day_tasmaxAdjust_v20260512,noleap,92,1.6826887916899569
1543,2018,7,46,5170852.418568259,9.142857142857142,12.0,139125.15320657656,289380.6473079311,738693.2026526084,1450254.7604777669,9.460153091216808,27.33369696779677,101.81072489045056,328.0043636135613,/bdd/CORDEX-Adjust/bias-adjusted-output/EUR-11/CLMcom/MPI-M-MPI-ESM-LR/rcp45/r1i1p1/CLMcom-CCLM4-8-17/SBCK-CDFt-ERA5-1976-2005/day/tasmaxAdjust/v20260512/tasmaxAdjust_EUR-11_MPI-M-MPI-ESM-LR_rcp45_r1i1p1_CLMcom-CCLM4-8-17_SBCK-CDFt-ERA5-1976-2005_day_20060101-21001231.nc,CLMcom_MPI-M-MPI-ESM-LR_rcp45_r1i1p1_CLMcom-CCLM4-8-17_SBCK-CDFt-ERA5-1976-2005_day_tasmaxAdjust_v20260512,noleap,92,0.6553135068636311
1544,2019,6,41,6505190.0327425925,8.333333333333334,16.0,236591.129172744,759120.7887303645,1084198.338790432,3249423.991058925,13.67749326794812,62.93009881404459,91.00123969803649,377.5805928842676,/bdd/CORDEX-Adjust/bias-adjusted-output/EUR-11/CLMcom/MPI-M-MPI-ESM-LR/rcp45/r1i1p1/CLMcom-CCLM4-8-17/SBCK-CDFt-ERA5-1976-2005/day/tasmaxAdjust/v20260512/tasmaxAdjust_EUR-11_MPI-M-MPI-ESM-LR_rcp45_r1i1p1_CLMcom-CCLM4-8-17_SBCK-CDFt-ERA5-1976-2005_day_20060101-21001231.nc,CLMcom_MPI-M-MPI-ESM-LR_rcp45_r1i1p1_CLMcom-CCLM4-8-17_SBCK-CDFt-ERA5-1976-2005_day_tasmaxAdjust_v20260512,noleap,92,0.824417049278548
1545,2020,3,42,13177321.411906412,16.333333333333332,32.0,779062.6168418423,2182881.2934580087,4392440.470635471,12378862.47432771,8.072365850540857,12.570912724983552,164.43717681954735,402.26920719947367,/bdd/CORDEX-Adjust/bias-adjusted-output/EUR-11/CLMcom/MPI-M-MPI-ESM-LR/rcp45/r1i1p1/CLMcom-CCLM4-8-17/SBCK-CDFt-ERA5-1976-2005/day/tasmaxAdjust/v20260512/tasmaxAdjust_EUR-11_MPI-M-MPI-ESM-LR_rcp45_r1i1p1_CLMcom-CCLM4-8-17_SBCK-CDFt-ERA5-1976-2005_day_20060101-21001231.nc,CLMcom_MPI-M-MPI-ESM-LR_rcp45_r1i1p1_CLMcom-CCLM4-8-17_SBCK-CDFt-ERA5-1976-2005_day_tasmaxAdjust_v20260512,noleap,92,1.6699909427886166
1546,2021,3,48,8221856.988570303,16.333333333333332,35.0,332503.9396020526,558008.924148696,2740618.996190101,6316345.329813893,10.381222009351555,14.16495636732546,132.96526501251205,230.8397512656015,/bdd/CORDEX-Adjust/bias-adjusted-output/EUR-11/CLMcom/MPI-M-MPI-ESM-LR/rcp45/r1i1p1/CLMcom-CCLM4-8-17/SBCK-CDFt-ERA5-1976-2005/day/tasmaxAdjust/v20260512/tasmaxAdjust_EUR-11_MPI-M-MPI-ESM-LR_rcp45_r1i1p1_CLMcom-CCLM4-8-17_SBCK-CDFt-ERA5-1976-2005_day_20060101-21001231.nc,CLMcom_MPI-M-MPI-ESM-LR_rcp45_r1i1p1_CLMcom-CCLM4-8-17_SBCK-CDFt-ERA5-1976-2005_day_tasmaxAdjust_v20260512,noleap,92,1.0419740305802607
1547,2022,5,38,19899065.123119973,9.8,13.0,791769.207775839,2319593.501833283,3979813.024623994,12234083.942459058,27.29031496737959,83.10638593176003,319.2928158892587,1080.3830171128805,/bdd/CORDEX-Adjust/bias-adjusted-output/EUR-11/CLMcom/MPI-M-MPI-ESM-LR/rcp45/r1i1p1/CLMcom-CCLM4-8-17/SBCK-CDFt-ERA5-1976-2005/day/tasmaxAdjust/v20260512/tasmaxAdjust_EUR-11_MPI-M-MPI-ESM-LR_rcp45_r1i1p1_CLMcom-CCLM4-8-17_SBCK-CDFt-ERA5-1976-2005_day_20060101-21001231.nc,CLMcom_MPI-M-MPI-ESM-LR_rcp45_r1i1p1_CLMcom-CCLM4-8-17_SBCK-CDFt-ERA5-1976-2005_day_tasmaxAdjust_v20260512,noleap,92,2.521852316324696
1548,2023,6,57,8028775.324140553,12.5,28.0,243521.0386443766,583512.5489581476,1338129.2206900923,3332956.0902018007,14.70645623587189,29.46039865203952,225.3838987739167,473.3503742980902,/bdd/CORDEX-Adjust/bias-adjusted-output/EUR-11/CLMcom/MPI-M-MPI-ESM-LR/rcp45/r1i1p1/CLMcom-CCLM4-8-17/SBCK-CDFt-ERA5-1976-2005/day/tasmaxAdjust/v20260512/tasmaxAdjust_EUR-11_MPI-M-MPI-ESM-LR_rcp45_r1i1p1_CLMcom-CCLM4-8-17_SBCK-CDFt-ERA5-1976-2005_day_20060101-21001231.nc,CLMcom_MPI-M-MPI-ESM-LR_rcp45_r1i1p1_CLMcom-CCLM4-8-17_SBCK-CDFt-ERA5-1976-2005_day_tasmaxAdjust_v20260512,noleap,92,1.0175043663186842
1549,2024,5,65,15278069.262263328,14.0,31.0,483900.209939477,933245.0597217547,3055613.8524526656,6765443.253221483,13.816090934531967,30.05202613807132,206.48438114391263,595.4133220859134,/bdd/CORDEX-Adjust/bias-adjusted-output/EUR-11/CLMcom/MPI-M-MPI-ESM-LR/rcp45/r1i1p1/CLMcom-CCLM4-8-17/SBCK-CDFt-ERA5-1976-2005/day/tasmaxAdjust/v20260512/tasmaxAdjust_EUR-11_MPI-M-MPI-ESM-LR_rcp45_r1i1p1_CLMcom-CCLM4-8-17_SBCK-CDFt-ERA5-1976-2005_day_20060101-21001231.nc,CLMcom_MPI-M-MPI-ESM-LR_rcp45_r1i1p1_CLMcom-CCLM4-8-17_SBCK-CDFt-ERA5-1976-2005_day_tasmaxAdjust_v20260512,noleap,92,1.9362233411278444
1550,2025,4,51,16647199.45873471,15.5,29.0,580235.1714128221,1702178.295045297,4161799.864683677,12404090.455885934,8.815705807935721,19.166401993081145,154.17592665764408,325.82883388237946,/bdd/CORDEX-Adjust/bias-adjusted-output/EUR-11/CLMcom/MPI-M-MPI-ESM-LR/rcp45/r1i1p1/CLMcom-CCLM4-8-17/SBCK-CDFt-ERA5-1976-2005/day/tasmaxAdjust/v20260512/tasmaxAdjust_EUR-11_MPI-M-MPI-ESM-LR_rcp45_r1i1p1_CLMcom-CCLM4-8-17_SBCK-CDFt-ERA5-1976-2005_day_20060101-21001231.nc,CLMcom_MPI-M-MPI-ESM-LR_rcp45_r1i1p1_CLMcom-CCLM4-8-17_SBCK-CDFt-ERA5-1976-2005_day_tasmaxAdjust_v20260512,noleap,92,2.1097362240677486
1551,2026,5,76,33939703.25262987,20.0,42.0,987225.32721338,2166421.1943660807,6787940.650525974,15423634.2949487,18.49258542036939,33.3658539373696,482.4400926560392,967.6097641837184,/bdd/CORDEX-Adjust/bias-adjusted-output/EUR-11/CLMcom/MPI-M-MPI-ESM-LR/rcp45/r1i1p1/CLMcom-CCLM4-8-17/SBCK-CDFt-ERA5-1976-2005/day/tasmaxAdjust/v20260512/tasmaxAdjust_EUR-11_MPI-M-MPI-ESM-LR_rcp45_r1i1p1_CLMcom-CCLM4-8-17_SBCK-CDFt-ERA5-1976-2005_day_20060101-21001231.nc,CLMcom_MPI-M-MPI-ESM-LR_rcp45_r1i1p1_CLMcom-CCLM4-8-17_SBCK-CDFt-ERA5-1976-2005_day_tasmaxAdjust_v20260512,noleap,92,4.301253286697002
1552,2027,5,59,16408222.218881194,15.6,33.0,586871.7791387744,1541051.9862530387,3281644.4437762387,9998668.978217358,21.35398899538574,82.37438708324255,421.28438706763006,1565.1133545816083,/bdd/CORDEX-Adjust/bias-adjusted-output/EUR-11/CLMcom/MPI-M-MPI-ESM-LR/rcp45/r1i1p1/CLMcom-CCLM4-8-17/SBCK-CDFt-ERA5-1976-2005/day/tasmaxAdjust/v20260512/tasmaxAdjust_EUR-11_MPI-M-MPI-ESM-LR_rcp45_r1i1p1_CLMcom-CCLM4-8-17_SBCK-CDFt-ERA5-1976-2005_day_20060101-21001231.nc,CLMcom_MPI-M-MPI-ESM-LR_rcp45_r1i1p1_CLMcom-CCLM4-8-17_SBCK-CDFt-ERA5-1976-2005_day_tasmaxAdjust_v20260512,noleap,92,2.0794501125270988
1553,2028,3,42,15984952.381534692,14.0,23.0,827335.9152770672,1063527.283624639,5328317.460511564,7445929.714516253,15.308693816763297,25.55117292684718,269.24348647422545,444.8449113378253,/bdd/CORDEX-Adjust/bias-adjusted-output/EUR-11/CLMcom/MPI-M-MPI-ESM-LR/rcp45/r1i1p1/CLMcom-CCLM4-8-17/SBCK-CDFt-ERA5-1976-2005/day/tasmaxAdjust/v20260512/tasmaxAdjust_EUR-11_MPI-M-MPI-ESM-LR_rcp45_r1i1p1_CLMcom-CCLM4-8-17_SBCK-CDFt-ERA5-1976-2005_day_20060101-21001231.nc,CLMcom_MPI-M-MPI-ESM-LR_rcp45_r1i1p1_CLMcom-CCLM4-8-17_SBCK-CDFt-ERA5-1976-2005_day_tasmaxAdjust_v20260512,noleap,92,2.0258081945204856
1554,2029,6,78,38507321.43338549,20.166666666666668,50.0,849306.5218819393,2340681.8461485747,6417886.905564249,22804160.78521005,14.666329049778732,30.15318510075533,356.39054816747097,1043.7515233078295,/bdd/CORDEX-Adjust/bias-adjusted-output/EUR-11/CLMcom/MPI-M-MPI-ESM-LR/rcp45/r1i1p1/CLMcom-CCLM4-8-17/SBCK-CDFt-ERA5-1976-2005/day/tasmaxAdjust/v20260512/tasmaxAdjust_EUR-11_MPI-M-MPI-ESM-LR_rcp45_r1i1p1_CLMcom-CCLM4-8-17_SBCK-CDFt-ERA5-1976-2005_day_20060101-21001231.nc,CLMcom_MPI-M-MPI-ESM-LR_rcp45_r1i1p1_CLMcom-CCLM4-8-17_SBCK-CDFt-ERA5-1976-2005_day_tasmaxAdjust_v20260512,noleap,92,4.880117591022638
1555,2030,6,65,39864751.50583136,18.166666666666668,49.0,1029542.6397147654,2931285.3771923007,6644125.250971894,18561185.522559334,19.332845870001847,36.16805827579575,417.9053992511659,1257.3919647988578,/bdd/CORDEX-Adjust/bias-adjusted-output/EUR-11/CLMcom/MPI-M-MPI-ESM-LR/rcp45/r1i1p1/CLMcom-CCLM4-8-17/SBCK-CDFt-ERA5-1976-2005/day/tasmaxAdjust/v20260512/tasmaxAdjust_EUR-11_MPI-M-MPI-ESM-LR_rcp45_r1i1p1_CLMcom-CCLM4-8-17_SBCK-CDFt-ERA5-1976-2005_day_20060101-21001231.nc,CLMcom_MPI-M-MPI-ESM-LR_rcp45_r1i1p1_CLMcom-CCLM4-8-17_SBCK-CDFt-ERA5-1976-2005_day_tasmaxAdjust_v20260512,noleap,92,5.052147691495503
1556,2031,7,88,34525522.7270982,17.142857142857142,47.0,807414.0906785444,2178248.618508499,4932217.5324426,15403730.888961451,13.331160376986672,27.08524005757293,249.0699437328703,786.3049580931288,/bdd/CORDEX-Adjust/bias-adjusted-output/EUR-11/CLMcom/MPI-M-MPI-ESM-LR/rcp45/r1i1p1/CLMcom-CCLM4-8-17/SBCK-CDFt-ERA5-1976-2005/day/tasmaxAdjust/v20260512/tasmaxAdjust_EUR-11_MPI-M-MPI-ESM-LR_rcp45_r1i1p1_CLMcom-CCLM4-8-17_SBCK-CDFt-ERA5-1976-2005_day_20060101-21001231.nc,CLMcom_MPI-M-MPI-ESM-LR_rcp45_r1i1p1_CLMcom-CCLM4-8-17_SBCK-CDFt-ERA5-1976-2005_day_tasmaxAdjust_v20260512,noleap,92,4.375495477950479
1557,2032,8,58,7862034.355587345,10.375,23.0,196343.12061677984,269492.3975990773,982754.294448418,1609686.480418285,6.682634375239745,17.594226857432144,76.79895021793854,228.59578635131845,/bdd/CORDEX-Adjust/bias-adjusted-output/EUR-11/CLMcom/MPI-M-MPI-ESM-LR/rcp45/r1i1p1/CLMcom-CCLM4-8-17/SBCK-CDFt-ERA5-1976-2005/day/tasmaxAdjust/v20260512/tasmaxAdjust_EUR-11_MPI-M-MPI-ESM-LR_rcp45_r1i1p1_CLMcom-CCLM4-8-17_SBCK-CDFt-ERA5-1976-2005_day_20060101-21001231.nc,CLMcom_MPI-M-MPI-ESM-LR_rcp45_r1i1p1_CLMcom-CCLM4-8-17_SBCK-CDFt-ERA5-1976-2005_day_tasmaxAdjust_v20260512,noleap,92,0.9963729164153632
1558,2033,5,80,32545931.23574765,22.6,37.0,961371.6377880672,2081460.323694772,6509186.24714953,14538623.30360906,28.478502711895025,52.66917401953848,719.0693510154945,1316.729350488462,/bdd/CORDEX-Adjust/bias-adjusted-output/EUR-11/CLMcom/MPI-M-MPI-ESM-LR/rcp45/r1i1p1/CLMcom-CCLM4-8-17/SBCK-CDFt-ERA5-1976-2005/day/tasmaxAdjust/v20260512/tasmaxAdjust_EUR-11_MPI-M-MPI-ESM-LR_rcp45_r1i1p1_CLMcom-CCLM4-8-17_SBCK-CDFt-ERA5-1976-2005_day_20060101-21001231.nc,CLMcom_MPI-M-MPI-ESM-LR_rcp45_r1i1p1_CLMcom-CCLM4-8-17_SBCK-CDFt-ERA5-1976-2005_day_tasmaxAdjust_v20260512,noleap,92,4.124617491625447
1559,2034,6,52,14312713.09473714,12.333333333333334,23.0,469214.3464178772,1613902.5796290373,2385452.18245619,8204252.319121608,15.153361698048403,55.666923546337095,161.5704126775241,612.336159009708,/bdd/CORDEX-Adjust/bias-adjusted-output/EUR-11/CLMcom/MPI-M-MPI-ESM-LR/rcp45/r1i1p1/CLMcom-CCLM4-8-17/SBCK-CDFt-ERA5-1976-2005/day/tasmaxAdjust/v20260512/tasmaxAdjust_EUR-11_MPI-M-MPI-ESM-LR_rcp45_r1i1p1_CLMcom-CCLM4-8-17_SBCK-CDFt-ERA5-1976-2005_day_20060101-21001231.nc,CLMcom_MPI-M-MPI-ESM-LR_rcp45_r1i1p1_CLMcom-CCLM4-8-17_SBCK-CDFt-ERA5-1976-2005_day_tasmaxAdjust_v20260512,noleap,92,1.8138816294900597
1560,2035,6,89,14581274.71869604,24.0,79.0,382032.5299331383,668151.0815053838,2430212.4531160067,5303652.537440022,16.081494479540115,43.37056272338221,303.7929219938598,693.9290035741153,/bdd/CORDEX-Adjust/bias-adjusted-output/EUR-11/CLMcom/MPI-M-MPI-ESM-LR/rcp45/r1i1p1/CLMcom-CCLM4-8-17/SBCK-CDFt-ERA5-1976-2005/day/tasmaxAdjust/v20260512/tasmaxAdjust_EUR-11_MPI-M-MPI-ESM-LR_rcp45_r1i1p1_CLMcom-CCLM4-8-17_SBCK-CDFt-ERA5-1976-2005_day_20060101-21001231.nc,CLMcom_MPI-M-MPI-ESM-LR_rcp45_r1i1p1_CLMcom-CCLM4-8-17_SBCK-CDFt-ERA5-1976-2005_day_tasmaxAdjust_v20260512,noleap,92,1.847917035136819
1561,2036,5,69,38614873.72605453,16.6,48.0,1174282.9510605629,3741612.869913649,7722974.745210906,28519216.902427346,13.132650627734971,24.01278293639072,167.80445925604263,408.21730991864223,/bdd/CORDEX-Adjust/bias-adjusted-output/EUR-11/CLMcom/MPI-M-MPI-ESM-LR/rcp45/r1i1p1/CLMcom-CCLM4-8-17/SBCK-CDFt-ERA5-1976-2005/day/tasmaxAdjust/v20260512/tasmaxAdjust_EUR-11_MPI-M-MPI-ESM-LR_rcp45_r1i1p1_CLMcom-CCLM4-8-17_SBCK-CDFt-ERA5-1976-2005_day_20060101-21001231.nc,CLMcom_MPI-M-MPI-ESM-LR_rcp45_r1i1p1_CLMcom-CCLM4-8-17_SBCK-CDFt-ERA5-1976-2005_day_tasmaxAdjust_v20260512,noleap,92,4.893747929770477
1562,2037,4,86,39436860.750492655,32.0,67.0,1068163.8653152154,2902701.7033786955,9859215.187623164,30772684.962271784,7.1451083718682735,14.063714011179693,298.7792188477425,767.6299844856846,/bdd/CORDEX-Adjust/bias-adjusted-output/EUR-11/CLMcom/MPI-M-MPI-ESM-LR/rcp45/r1i1p1/CLMcom-CCLM4-8-17/SBCK-CDFt-ERA5-1976-2005/day/tasmaxAdjust/v20260512/tasmaxAdjust_EUR-11_MPI-M-MPI-ESM-LR_rcp45_r1i1p1_CLMcom-CCLM4-8-17_SBCK-CDFt-ERA5-1976-2005_day_20060101-21001231.nc,CLMcom_MPI-M-MPI-ESM-LR_rcp45_r1i1p1_CLMcom-CCLM4-8-17_SBCK-CDFt-ERA5-1976-2005_day_tasmaxAdjust_v20260512,noleap,92,4.997920154382158
1563,2038,6,92,40907561.3625886,31.33333333333333,70.0,939911.9603095092,2523364.940767813,6817926.893764767,23018256.764165,18.225735067008845,61.33004525755013,466.2903914183093,1257.723179644581,/bdd/CORDEX-Adjust/bias-adjusted-output/EUR-11/CLMcom/MPI-M-MPI-ESM-LR/rcp45/r1i1p1/CLMcom-CCLM4-8-17/SBCK-CDFt-ERA5-1976-2005/day/tasmaxAdjust/v20260512/tasmaxAdjust_EUR-11_MPI-M-MPI-ESM-LR_rcp45_r1i1p1_CLMcom-CCLM4-8-17_SBCK-CDFt-ERA5-1976-2005_day_20060101-21001231.nc,CLMcom_MPI-M-MPI-ESM-LR_rcp45_r1i1p1_CLMcom-CCLM4-8-17_SBCK-CDFt-ERA5-1976-2005_day_tasmaxAdjust_v20260512,noleap,92,5.184305279627319
1564,2039,7,78,34610831.87382218,19.142857142857142,55.0,631678.0660943879,1931566.8321125368,4944404.553403169,15449917.025925416,9.583972684919186,26.385630839308742,174.53327391915127,633.2551401434098,/bdd/CORDEX-Adjust/bias-adjusted-output/EUR-11/CLMcom/MPI-M-MPI-ESM-LR/rcp45/r1i1p1/CLMcom-CCLM4-8-17/SBCK-CDFt-ERA5-1976-2005/day/tasmaxAdjust/v20260512/tasmaxAdjust_EUR-11_MPI-M-MPI-ESM-LR_rcp45_r1i1p1_CLMcom-CCLM4-8-17_SBCK-CDFt-ERA5-1976-2005_day_20060101-21001231.nc,CLMcom_MPI-M-MPI-ESM-LR_rcp45_r1i1p1_CLMcom-CCLM4-8-17_SBCK-CDFt-ERA5-1976-2005_day_tasmaxAdjust_v20260512,noleap,92,4.386306893860647
1565,2040,6,61,9917202.408345807,13.5,37.0,317635.64824420586,545272.1838871934,1652867.0680576346,3205475.65126618,18.586044228368472,43.21213076513293,250.5796925496272,669.4751089322062,/bdd/CORDEX-Adjust/bias-adjusted-output/EUR-11/CLMcom/MPI-M-MPI-ESM-LR/rcp45/r1i1p1/CLMcom-CCLM4-8-17/SBCK-CDFt-ERA5-1976-2005/day/tasmaxAdjust/v20260512/tasmaxAdjust_EUR-11_MPI-M-MPI-ESM-LR_rcp45_r1i1p1_CLMcom-CCLM4-8-17_SBCK-CDFt-ERA5-1976-2005_day_20060101-21001231.nc,CLMcom_MPI-M-MPI-ESM-LR_rcp45_r1i1p1_CLMcom-CCLM4-8-17_SBCK-CDFt-ERA5-1976-2005_day_tasmaxAdjust_v20260512,noleap,92,1.256828886694274
1566,2041,6,91,55915355.471274525,25.5,67.0,1208589.0679806506,3576367.879967828,9319225.911879089,37595137.32654893,17.432591416608275,34.27209107098157,412.5955995669931,889.5238102678463,/bdd/CORDEX-Adjust/bias-adjusted-output/EUR-11/CLMcom/MPI-M-MPI-ESM-LR/rcp45/r1i1p1/CLMcom-CCLM4-8-17/SBCK-CDFt-ERA5-1976-2005/day/tasmaxAdjust/v20260512/tasmaxAdjust_EUR-11_MPI-M-MPI-ESM-LR_rcp45_r1i1p1_CLMcom-CCLM4-8-17_SBCK-CDFt-ERA5-1976-2005_day_20060101-21001231.nc,CLMcom_MPI-M-MPI-ESM-LR_rcp45_r1i1p1_CLMcom-CCLM4-8-17_SBCK-CDFt-ERA5-1976-2005_day_tasmaxAdjust_v20260512,noleap,92,7.086276055728766
1567,2042,6,92,44707905.081547245,26.33333333333333,81.0,900941.390510462,3709691.419026703,7451317.513591208,35526782.35192736,8.420717692434781,18.086752005316093,186.9106418789271,518.3810683993868,/bdd/CORDEX-Adjust/bias-adjusted-output/EUR-11/CLMcom/MPI-M-MPI-ESM-LR/rcp45/r1i1p1/CLMcom-CCLM4-8-17/SBCK-CDFt-ERA5-1976-2005/day/tasmaxAdjust/v20260512/tasmaxAdjust_EUR-11_MPI-M-MPI-ESM-LR_rcp45_r1i1p1_CLMcom-CCLM4-8-17_SBCK-CDFt-ERA5-1976-2005_day_20060101-21001231.nc,CLMcom_MPI-M-MPI-ESM-LR_rcp45_r1i1p1_CLMcom-CCLM4-8-17_SBCK-CDFt-ERA5-1976-2005_day_tasmaxAdjust_v20260512,noleap,92,5.665931202814568
1568,2043,7,78,16478272.592837423,17.285714285714285,47.0,407691.3169683667,1284807.379606953,2354038.941833917,8082603.969620542,13.257388024706405,25.217210916496164,300.59243820437104,1173.9687911825413,/bdd/CORDEX-Adjust/bias-adjusted-output/EUR-11/CLMcom/MPI-M-MPI-ESM-LR/rcp45/r1i1p1/CLMcom-CCLM4-8-17/SBCK-CDFt-ERA5-1976-2005/day/tasmaxAdjust/v20260512/tasmaxAdjust_EUR-11_MPI-M-MPI-ESM-LR_rcp45_r1i1p1_CLMcom-CCLM4-8-17_SBCK-CDFt-ERA5-1976-2005_day_20060101-21001231.nc,CLMcom_MPI-M-MPI-ESM-LR_rcp45_r1i1p1_CLMcom-CCLM4-8-17_SBCK-CDFt-ERA5-1976-2005_day_tasmaxAdjust_v20260512,noleap,92,2.0883277505833546
1569,2044,7,80,43331544.41525097,17.142857142857142,59.0,905214.7338456836,4254852.429684008,6190220.630750139,32444096.3754692,15.4119012448302,34.66650806793628,343.0941425757805,1439.672995265843,/bdd/CORDEX-Adjust/bias-adjusted-output/EUR-11/CLMcom/MPI-M-MPI-ESM-LR/rcp45/r1i1p1/CLMcom-CCLM4-8-17/SBCK-CDFt-ERA5-1976-2005/day/tasmaxAdjust/v20260512/tasmaxAdjust_EUR-11_MPI-M-MPI-ESM-LR_rcp45_r1i1p1_CLMcom-CCLM4-8-17_SBCK-CDFt-ERA5-1976-2005_day_20060101-21001231.nc,CLMcom_MPI-M-MPI-ESM-LR_rcp45_r1i1p1_CLMcom-CCLM4-8-17_SBCK-CDFt-ERA5-1976-2005_day_tasmaxAdjust_v20260512,noleap,92,5.491501986521153
1570,2045,4,84,13551840.455051806,32.0,69.0,517682.0462941178,914540.661604363,3387960.1137629515,6155140.17404023,11.59265934178201,25.90496875690446,235.76950563787832,327.1928584256364,/bdd/CORDEX-Adjust/bias-adjusted-output/EUR-11/CLMcom/MPI-M-MPI-ESM-LR/rcp45/r1i1p1/CLMcom-CCLM4-8-17/SBCK-CDFt-ERA5-1976-2005/day/tasmaxAdjust/v20260512/tasmaxAdjust_EUR-11_MPI-M-MPI-ESM-LR_rcp45_r1i1p1_CLMcom-CCLM4-8-17_SBCK-CDFt-ERA5-1976-2005_day_20060101-21001231.nc,CLMcom_MPI-M-MPI-ESM-LR_rcp45_r1i1p1_CLMcom-CCLM4-8-17_SBCK-CDFt-ERA5-1976-2005_day_tasmaxAdjust_v20260512,noleap,92,1.7174545653568227
1571,2046,6,81,22301462.50995539,23.0,57.0,520418.9767405312,2366795.2293629805,3716910.418325898,18642448.228629936,12.504472265337135,28.50037362919455,483.4797283440236,1624.5212968640892,/bdd/CORDEX-Adjust/bias-adjusted-output/EUR-11/CLMcom/MPI-M-MPI-ESM-LR/rcp45/r1i1p1/CLMcom-CCLM4-8-17/SBCK-CDFt-ERA5-1976-2005/day/tasmaxAdjust/v20260512/tasmaxAdjust_EUR-11_MPI-M-MPI-ESM-LR_rcp45_r1i1p1_CLMcom-CCLM4-8-17_SBCK-CDFt-ERA5-1976-2005_day_20060101-21001231.nc,CLMcom_MPI-M-MPI-ESM-LR_rcp45_r1i1p1_CLMcom-CCLM4-8-17_SBCK-CDFt-ERA5-1976-2005_day_tasmaxAdjust_v20260512,noleap,92,2.826313424283189
1572,2047,8,71,20113021.600548804,12.375,45.0,496492.92970259767,1946659.1418498813,2514127.7000686005,10634715.436942156,10.339609100156288,29.13810601500024,223.6126958477932,1311.2147706750109,/bdd/CORDEX-Adjust/bias-adjusted-output/EUR-11/CLMcom/MPI-M-MPI-ESM-LR/rcp45/r1i1p1/CLMcom-CCLM4-8-17/SBCK-CDFt-ERA5-1976-2005/day/tasmaxAdjust/v20260512/tasmaxAdjust_EUR-11_MPI-M-MPI-ESM-LR_rcp45_r1i1p1_CLMcom-CCLM4-8-17_SBCK-CDFt-ERA5-1976-2005_day_20060101-21001231.nc,CLMcom_MPI-M-MPI-ESM-LR_rcp45_r1i1p1_CLMcom-CCLM4-8-17_SBCK-CDFt-ERA5-1976-2005_day_tasmaxAdjust_v20260512,noleap,92,2.548967491578315
1573,2048,7,88,33877152.88870551,20.285714285714285,56.0,680333.6713316856,1718856.229937239,4839593.269815072,15181495.88920841,19.989628509883325,57.67139839810558,371.1933210134659,1136.496020946959,/bdd/CORDEX-Adjust/bias-adjusted-output/EUR-11/CLMcom/MPI-M-MPI-ESM-LR/rcp45/r1i1p1/CLMcom-CCLM4-8-17/SBCK-CDFt-ERA5-1976-2005/day/tasmaxAdjust/v20260512/tasmaxAdjust_EUR-11_MPI-M-MPI-ESM-LR_rcp45_r1i1p1_CLMcom-CCLM4-8-17_SBCK-CDFt-ERA5-1976-2005_day_20060101-21001231.nc,CLMcom_MPI-M-MPI-ESM-LR_rcp45_r1i1p1_CLMcom-CCLM4-8-17_SBCK-CDFt-ERA5-1976-2005_day_tasmaxAdjust_v20260512,noleap,92,4.293326141417884
1574,2049,8,82,45466038.18882175,19.125,39.0,816571.4801737736,3912338.473829694,5683254.773602719,30454965.10144852,9.495634773196024,19.22093710315607,203.4739351899488,697.9355765089982,/bdd/CORDEX-Adjust/bias-adjusted-output/EUR-11/CLMcom/MPI-M-MPI-ESM-LR/rcp45/r1i1p1/CLMcom-CCLM4-8-17/SBCK-CDFt-ERA5-1976-2005/day/tasmaxAdjust/v20260512/tasmaxAdjust_EUR-11_MPI-M-MPI-ESM-LR_rcp45_r1i1p1_CLMcom-CCLM4-8-17_SBCK-CDFt-ERA5-1976-2005_day_20060101-21001231.nc,CLMcom_MPI-M-MPI-ESM-LR_rcp45_r1i1p1_CLMcom-CCLM4-8-17_SBCK-CDFt-ERA5-1976-2005_day_tasmaxAdjust_v20260512,noleap,92,5.7620110799763
1575,2050,2,88,48128763.049715206,47.0,85.0,1825735.289519454,3439816.64021127,24064381.524857603,47122491.87717074,3.852828443658267,5.079071584322952,134.48569750668057,223.25975075445456,/bdd/CORDEX-Adjust/bias-adjusted-output/EUR-11/CLMcom/MPI-M-MPI-ESM-LR/rcp45/r1i1p1/CLMcom-CCLM4-8-17/SBCK-CDFt-ERA5-1976-2005/day/tasmaxAdjust/v20260512/tasmaxAdjust_EUR-11_MPI-M-MPI-ESM-LR_rcp45_r1i1p1_CLMcom-CCLM4-8-17_SBCK-CDFt-ERA5-1976-2005_day_20060101-21001231.nc,CLMcom_MPI-M-MPI-ESM-LR_rcp45_r1i1p1_CLMcom-CCLM4-8-17_SBCK-CDFt-ERA5-1976-2005_day_tasmaxAdjust_v20260512,noleap,92,6.099464061643142
1576,2051,4,89,13501869.065543525,29.25,49.0,560202.9001867011,1060936.1937958463,3375467.266385881,7449353.268794956,17.98279590532909,25.85593785790897,492.9928583394677,659.7481384320001,/bdd/CORDEX-Adjust/bias-adjusted-output/EUR-11/CLMcom/MPI-M-MPI-ESM-LR/rcp45/r1i1p1/CLMcom-CCLM4-8-17/SBCK-CDFt-ERA5-1976-2005/day/tasmaxAdjust/v20260512/tasmaxAdjust_EUR-11_MPI-M-MPI-ESM-LR_rcp45_r1i1p1_CLMcom-CCLM4-8-17_SBCK-CDFt-ERA5-1976-2005_day_20060101-21001231.nc,CLMcom_MPI-M-MPI-ESM-LR_rcp45_r1i1p1_CLMcom-CCLM4-8-17_SBCK-CDFt-ERA5-1976-2005_day_tasmaxAdjust_v20260512,noleap,92,1.711121581188888
1577,2052,9,85,16876952.03729172,15.88888888888889,65.0,318773.0484212226,1137375.7772355694,1875216.8930324127,5999457.372151623,16.453753306697106,38.26083089358689,235.4645049831931,1071.303265020433,/bdd/CORDEX-Adjust/bias-adjusted-output/EUR-11/CLMcom/MPI-M-MPI-ESM-LR/rcp45/r1i1p1/CLMcom-CCLM4-8-17/SBCK-CDFt-ERA5-1976-2005/day/tasmaxAdjust/v20260512/tasmaxAdjust_EUR-11_MPI-M-MPI-ESM-LR_rcp45_r1i1p1_CLMcom-CCLM4-8-17_SBCK-CDFt-ERA5-1976-2005_day_20060101-21001231.nc,CLMcom_MPI-M-MPI-ESM-LR_rcp45_r1i1p1_CLMcom-CCLM4-8-17_SBCK-CDFt-ERA5-1976-2005_day_tasmaxAdjust_v20260512,noleap,92,2.138853273980932
1578,2053,2,90,21768674.008584544,56.5,63.0,1004930.937733022,1044363.040918916,10884337.004292272,13478962.617749669,14.790937946746508,16.16167098698732,826.7782292296124,845.4729091098586,/bdd/CORDEX-Adjust/bias-adjusted-output/EUR-11/CLMcom/MPI-M-MPI-ESM-LR/rcp45/r1i1p1/CLMcom-CCLM4-8-17/SBCK-CDFt-ERA5-1976-2005/day/tasmaxAdjust/v20260512/tasmaxAdjust_EUR-11_MPI-M-MPI-ESM-LR_rcp45_r1i1p1_CLMcom-CCLM4-8-17_SBCK-CDFt-ERA5-1976-2005_day_20060101-21001231.nc,CLMcom_MPI-M-MPI-ESM-LR_rcp45_r1i1p1_CLMcom-CCLM4-8-17_SBCK-CDFt-ERA5-1976-2005_day_tasmaxAdjust_v20260512,noleap,92,2.758791964959346
1579,2054,6,86,33766545.875205874,28.5,72.0,642128.397087571,2227444.6620103004,5627757.645867646,24522815.38975639,9.211762180599884,30.665550951767194,308.9769925655482,1226.6220380706875,/bdd/CORDEX-Adjust/bias-adjusted-output/EUR-11/CLMcom/MPI-M-MPI-ESM-LR/rcp45/r1i1p1/CLMcom-CCLM4-8-17/SBCK-CDFt-ERA5-1976-2005/day/tasmaxAdjust/v20260512/tasmaxAdjust_EUR-11_MPI-M-MPI-ESM-LR_rcp45_r1i1p1_CLMcom-CCLM4-8-17_SBCK-CDFt-ERA5-1976-2005_day_20060101-21001231.nc,CLMcom_MPI-M-MPI-ESM-LR_rcp45_r1i1p1_CLMcom-CCLM4-8-17_SBCK-CDFt-ERA5-1976-2005_day_tasmaxAdjust_v20260512,noleap,92,4.2793086711764445
1580,2055,6,92,52868142.201680906,29.5,88.0,727118.7768958545,3182350.6770921927,8811357.033613484,46072214.324826494,7.761352989129669,15.240165557355985,287.2924439130001,829.0317882246343,/bdd/CORDEX-Adjust/bias-adjusted-output/EUR-11/CLMcom/MPI-M-MPI-ESM-LR/rcp45/r1i1p1/CLMcom-CCLM4-8-17/SBCK-CDFt-ERA5-1976-2005/day/tasmaxAdjust/v20260512/tasmaxAdjust_EUR-11_MPI-M-MPI-ESM-LR_rcp45_r1i1p1_CLMcom-CCLM4-8-17_SBCK-CDFt-ERA5-1976-2005_day_20060101-21001231.nc,CLMcom_MPI-M-MPI-ESM-LR_rcp45_r1i1p1_CLMcom-CCLM4-8-17_SBCK-CDFt-ERA5-1976-2005_day_tasmaxAdjust_v20260512,noleap,92,6.700096011856678
1581,2056,3,80,35049358.34856684,46.333333333333336,74.0,1002611.0888538408,2468109.460466624,11683119.44952228,32502520.563514743,2.623211223328601,4.7593263894365725,113.39875220798652,285.5595833661944,/bdd/CORDEX-Adjust/bias-adjusted-output/EUR-11/CLMcom/MPI-M-MPI-ESM-LR/rcp45/r1i1p1/CLMcom-CCLM4-8-17/SBCK-CDFt-ERA5-1976-2005/day/tasmaxAdjust/v20260512/tasmaxAdjust_EUR-11_MPI-M-MPI-ESM-LR_rcp45_r1i1p1_CLMcom-CCLM4-8-17_SBCK-CDFt-ERA5-1976-2005_day_20060101-21001231.nc,CLMcom_MPI-M-MPI-ESM-LR_rcp45_r1i1p1_CLMcom-CCLM4-8-17_SBCK-CDFt-ERA5-1976-2005_day_tasmaxAdjust_v20260512,noleap,92,4.441882319101083
1582,2057,6,82,40699765.88342803,15.833333333333334,23.0,1046270.3867074508,2283797.492875424,6783294.313904672,16435970.397978576,15.0149749544326,27.01075336595085,288.6705335448005,621.2473274168696,/bdd/CORDEX-Adjust/bias-adjusted-output/EUR-11/CLMcom/MPI-M-MPI-ESM-LR/rcp45/r1i1p1/CLMcom-CCLM4-8-17/SBCK-CDFt-ERA5-1976-2005/day/tasmaxAdjust/v20260512/tasmaxAdjust_EUR-11_MPI-M-MPI-ESM-LR_rcp45_r1i1p1_CLMcom-CCLM4-8-17_SBCK-CDFt-ERA5-1976-2005_day_20060101-21001231.nc,CLMcom_MPI-M-MPI-ESM-LR_rcp45_r1i1p1_CLMcom-CCLM4-8-17_SBCK-CDFt-ERA5-1976-2005_day_tasmaxAdjust_v20260512,noleap,92,5.1579709012431785
1583,2058,4,82,54147166.819335714,34.25,64.0,1404594.4328282934,3968391.735847949,13536791.704833928,44587070.48433915,22.98591887988097,34.35230867723884,921.550047576214,1656.190092887127,/bdd/CORDEX-Adjust/bias-adjusted-output/EUR-11/CLMcom/MPI-M-MPI-ESM-LR/rcp45/r1i1p1/CLMcom-CCLM4-8-17/SBCK-CDFt-ERA5-1976-2005/day/tasmaxAdjust/v20260512/tasmaxAdjust_EUR-11_MPI-M-MPI-ESM-LR_rcp45_r1i1p1_CLMcom-CCLM4-8-17_SBCK-CDFt-ERA5-1976-2005_day_20060101-21001231.nc,CLMcom_MPI-M-MPI-ESM-LR_rcp45_r1i1p1_CLMcom-CCLM4-8-17_SBCK-CDFt-ERA5-1976-2005_day_tasmaxAdjust_v20260512,noleap,92,6.862189616491475
1584,2059,6,79,30338765.198752765,21.33333333333333,38.0,666976.1836033175,1617144.4766755002,5056460.866458794,15132301.077301783,17.909074318881693,30.5857935805674,343.9706508574976,639.348147860126,/bdd/CORDEX-Adjust/bias-adjusted-output/EUR-11/CLMcom/MPI-M-MPI-ESM-LR/rcp45/r1i1p1/CLMcom-CCLM4-8-17/SBCK-CDFt-ERA5-1976-2005/day/tasmaxAdjust/v20260512/tasmaxAdjust_EUR-11_MPI-M-MPI-ESM-LR_rcp45_r1i1p1_CLMcom-CCLM4-8-17_SBCK-CDFt-ERA5-1976-2005_day_20060101-21001231.nc,CLMcom_MPI-M-MPI-ESM-LR_rcp45_r1i1p1_CLMcom-CCLM4-8-17_SBCK-CDFt-ERA5-1976-2005_day_tasmaxAdjust_v20260512,noleap,92,3.844898482291603
1585,2060,10,84,37413999.09808039,15.2,32.0,652717.9419851995,2409909.891895418,3741399.909808039,13229970.483138602,18.369645397473512,77.60880000803664,287.54926797910474,776.0880000803664,/bdd/CORDEX-Adjust/bias-adjusted-output/EUR-11/CLMcom/MPI-M-MPI-ESM-LR/rcp45/r1i1p1/CLMcom-CCLM4-8-17/SBCK-CDFt-ERA5-1976-2005/day/tasmaxAdjust/v20260512/tasmaxAdjust_EUR-11_MPI-M-MPI-ESM-LR_rcp45_r1i1p1_CLMcom-CCLM4-8-17_SBCK-CDFt-ERA5-1976-2005_day_20060101-21001231.nc,CLMcom_MPI-M-MPI-ESM-LR_rcp45_r1i1p1_CLMcom-CCLM4-8-17_SBCK-CDFt-ERA5-1976-2005_day_tasmaxAdjust_v20260512,noleap,92,4.741558445318088
1586,2061,4,60,14140483.738860268,17.25,39.0,535205.7144592535,1390600.9688146634,3535120.934715067,10176656.665296614,14.430557718513375,34.41397660024557,402.37128078687874,1342.1450874095772,/bdd/CORDEX-Adjust/bias-adjusted-output/EUR-11/CLMcom/MPI-M-MPI-ESM-LR/rcp45/r1i1p1/CLMcom-CCLM4-8-17/SBCK-CDFt-ERA5-1976-2005/day/tasmaxAdjust/v20260512/tasmaxAdjust_EUR-11_MPI-M-MPI-ESM-LR_rcp45_r1i1p1_CLMcom-CCLM4-8-17_SBCK-CDFt-ERA5-1976-2005_day_20060101-21001231.nc,CLMcom_MPI-M-MPI-ESM-LR_rcp45_r1i1p1_CLMcom-CCLM4-8-17_SBCK-CDFt-ERA5-1976-2005_day_tasmaxAdjust_v20260512,noleap,92,1.792054624182531
1587,2062,1,92,110299925.1072858,92.0,92.0,7120641.709829688,7120641.709829688,110299925.1072858,110299925.1072858,8.348163675979706,8.348163675979706,768.031058190133,768.031058190133,/bdd/CORDEX-Adjust/bias-adjusted-output/EUR-11/CLMcom/MPI-M-MPI-ESM-LR/rcp45/r1i1p1/CLMcom-CCLM4-8-17/SBCK-CDFt-ERA5-1976-2005/day/tasmaxAdjust/v20260512/tasmaxAdjust_EUR-11_MPI-M-MPI-ESM-LR_rcp45_r1i1p1_CLMcom-CCLM4-8-17_SBCK-CDFt-ERA5-1976-2005_day_20060101-21001231.nc,CLMcom_MPI-M-MPI-ESM-LR_rcp45_r1i1p1_CLMcom-CCLM4-8-17_SBCK-CDFt-ERA5-1976-2005_day_tasmaxAdjust_v20260512,noleap,92,13.978552253646605
1588,2063,2,91,57450860.59384061,77.5,90.0,1995856.2890617608,3936664.428387371,28725430.296920303,57081742.08666237,4.814101333972157,7.534564792079866,407.0986466091885,678.1108312871879,/bdd/CORDEX-Adjust/bias-adjusted-output/EUR-11/CLMcom/MPI-M-MPI-ESM-LR/rcp45/r1i1p1/CLMcom-CCLM4-8-17/SBCK-CDFt-ERA5-1976-2005/day/tasmaxAdjust/v20260512/tasmaxAdjust_EUR-11_MPI-M-MPI-ESM-LR_rcp45_r1i1p1_CLMcom-CCLM4-8-17_SBCK-CDFt-ERA5-1976-2005_day_20060101-21001231.nc,CLMcom_MPI-M-MPI-ESM-LR_rcp45_r1i1p1_CLMcom-CCLM4-8-17_SBCK-CDFt-ERA5-1976-2005_day_tasmaxAdjust_v20260512,noleap,92,7.280873999205649
1589,2064,6,87,27176113.31892285,28.83333333333333,71.0,572370.3655816964,1760559.033220678,4529352.219820476,15508096.313175516,7.019803051292872,14.722258546128938,311.4135919635123,1045.2803567751546,/bdd/CORDEX-Adjust/bias-adjusted-output/EUR-11/CLMcom/MPI-M-MPI-ESM-LR/rcp45/r1i1p1/CLMcom-CCLM4-8-17/SBCK-CDFt-ERA5-1976-2005/day/tasmaxAdjust/v20260512/tasmaxAdjust_EUR-11_MPI-M-MPI-ESM-LR_rcp45_r1i1p1_CLMcom-CCLM4-8-17_SBCK-CDFt-ERA5-1976-2005_day_20060101-21001231.nc,CLMcom_MPI-M-MPI-ESM-LR_rcp45_r1i1p1_CLMcom-CCLM4-8-17_SBCK-CDFt-ERA5-1976-2005_day_tasmaxAdjust_v20260512,noleap,92,3.444088649290403
1590,2065,5,85,28362124.41395105,25.6,75.0,665741.5269219617,2439241.148837805,5672424.88279021,23436274.31603868,4.138659995999674,6.542912188733202,131.1530892359756,394.5798767530023,/bdd/CORDEX-Adjust/bias-adjusted-output/EUR-11/CLMcom/MPI-M-MPI-ESM-LR/rcp45/r1i1p1/CLMcom-CCLM4-8-17/SBCK-CDFt-ERA5-1976-2005/day/tasmaxAdjust/v20260512/tasmaxAdjust_EUR-11_MPI-M-MPI-ESM-LR_rcp45_r1i1p1_CLMcom-CCLM4-8-17_SBCK-CDFt-ERA5-1976-2005_day_20060101-21001231.nc,CLMcom_MPI-M-MPI-ESM-LR_rcp45_r1i1p1_CLMcom-CCLM4-8-17_SBCK-CDFt-ERA5-1976-2005_day_tasmaxAdjust_v20260512,noleap,92,3.5943944455013304
1591,2066,3,89,36113893.25488454,32.333333333333336,82.0,1145908.921831579,2947090.217224246,12037964.418294849,33988609.767237395,6.485943316605973,9.379704065824845,275.28528554080805,762.5713553461104,/bdd/CORDEX-Adjust/bias-adjusted-output/EUR-11/CLMcom/MPI-M-MPI-ESM-LR/rcp45/r1i1p1/CLMcom-CCLM4-8-17/SBCK-CDFt-ERA5-1976-2005/day/tasmaxAdjust/v20260512/tasmaxAdjust_EUR-11_MPI-M-MPI-ESM-LR_rcp45_r1i1p1_CLMcom-CCLM4-8-17_SBCK-CDFt-ERA5-1976-2005_day_20060101-21001231.nc,CLMcom_MPI-M-MPI-ESM-LR_rcp45_r1i1p1_CLMcom-CCLM4-8-17_SBCK-CDFt-ERA5-1976-2005_day_tasmaxAdjust_v20260512,noleap,92,4.57679317057554
1592,2067,4,89,44467917.351818725,42.75,85.0,784445.8268820485,2743006.857465377,11116979.33795468,42353529.84674685,3.780213575691588,7.143786463572174,93.34585162357762,211.5247570352159,/bdd/CORDEX-Adjust/bias-adjusted-output/EUR-11/CLMcom/MPI-M-MPI-ESM-LR/rcp45/r1i1p1/CLMcom-CCLM4-8-17/SBCK-CDFt-ERA5-1976-2005/day/tasmaxAdjust/v20260512/tasmaxAdjust_EUR-11_MPI-M-MPI-ESM-LR_rcp45_r1i1p1_CLMcom-CCLM4-8-17_SBCK-CDFt-ERA5-1976-2005_day_20060101-21001231.nc,CLMcom_MPI-M-MPI-ESM-LR_rcp45_r1i1p1_CLMcom-CCLM4-8-17_SBCK-CDFt-ERA5-1976-2005_day_tasmaxAdjust_v20260512,noleap,92,5.635517029668203
1593,2068,6,92,16751059.76913007,29.5,53.0,416449.8327819744,776689.2277684091,2791843.294855012,7224039.529400933,7.735057672112434,22.95186273972768,168.68080496784123,357.86028274600216,/bdd/CORDEX-Adjust/bias-adjusted-output/EUR-11/CLMcom/MPI-M-MPI-ESM-LR/rcp45/r1i1p1/CLMcom-CCLM4-8-17/SBCK-CDFt-ERA5-1976-2005/day/tasmaxAdjust/v20260512/tasmaxAdjust_EUR-11_MPI-M-MPI-ESM-LR_rcp45_r1i1p1_CLMcom-CCLM4-8-17_SBCK-CDFt-ERA5-1976-2005_day_20060101-21001231.nc,CLMcom_MPI-M-MPI-ESM-LR_rcp45_r1i1p1_CLMcom-CCLM4-8-17_SBCK-CDFt-ERA5-1976-2005_day_tasmaxAdjust_v20260512,noleap,92,2.12289866977684
1594,2069,3,92,40688676.65003477,53.333333333333336,82.0,1427231.212395587,3282828.725335012,13562892.216678256,32936193.16534361,8.092444730967658,15.335892054437355,639.736622236773,1257.5431484638632,/bdd/CORDEX-Adjust/bias-adjusted-output/EUR-11/CLMcom/MPI-M-MPI-ESM-LR/rcp45/r1i1p1/CLMcom-CCLM4-8-17/SBCK-CDFt-ERA5-1976-2005/day/tasmaxAdjust/v20260512/tasmaxAdjust_EUR-11_MPI-M-MPI-ESM-LR_rcp45_r1i1p1_CLMcom-CCLM4-8-17_SBCK-CDFt-ERA5-1976-2005_day_20060101-21001231.nc,CLMcom_MPI-M-MPI-ESM-LR_rcp45_r1i1p1_CLMcom-CCLM4-8-17_SBCK-CDFt-ERA5-1976-2005_day_tasmaxAdjust_v20260512,noleap,92,5.156565538290396
1595,2070,6,89,27865326.97351996,22.83333333333333,84.0,601225.3838715222,2242113.9680970274,4644221.162253327,20327626.09315525,7.321590495684326,13.298389605340397,153.0893371181777,491.3521199068303,/bdd/CORDEX-Adjust/bias-adjusted-output/EUR-11/CLMcom/MPI-M-MPI-ESM-LR/rcp45/r1i1p1/CLMcom-CCLM4-8-17/SBCK-CDFt-ERA5-1976-2005/day/tasmaxAdjust/v20260512/tasmaxAdjust_EUR-11_MPI-M-MPI-ESM-LR_rcp45_r1i1p1_CLMcom-CCLM4-8-17_SBCK-CDFt-ERA5-1976-2005_day_20060101-21001231.nc,CLMcom_MPI-M-MPI-ESM-LR_rcp45_r1i1p1_CLMcom-CCLM4-8-17_SBCK-CDFt-ERA5-1976-2005_day_tasmaxAdjust_v20260512,noleap,92,3.531434212538442
1596,2071,2,92,72734673.32800092,49.5,92.0,3720715.601115045,7260439.426621853,36367336.66400046,71878612.01013379,6.380376270243998,8.787675217664116,418.13883064243294,808.4661200250987,/bdd/CORDEX-Adjust/bias-adjusted-output/EUR-11/CLMcom/MPI-M-MPI-ESM-LR/rcp45/r1i1p1/CLMcom-CCLM4-8-17/SBCK-CDFt-ERA5-1976-2005/day/tasmaxAdjust/v20260512/tasmaxAdjust_EUR-11_MPI-M-MPI-ESM-LR_rcp45_r1i1p1_CLMcom-CCLM4-8-17_SBCK-CDFt-ERA5-1976-2005_day_20060101-21001231.nc,CLMcom_MPI-M-MPI-ESM-LR_rcp45_r1i1p1_CLMcom-CCLM4-8-17_SBCK-CDFt-ERA5-1976-2005_day_tasmaxAdjust_v20260512,noleap,92,9.21782522316706
1597,2072,6,89,37665237.36827354,29.83333333333333,76.0,704683.0379195545,1943663.112031523,6277539.561378923,22666049.327739656,10.110920672163791,34.81941001444573,376.4993532218413,1532.054040635612,/bdd/CORDEX-Adjust/bias-adjusted-output/EUR-11/CLMcom/MPI-M-MPI-ESM-LR/rcp45/r1i1p1/CLMcom-CCLM4-8-17/SBCK-CDFt-ERA5-1976-2005/day/tasmaxAdjust/v20260512/tasmaxAdjust_EUR-11_MPI-M-MPI-ESM-LR_rcp45_r1i1p1_CLMcom-CCLM4-8-17_SBCK-CDFt-ERA5-1976-2005_day_20060101-21001231.nc,CLMcom_MPI-M-MPI-ESM-LR_rcp45_r1i1p1_CLMcom-CCLM4-8-17_SBCK-CDFt-ERA5-1976-2005_day_tasmaxAdjust_v20260512,noleap,92,4.773398424217392
1598,2073,9,77,17152557.7017753,21.88888888888889,64.0,217901.5082891571,689485.8190698674,1905839.7446417,7097309.673368705,3.1558351925567605,9.976329885913527,60.18708157335748,202.1705178303022,/bdd/CORDEX-Adjust/bias-adjusted-output/EUR-11/CLMcom/MPI-M-MPI-ESM-LR/rcp45/r1i1p1/CLMcom-CCLM4-8-17/SBCK-CDFt-ERA5-1976-2005/day/tasmaxAdjust/v20260512/tasmaxAdjust_EUR-11_MPI-M-MPI-ESM-LR_rcp45_r1i1p1_CLMcom-CCLM4-8-17_SBCK-CDFt-ERA5-1976-2005_day_20060101-21001231.nc,CLMcom_MPI-M-MPI-ESM-LR_rcp45_r1i1p1_CLMcom-CCLM4-8-17_SBCK-CDFt-ERA5-1976-2005_day_tasmaxAdjust_v20260512,noleap,92,2.1737813863856994
1599,2074,6,88,45098948.14124534,20.166666666666668,86.0,849406.9646836027,3387091.119307615,7516491.356874224,37572135.1243105,15.529595638277684,34.17311978370394,231.15139244180452,776.8601518167025,/bdd/CORDEX-Adjust/bias-adjusted-output/EUR-11/CLMcom/MPI-M-MPI-ESM-LR/rcp45/r1i1p1/CLMcom-CCLM4-8-17/SBCK-CDFt-ERA5-1976-2005/day/tasmaxAdjust/v20260512/tasmaxAdjust_EUR-11_MPI-M-MPI-ESM-LR_rcp45_r1i1p1_CLMcom-CCLM4-8-17_SBCK-CDFt-ERA5-1976-2005_day_20060101-21001231.nc,CLMcom_MPI-M-MPI-ESM-LR_rcp45_r1i1p1_CLMcom-CCLM4-8-17_SBCK-CDFt-ERA5-1976-2005_day_tasmaxAdjust_v20260512,noleap,92,5.715488950366065
1600,2075,4,92,36339132.39101672,44.0,82.0,818212.9194778344,1446956.007849485,9084783.09775418,17709755.970472656,17.16145956187166,52.45113329648498,286.133790118761,523.0701197991814,/bdd/CORDEX-Adjust/bias-adjusted-output/EUR-11/CLMcom/MPI-M-MPI-ESM-LR/rcp45/r1i1p1/CLMcom-CCLM4-8-17/SBCK-CDFt-ERA5-1976-2005/day/tasmaxAdjust/v20260512/tasmaxAdjust_EUR-11_MPI-M-MPI-ESM-LR_rcp45_r1i1p1_CLMcom-CCLM4-8-17_SBCK-CDFt-ERA5-1976-2005_day_20060101-21001231.nc,CLMcom_MPI-M-MPI-ESM-LR_rcp45_r1i1p1_CLMcom-CCLM4-8-17_SBCK-CDFt-ERA5-1976-2005_day_tasmaxAdjust_v20260512,noleap,92,4.605338221997175
1601,2076,6,84,52295605.43352181,25.5,51.0,1003695.08759019,2574440.5069327247,8715934.238920301,28360992.462847352,15.805361960383264,30.47388125758757,394.6824639310064,894.7448365694596,/bdd/CORDEX-Adjust/bias-adjusted-output/EUR-11/CLMcom/MPI-M-MPI-ESM-LR/rcp45/r1i1p1/CLMcom-CCLM4-8-17/SBCK-CDFt-ERA5-1976-2005/day/tasmaxAdjust/v20260512/tasmaxAdjust_EUR-11_MPI-M-MPI-ESM-LR_rcp45_r1i1p1_CLMcom-CCLM4-8-17_SBCK-CDFt-ERA5-1976-2005_day_20060101-21001231.nc,CLMcom_MPI-M-MPI-ESM-LR_rcp45_r1i1p1_CLMcom-CCLM4-8-17_SBCK-CDFt-ERA5-1976-2005_day_tasmaxAdjust_v20260512,noleap,92,6.627537167205954
1602,2077,4,87,46547626.2509092,38.0,70.0,923558.8372989042,1989072.450651432,11636906.5627273,32039346.43718133,8.559718994861228,16.487676759325527,359.2622623242688,1154.137373152787,/bdd/CORDEX-Adjust/bias-adjusted-output/EUR-11/CLMcom/MPI-M-MPI-ESM-LR/rcp45/r1i1p1/CLMcom-CCLM4-8-17/SBCK-CDFt-ERA5-1976-2005/day/tasmaxAdjust/v20260512/tasmaxAdjust_EUR-11_MPI-M-MPI-ESM-LR_rcp45_r1i1p1_CLMcom-CCLM4-8-17_SBCK-CDFt-ERA5-1976-2005_day_20060101-21001231.nc,CLMcom_MPI-M-MPI-ESM-LR_rcp45_r1i1p1_CLMcom-CCLM4-8-17_SBCK-CDFt-ERA5-1976-2005_day_tasmaxAdjust_v20260512,noleap,92,5.899083115411536
1603,2078,5,90,48578649.454770185,27.2,85.0,823965.8110564814,3147491.7049285183,9715729.890954036,42771786.37053914,7.9025784506142625,11.969776604278085,296.2091099592439,1017.4310113636373,/bdd/CORDEX-Adjust/bias-adjusted-output/EUR-11/CLMcom/MPI-M-MPI-ESM-LR/rcp45/r1i1p1/CLMcom-CCLM4-8-17/SBCK-CDFt-ERA5-1976-2005/day/tasmaxAdjust/v20260512/tasmaxAdjust_EUR-11_MPI-M-MPI-ESM-LR_rcp45_r1i1p1_CLMcom-CCLM4-8-17_SBCK-CDFt-ERA5-1976-2005_day_20060101-21001231.nc,CLMcom_MPI-M-MPI-ESM-LR_rcp45_r1i1p1_CLMcom-CCLM4-8-17_SBCK-CDFt-ERA5-1976-2005_day_tasmaxAdjust_v20260512,noleap,92,6.156479155852403
1604,2079,5,92,60550743.35768558,33.6,71.0,1399683.143319362,3659499.756203778,12110148.671537116,34188452.270494975,18.60523106001279,55.02238470415956,432.6740905597611,788.7399117796433,/bdd/CORDEX-Adjust/bias-adjusted-output/EUR-11/CLMcom/MPI-M-MPI-ESM-LR/rcp45/r1i1p1/CLMcom-CCLM4-8-17/SBCK-CDFt-ERA5-1976-2005/day/tasmaxAdjust/v20260512/tasmaxAdjust_EUR-11_MPI-M-MPI-ESM-LR_rcp45_r1i1p1_CLMcom-CCLM4-8-17_SBCK-CDFt-ERA5-1976-2005_day_20060101-21001231.nc,CLMcom_MPI-M-MPI-ESM-LR_rcp45_r1i1p1_CLMcom-CCLM4-8-17_SBCK-CDFt-ERA5-1976-2005_day_tasmaxAdjust_v20260512,noleap,92,7.673728963997672
1605,2080,5,91,23147277.54022363,25.0,86.0,525980.738166683,1938591.9669661687,4629455.508044725,19466570.14164091,9.28619384097096,16.164274960792024,137.37867414902078,293.27038006288126,/bdd/CORDEX-Adjust/bias-adjusted-output/EUR-11/CLMcom/MPI-M-MPI-ESM-LR/rcp45/r1i1p1/CLMcom-CCLM4-8-17/SBCK-CDFt-ERA5-1976-2005/day/tasmaxAdjust/v20260512/tasmaxAdjust_EUR-11_MPI-M-MPI-ESM-LR_rcp45_r1i1p1_CLMcom-CCLM4-8-17_SBCK-CDFt-ERA5-1976-2005_day_20060101-21001231.nc,CLMcom_MPI-M-MPI-ESM-LR_rcp45_r1i1p1_CLMcom-CCLM4-8-17_SBCK-CDFt-ERA5-1976-2005_day_tasmaxAdjust_v20260512,noleap,92,2.933505424513688
1606,2081,8,83,22594055.37583221,20.625,63.0,379831.84805815417,1398340.4778784865,2824256.921979027,13217269.913403803,14.649578292040724,50.12854392659586,403.7691925847783,2305.913020623409,/bdd/CORDEX-Adjust/bias-adjusted-output/EUR-11/CLMcom/MPI-M-MPI-ESM-LR/rcp45/r1i1p1/CLMcom-CCLM4-8-17/SBCK-CDFt-ERA5-1976-2005/day/tasmaxAdjust/v20260512/tasmaxAdjust_EUR-11_MPI-M-MPI-ESM-LR_rcp45_r1i1p1_CLMcom-CCLM4-8-17_SBCK-CDFt-ERA5-1976-2005_day_20060101-21001231.nc,CLMcom_MPI-M-MPI-ESM-LR_rcp45_r1i1p1_CLMcom-CCLM4-8-17_SBCK-CDFt-ERA5-1976-2005_day_tasmaxAdjust_v20260512,noleap,92,2.8633943621054496
1607,2082,3,81,41619185.82851946,31.0,74.0,1513227.9450639596,4025413.1864266014,13873061.942839822,39381615.82666021,13.600136905179944,17.887588053783247,327.30137282509867,670.2669318898877,/bdd/CORDEX-Adjust/bias-adjusted-output/EUR-11/CLMcom/MPI-M-MPI-ESM-LR/rcp45/r1i1p1/CLMcom-CCLM4-8-17/SBCK-CDFt-ERA5-1976-2005/day/tasmaxAdjust/v20260512/tasmaxAdjust_EUR-11_MPI-M-MPI-ESM-LR_rcp45_r1i1p1_CLMcom-CCLM4-8-17_SBCK-CDFt-ERA5-1976-2005_day_20060101-21001231.nc,CLMcom_MPI-M-MPI-ESM-LR_rcp45_r1i1p1_CLMcom-CCLM4-8-17_SBCK-CDFt-ERA5-1976-2005_day_tasmaxAdjust_v20260512,noleap,92,5.274491014316733
1608,2083,4,92,39081001.07288504,33.0,91.0,1228404.3718065,3660595.820297553,9770250.26822126,31870835.70451983,12.661756837350763,23.496764665119173,601.7114513178908,1802.7190469081631,/bdd/CORDEX-Adjust/bias-adjusted-output/EUR-11/CLMcom/MPI-M-MPI-ESM-LR/rcp45/r1i1p1/CLMcom-CCLM4-8-17/SBCK-CDFt-ERA5-1976-2005/day/tasmaxAdjust/v20260512/tasmaxAdjust_EUR-11_MPI-M-MPI-ESM-LR_rcp45_r1i1p1_CLMcom-CCLM4-8-17_SBCK-CDFt-ERA5-1976-2005_day_20060101-21001231.nc,CLMcom_MPI-M-MPI-ESM-LR_rcp45_r1i1p1_CLMcom-CCLM4-8-17_SBCK-CDFt-ERA5-1976-2005_day_tasmaxAdjust_v20260512,noleap,92,4.952821274273533
1609,2084,7,83,23030819.657076653,19.857142857142858,46.0,504849.130152792,965788.0540096886,3290117.093868093,8148203.711438451,18.41350284648838,40.50330510133013,329.46264349920244,1102.1851050573132,/bdd/CORDEX-Adjust/bias-adjusted-output/EUR-11/CLMcom/MPI-M-MPI-ESM-LR/rcp45/r1i1p1/CLMcom-CCLM4-8-17/SBCK-CDFt-ERA5-1976-2005/day/tasmaxAdjust/v20260512/tasmaxAdjust_EUR-11_MPI-M-MPI-ESM-LR_rcp45_r1i1p1_CLMcom-CCLM4-8-17_SBCK-CDFt-ERA5-1976-2005_day_20060101-21001231.nc,CLMcom_MPI-M-MPI-ESM-LR_rcp45_r1i1p1_CLMcom-CCLM4-8-17_SBCK-CDFt-ERA5-1976-2005_day_tasmaxAdjust_v20260512,noleap,92,2.9187464606854205
1610,2085,6,91,28011136.10043333,37.5,76.0,523471.7866450772,1178387.0807177897,4668522.683405555,11347169.939264745,6.4682145278657375,13.041441922267838,282.3276556665202,647.6889117800197,/bdd/CORDEX-Adjust/bias-adjusted-output/EUR-11/CLMcom/MPI-M-MPI-ESM-LR/rcp45/r1i1p1/CLMcom-CCLM4-8-17/SBCK-CDFt-ERA5-1976-2005/day/tasmaxAdjust/v20260512/tasmaxAdjust_EUR-11_MPI-M-MPI-ESM-LR_rcp45_r1i1p1_CLMcom-CCLM4-8-17_SBCK-CDFt-ERA5-1976-2005_day_20060101-21001231.nc,CLMcom_MPI-M-MPI-ESM-LR_rcp45_r1i1p1_CLMcom-CCLM4-8-17_SBCK-CDFt-ERA5-1976-2005_day_tasmaxAdjust_v20260512,noleap,92,3.5499129240845706
1611,2086,5,92,83137352.0566396,40.6,75.0,1877045.1985449097,4142444.226971426,16627470.41132792,53066821.82256654,14.21771925665379,40.13752849153861,398.0949919307336,828.926427619545,/bdd/CORDEX-Adjust/bias-adjusted-output/EUR-11/CLMcom/MPI-M-MPI-ESM-LR/rcp45/r1i1p1/CLMcom-CCLM4-8-17/SBCK-CDFt-ERA5-1976-2005/day/tasmaxAdjust/v20260512/tasmaxAdjust_EUR-11_MPI-M-MPI-ESM-LR_rcp45_r1i1p1_CLMcom-CCLM4-8-17_SBCK-CDFt-ERA5-1976-2005_day_20060101-21001231.nc,CLMcom_MPI-M-MPI-ESM-LR_rcp45_r1i1p1_CLMcom-CCLM4-8-17_SBCK-CDFt-ERA5-1976-2005_day_tasmaxAdjust_v20260512,noleap,92,10.536179592353921
1612,2087,4,92,34988229.426838666,42.5,87.0,973792.3808150688,2043470.2157101552,8747057.356709667,21551312.61491676,8.545760362994592,15.850326998238067,402.02137501344833,1061.9719088819506,/bdd/CORDEX-Adjust/bias-adjusted-output/EUR-11/CLMcom/MPI-M-MPI-ESM-LR/rcp45/r1i1p1/CLMcom-CCLM4-8-17/SBCK-CDFt-ERA5-1976-2005/day/tasmaxAdjust/v20260512/tasmaxAdjust_EUR-11_MPI-M-MPI-ESM-LR_rcp45_r1i1p1_CLMcom-CCLM4-8-17_SBCK-CDFt-ERA5-1976-2005_day_20060101-21001231.nc,CLMcom_MPI-M-MPI-ESM-LR_rcp45_r1i1p1_CLMcom-CCLM4-8-17_SBCK-CDFt-ERA5-1976-2005_day_tasmaxAdjust_v20260512,noleap,92,4.434135316319756
1613,2088,6,92,47727622.87570038,27.33333333333333,65.0,1021159.813300429,3486507.787072275,7954603.812616729,33514134.524994902,7.52828511053627,24.06062094364611,175.12486198989646,384.96993509833777,/bdd/CORDEX-Adjust/bias-adjusted-output/EUR-11/CLMcom/MPI-M-MPI-ESM-LR/rcp45/r1i1p1/CLMcom-CCLM4-8-17/SBCK-CDFt-ERA5-1976-2005/day/tasmaxAdjust/v20260512/tasmaxAdjust_EUR-11_MPI-M-MPI-ESM-LR_rcp45_r1i1p1_CLMcom-CCLM4-8-17_SBCK-CDFt-ERA5-1976-2005_day_20060101-21001231.nc,CLMcom_MPI-M-MPI-ESM-LR_rcp45_r1i1p1_CLMcom-CCLM4-8-17_SBCK-CDFt-ERA5-1976-2005_day_tasmaxAdjust_v20260512,noleap,92,6.0486266845728585
1614,2089,6,92,29073296.02418392,26.0,67.0,747129.8304993889,2296774.79276058,4845549.337363985,15605109.104316363,7.516750891476321,15.684202242073855,219.5545328951256,976.0135607337668,/bdd/CORDEX-Adjust/bias-adjusted-output/EUR-11/CLMcom/MPI-M-MPI-ESM-LR/rcp45/r1i1p1/CLMcom-CCLM4-8-17/SBCK-CDFt-ERA5-1976-2005/day/tasmaxAdjust/v20260512/tasmaxAdjust_EUR-11_MPI-M-MPI-ESM-LR_rcp45_r1i1p1_CLMcom-CCLM4-8-17_SBCK-CDFt-ERA5-1976-2005_day_20060101-21001231.nc,CLMcom_MPI-M-MPI-ESM-LR_rcp45_r1i1p1_CLMcom-CCLM4-8-17_SBCK-CDFt-ERA5-1976-2005_day_tasmaxAdjust_v20260512,noleap,92,3.6845227887915066
1615,2090,3,92,42432871.72824768,37.66666666666666,92.0,1245894.412450299,3308428.552471152,14144290.57608256,40370356.80615048,3.501697741792777,6.741944986148232,224.69952515781472,620.2589387256373,/bdd/CORDEX-Adjust/bias-adjusted-output/EUR-11/CLMcom/MPI-M-MPI-ESM-LR/rcp45/r1i1p1/CLMcom-CCLM4-8-17/SBCK-CDFt-ERA5-1976-2005/day/tasmaxAdjust/v20260512/tasmaxAdjust_EUR-11_MPI-M-MPI-ESM-LR_rcp45_r1i1p1_CLMcom-CCLM4-8-17_SBCK-CDFt-ERA5-1976-2005_day_20060101-21001231.nc,CLMcom_MPI-M-MPI-ESM-LR_rcp45_r1i1p1_CLMcom-CCLM4-8-17_SBCK-CDFt-ERA5-1976-2005_day_tasmaxAdjust_v20260512,noleap,92,5.377611219125059
1616,2091,5,92,56434886.55075718,28.4,92.0,884918.9964107557,3905390.646876206,11286977.310151435,53772996.63528025,6.177530380080009,8.646666983826185,199.7466401590396,664.7177304151669,/bdd/CORDEX-Adjust/bias-adjusted-output/EUR-11/CLMcom/MPI-M-MPI-ESM-LR/rcp45/r1i1p1/CLMcom-CCLM4-8-17/SBCK-CDFt-ERA5-1976-2005/day/tasmaxAdjust/v20260512/tasmaxAdjust_EUR-11_MPI-M-MPI-ESM-LR_rcp45_r1i1p1_CLMcom-CCLM4-8-17_SBCK-CDFt-ERA5-1976-2005_day_20060101-21001231.nc,CLMcom_MPI-M-MPI-ESM-LR_rcp45_r1i1p1_CLMcom-CCLM4-8-17_SBCK-CDFt-ERA5-1976-2005_day_tasmaxAdjust_v20260512,noleap,92,7.152117372800177
1617,2092,3,92,70728186.06566066,55.333333333333336,89.0,1613971.6978733947,4167549.344326827,23576062.021886885,63654193.13325985,5.020530954044431,10.572075259792507,371.0558446551247,940.9146981215332,/bdd/CORDEX-Adjust/bias-adjusted-output/EUR-11/CLMcom/MPI-M-MPI-ESM-LR/rcp45/r1i1p1/CLMcom-CCLM4-8-17/SBCK-CDFt-ERA5-1976-2005/day/tasmaxAdjust/v20260512/tasmaxAdjust_EUR-11_MPI-M-MPI-ESM-LR_rcp45_r1i1p1_CLMcom-CCLM4-8-17_SBCK-CDFt-ERA5-1976-2005_day_20060101-21001231.nc,CLMcom_MPI-M-MPI-ESM-LR_rcp45_r1i1p1_CLMcom-CCLM4-8-17_SBCK-CDFt-ERA5-1976-2005_day_tasmaxAdjust_v20260512,noleap,92,8.963538676593087
1618,2093,6,92,37151075.36153093,26.166666666666668,63.0,744393.1060674317,2211135.546724608,6191845.893588488,21367199.913521618,6.979135511000045,14.672342203222996,115.92426122686508,326.48147262932395,/bdd/CORDEX-Adjust/bias-adjusted-output/EUR-11/CLMcom/MPI-M-MPI-ESM-LR/rcp45/r1i1p1/CLMcom-CCLM4-8-17/SBCK-CDFt-ERA5-1976-2005/day/tasmaxAdjust/v20260512/tasmaxAdjust_EUR-11_MPI-M-MPI-ESM-LR_rcp45_r1i1p1_CLMcom-CCLM4-8-17_SBCK-CDFt-ERA5-1976-2005_day_20060101-21001231.nc,CLMcom_MPI-M-MPI-ESM-LR_rcp45_r1i1p1_CLMcom-CCLM4-8-17_SBCK-CDFt-ERA5-1976-2005_day_tasmaxAdjust_v20260512,noleap,92,4.708237541550422
1619,2094,5,92,44892366.19759788,26.4,90.0,943003.5455122106,3533095.773042882,8978473.239519577,37913611.59871824,5.7566238250655415,12.450182869052188,165.75031040563547,510.5288903033026,/bdd/CORDEX-Adjust/bias-adjusted-output/EUR-11/CLMcom/MPI-M-MPI-ESM-LR/rcp45/r1i1p1/CLMcom-CCLM4-8-17/SBCK-CDFt-ERA5-1976-2005/day/tasmaxAdjust/v20260512/tasmaxAdjust_EUR-11_MPI-M-MPI-ESM-LR_rcp45_r1i1p1_CLMcom-CCLM4-8-17_SBCK-CDFt-ERA5-1976-2005_day_20060101-21001231.nc,CLMcom_MPI-M-MPI-ESM-LR_rcp45_r1i1p1_CLMcom-CCLM4-8-17_SBCK-CDFt-ERA5-1976-2005_day_tasmaxAdjust_v20260512,noleap,92,5.6893083660082135
1620,2095,6,84,32400059.57006356,29.5,80.0,732607.4884867783,1594764.8567675352,5400009.928343927,16208806.657806624,10.105587695302091,25.57275563324712,213.3544905329501,574.1873552753528,/bdd/CORDEX-Adjust/bias-adjusted-output/EUR-11/CLMcom/MPI-M-MPI-ESM-LR/rcp45/r1i1p1/CLMcom-CCLM4-8-17/SBCK-CDFt-ERA5-1976-2005/day/tasmaxAdjust/v20260512/tasmaxAdjust_EUR-11_MPI-M-MPI-ESM-LR_rcp45_r1i1p1_CLMcom-CCLM4-8-17_SBCK-CDFt-ERA5-1976-2005_day_20060101-21001231.nc,CLMcom_MPI-M-MPI-ESM-LR_rcp45_r1i1p1_CLMcom-CCLM4-8-17_SBCK-CDFt-ERA5-1976-2005_day_tasmaxAdjust_v20260512,noleap,92,4.106130854403271
1621,2096,6,92,58319754.195283175,24.5,92.0,869714.982011862,4551773.70955093,9719959.032547196,54945735.373132765,4.033597193262678,9.73440366146185,76.93974789271283,205.277590697936,/bdd/CORDEX-Adjust/bias-adjusted-output/EUR-11/CLMcom/MPI-M-MPI-ESM-LR/rcp45/r1i1p1/CLMcom-CCLM4-8-17/SBCK-CDFt-ERA5-1976-2005/day/tasmaxAdjust/v20260512/tasmaxAdjust_EUR-11_MPI-M-MPI-ESM-LR_rcp45_r1i1p1_CLMcom-CCLM4-8-17_SBCK-CDFt-ERA5-1976-2005_day_20060101-21001231.nc,CLMcom_MPI-M-MPI-ESM-LR_rcp45_r1i1p1_CLMcom-CCLM4-8-17_SBCK-CDFt-ERA5-1976-2005_day_tasmaxAdjust_v20260512,noleap,92,7.390990797551705
1622,2097,4,92,63575589.32851293,27.75,92.0,1784394.5957323029,6611054.884445492,15893897.332128232,61034564.311754696,6.673935108157236,15.731940820663953,295.4302283320207,1008.6695643007791,/bdd/CORDEX-Adjust/bias-adjusted-output/EUR-11/CLMcom/MPI-M-MPI-ESM-LR/rcp45/r1i1p1/CLMcom-CCLM4-8-17/SBCK-CDFt-ERA5-1976-2005/day/tasmaxAdjust/v20260512/tasmaxAdjust_EUR-11_MPI-M-MPI-ESM-LR_rcp45_r1i1p1_CLMcom-CCLM4-8-17_SBCK-CDFt-ERA5-1976-2005_day_20060101-21001231.nc,CLMcom_MPI-M-MPI-ESM-LR_rcp45_r1i1p1_CLMcom-CCLM4-8-17_SBCK-CDFt-ERA5-1976-2005_day_tasmaxAdjust_v20260512,noleap,92,8.057074350871822
1623,2098,7,92,28716012.52788501,31.285714285714285,82.0,565154.8163386178,1968626.131507792,4102287.503983573,17556832.72177666,8.19702083314637,26.71284745669664,406.2226287770637,1896.6121694254607,/bdd/CORDEX-Adjust/bias-adjusted-output/EUR-11/CLMcom/MPI-M-MPI-ESM-LR/rcp45/r1i1p1/CLMcom-CCLM4-8-17/SBCK-CDFt-ERA5-1976-2005/day/tasmaxAdjust/v20260512/tasmaxAdjust_EUR-11_MPI-M-MPI-ESM-LR_rcp45_r1i1p1_CLMcom-CCLM4-8-17_SBCK-CDFt-ERA5-1976-2005_day_20060101-21001231.nc,CLMcom_MPI-M-MPI-ESM-LR_rcp45_r1i1p1_CLMcom-CCLM4-8-17_SBCK-CDFt-ERA5-1976-2005_day_tasmaxAdjust_v20260512,noleap,92,3.639243465006635
1624,2099,4,92,56956783.37334629,46.25,89.0,1604091.440645391,4086735.1125113377,14239195.843336573,43663806.382694766,15.613895468990956,38.07701567348016,785.4601431809477,1827.696752327048,/bdd/CORDEX-Adjust/bias-adjusted-output/EUR-11/CLMcom/MPI-M-MPI-ESM-LR/rcp45/r1i1p1/CLMcom-CCLM4-8-17/SBCK-CDFt-ERA5-1976-2005/day/tasmaxAdjust/v20260512/tasmaxAdjust_EUR-11_MPI-M-MPI-ESM-LR_rcp45_r1i1p1_CLMcom-CCLM4-8-17_SBCK-CDFt-ERA5-1976-2005_day_20060101-21001231.nc,CLMcom_MPI-M-MPI-ESM-LR_rcp45_r1i1p1_CLMcom-CCLM4-8-17_SBCK-CDFt-ERA5-1976-2005_day_tasmaxAdjust_v20260512,noleap,92,7.218258505701927
2250,1975,3,20,6021146.932356195,10.0,12.0,325617.8696405831,600805.6942366655,2007048.9774520649,4042394.016748977,8.036923928476055,15.3381381981952,82.48947323186603,153.38138198195202,/home/user/These/cordex_htws_cc3d/Data/ERA5/tasmax/before_2005/ERA5_tasmax_day_Europe_19750101-19751231.nc,ERA5,noleap,92,0.763073201898896
2251,1976,3,37,10005126.83235213,14.0,18.0,412359.2457519024,810303.9053895486,3335042.27745071,7282926.26171328,11.003492520063132,19.13636717031163,130.07852997660993,153.09093736249304,/home/user/These/cordex_htws_cc3d/Data/ERA5/tasmax/before_2005/ERA5_tasmax_day_Europe_19760101-19761231.nc,ERA5,noleap,92,1.267971742450057
2252,1977,1,8,1102079.1008004802,8.0,8.0,213440.26759600715,213440.26759600715,1102079.1008004802,1102079.1008004802,6.746025956217862,6.746025956217862,53.968207649742894,53.968207649742894,/home/user/These/cordex_htws_cc3d/Data/ERA5/tasmax/before_2005/ERA5_tasmax_day_Europe_19770101-19771231.nc,ERA5,noleap,92,0.1396689098674082
2253,1978,0,0,0.0,,,,,,,,,,,/home/user/These/cordex_htws_cc3d/Data/ERA5/tasmax/before_2005/ERA5_tasmax_day_Europe_19780101-19781231.nc,ERA5,noleap,92,0.0
2254,1979,1,5,450987.7966733537,5.0,5.0,99107.75542938596,99107.75542938596,450987.7966733537,450987.7966733537,1.3029042817236691,1.3029042817236691,6.5145214086183465,6.5145214086183465,/home/user/These/cordex_htws_cc3d/Data/ERA5/tasmax/before_2005/ERA5_tasmax_day_Europe_19790101-19791231.nc,ERA5,noleap,92,0.05715467599296681
2255,1980,2,15,2459561.8474122304,7.5,8.0,265485.37420174805,320082.4928851704,1229780.9237061152,1444057.189261369,16.263456452659188,22.61236247584627,125.15037640653745,180.8988998067701,/home/user/These/cordex_htws_cc3d/Data/ERA5/tasmax/before_2005/ERA5_tasmax_day_Europe_19800101-19801231.nc,ERA5,noleap,92,0.3117056858532392
2256,1981,3,20,3541584.7171267853,6.666666666666667,9.0,258219.35368347983,400724.87507864926,1180528.2390422618,1701528.832896552,11.329667982101038,12.694487152515292,72.71258037751181,79.87102705913523,/home/user/These/cordex_htws_cc3d/Data/ERA5/tasmax/before_2005/ERA5_tasmax_day_Europe_19810101-19811231.nc,ERA5,noleap,92,0.44883282541597025
2257,1982,3,26,6916256.516061202,8.666666666666666,13.0,415963.43331221055,696045.5857172078,2305418.8386870674,3320302.8426822936,7.290748140387944,10.081670380519276,63.521314095108245,103.003120388344,/home/user/These/cordex_htws_cc3d/Data/ERA5/tasmax/before_2005/ERA5_tasmax_day_Europe_19820101-19821231.nc,ERA5,noleap,92,0.8765124093724268
2258,1983,3,19,2553377.609274956,8.333333333333334,12.0,177095.23200199063,248870.9461875664,851125.8697583186,1367360.5113975524,9.282756050067425,19.04848901230921,69.70398109553787,114.29093407385528,/home/user/These/cordex_htws_cc3d/Data/ERA5/tasmax/before_2005/ERA5_tasmax_day_Europe_19830101-19831231.nc,ERA5,noleap,92,0.32359516382104564
2259,1984,1,9,630660.0656282395,9.0,9.0,132045.4531243769,132045.4531243769,630660.0656282395,630660.0656282395,4.083671037312467,4.083671037312467,36.75303933581221,36.75303933581221,/home/user/These/cordex_htws_cc3d/Data/ERA5/tasmax/before_2005/ERA5_tasmax_day_Europe_19840101-19841231.nc,ERA5,noleap,92,0.07992493805501438
2260,1985,1,5,1219813.2664105855,5.0,5.0,304479.9042019112,304479.9042019112,1219813.2664105855,1219813.2664105855,3.04761770183101,3.04761770183101,15.23808850915505,15.23808850915505,/home/user/These/cordex_htws_cc3d/Data/ERA5/tasmax/before_2005/ERA5_tasmax_day_Europe_19850101-19851231.nc,ERA5,noleap,92,0.1545896197810329
2261,1986,1,6,833368.952418728,6.0,6.0,170654.373653375,170654.373653375,833368.952418728,833368.952418728,4.956045734090494,4.956045734090494,29.73627440454296,29.73627440454296,/home/user/These/cordex_htws_cc3d/Data/ERA5/tasmax/before_2005/ERA5_tasmax_day_Europe_19860101-19861231.nc,ERA5,noleap,92,0.10561468139367243
2262,1987,1,10,667000.3001931589,10.0,10.0,117940.72478561808,117940.72478561808,667000.3001931589,667000.3001931589,9.192673908122527,9.192673908122527,91.92673908122528,91.92673908122528,/home/user/These/cordex_htws_cc3d/Data/ERA5/tasmax/before_2005/ERA5_tasmax_day_Europe_19870101-19871231.nc,ERA5,noleap,92,0.08453041595793587
2263,1988,4,30,2863817.687619527,7.5,8.0,155565.4407819252,221769.87675032887,715954.4219048817,1012177.418771201,3.764552325170857,7.924762953943822,27.11045899404314,55.47334067760676,/home/user/These/cordex_htws_cc3d/Data/ERA5/tasmax/before_2005/ERA5_tasmax_day_Europe_19880101-19881231.nc,ERA5,noleap,92,0.3629379181569603
2264,1989,1,6,373856.9574931861,6.0,6.0,83572.28022887024,83572.28022887024,373856.9574931861,373856.9574931861,9.14872952648818,9.14872952648818,54.89237715892909,54.89237715892909,/home/user/These/cordex_htws_cc3d/Data/ERA5/tasmax/before_2005/ERA5_tasmax_day_Europe_19890101-19891231.nc,ERA5,noleap,92,0.047379714996403394
2265,1990,3,20,1754753.7005185918,6.666666666666667,10.0,137987.91933664295,173603.05004193325,584917.900172864,697514.6869015804,12.072223335340343,33.868499275860685,116.80861546980287,338.6849927586069,/home/user/These/cordex_htws_cc3d/Data/ERA5/tasmax/before_2005/ERA5_tasmax_day_Europe_19900101-19901231.nc,ERA5,noleap,92,0.22238379827656504
2266,1991,5,33,6595368.218684989,9.6,15.0,246649.37679792492,562278.6256245042,1319073.643736998,3209504.2042991845,7.739856350296324,16.67690275772046,78.61375707381826,183.44593033492504,/home/user/These/cordex_htws_cc3d/Data/ERA5/tasmax/before_2005/ERA5_tasmax_day_Europe_19910101-19911231.nc,ERA5,noleap,92,0.8358455292445021
2267,1992,2,22,4301691.201472022,11.0,15.0,473142.9713620303,547614.7984367539,2150845.600736011,2415888.8119413727,21.986954839598752,26.93874956577208,261.66368214027955,404.0812434865811,/home/user/These/cordex_htws_cc3d/Data/ERA5/tasmax/before_2005/ERA5_tasmax_day_Europe_19920101-19921231.nc,ERA5,noleap,92,0.5451627929968245
2268,1993,0,0,0.0,,,,,,,,,,,/home/user/These/cordex_htws_cc3d/Data/ERA5/tasmax/before_2005/ERA5_tasmax_day_Europe_19930101-19931231.nc,ERA5,noleap,92,0.0
2269,1994,5,36,9025684.519826204,9.0,18.0,306315.8942873044,1015713.6928187476,1805136.903965241,6753221.983623652,8.37158660034055,18.48261718237887,93.87937069036222,253.0506763278625,/home/user/These/cordex_htws_cc3d/Data/ERA5/tasmax/before_2005/ERA5_tasmax_day_Europe_19940101-19941231.nc,ERA5,noleap,92,1.1438448626560855
2270,1995,6,59,8266742.712910934,9.833333333333334,15.0,268110.6508606575,489596.72402401513,1377790.4521518224,2032942.6084780288,6.846215173778416,11.585195307497544,67.39753705949819,149.5986128751689,/home/user/These/cordex_htws_cc3d/Data/ERA5/tasmax/before_2005/ERA5_tasmax_day_Europe_19950101-19951231.nc,ERA5,noleap,92,1.0476624972091184
2271,1996,5,31,6267942.692703729,8.2,13.0,266164.47361729475,758929.9409009642,1253588.5385407456,3668269.181084469,4.653730748436876,10.7385081782961,41.30781044796948,85.9080654263688,/home/user/These/cordex_htws_cc3d/Data/ERA5/tasmax/before_2005/ERA5_tasmax_day_Europe_19960101-19961231.nc,ERA5,noleap,92,0.794350171748521
2272,1997,3,31,6788821.358569332,12.0,25.0,376034.437122697,904684.7027719866,2262940.452856444,5884257.462498289,10.457204913152031,27.005782548025245,232.4867536772003,675.1445637006311,/home/user/These/cordex_htws_cc3d/Data/ERA5/tasmax/before_2005/ERA5_tasmax_day_Europe_19970101-19971231.nc,ERA5,noleap,92,0.8603622714079714
2273,1998,4,37,8616497.237158297,10.75,15.0,392905.9625459684,962162.1182273582,2154124.309289574,5983476.359271328,21.6985040350963,45.76858399747977,300.1925192478173,686.5287599621965,/home/user/These/cordex_htws_cc3d/Data/ERA5/tasmax/before_2005/ERA5_tasmax_day_Europe_19980101-19981231.nc,ERA5,noleap,92,1.091987657796359
2274,1999,4,29,5970698.035234924,8.0,14.0,284007.21834860026,562933.8659476031,1492674.508808731,3401327.3980248114,5.4301129565762185,11.02717034169316,59.34155065318867,154.38038478370422,/home/user/These/cordex_htws_cc3d/Data/ERA5/tasmax/before_2005/ERA5_tasmax_day_Europe_19990101-19991231.nc,ERA5,noleap,92,0.7566797021402827
2275,2000,6,52,5984389.099111214,9.166666666666666,15.0,215758.3382639798,568262.187509223,997398.1831852024,2461294.57814894,8.025075146473336,13.5766025218281,70.2445049306493,113.78199540814852,/home/user/These/cordex_htws_cc3d/Data/ERA5/tasmax/before_2005/ERA5_tasmax_day_Europe_20000101-20001231.nc,ERA5,noleap,92,0.7584148007962117
2276,2001,3,24,11397045.04493636,11.333333333333334,16.0,745264.5361889518,1854711.019562972,3799015.014978787,9488074.894285709,18.46596455146396,41.108305730841245,256.1377818399289,657.7328916934599,/home/user/These/cordex_htws_cc3d/Data/ERA5/tasmax/before_2005/ERA5_tasmax_day_Europe_20010101-20011231.nc,ERA5,noleap,92,1.4443726008231317
2277,2002,6,70,12742237.737845192,12.166666666666666,22.0,368171.3397392061,904252.9429996,2123706.2896408653,6569240.101536612,14.266481036425482,51.95598919700617,179.18854821158138,519.5598919700617,/home/user/These/cordex_htws_cc3d/Data/ERA5/tasmax/before_2005/ERA5_tasmax_day_Europe_20020101-20021231.nc,ERA5,noleap,92,1.6148518312556064
2278,2003,5,80,19821150.56175452,22.2,34.0,610145.9111112172,1368100.2781626012,3964230.112350904,10998345.48737452,11.942894442853731,38.07255684633378,202.6405242411817,380.7255684633378,/home/user/These/cordex_htws_cc3d/Data/ERA5/tasmax/before_2005/ERA5_tasmax_day_Europe_20030101-20031231.nc,ERA5,noleap,92,2.5119780324907994
2279,2004,2,31,1902092.631180281,15.5,18.0,191464.22540116915,332543.13252535067,951046.3155901404,1651560.1404590136,20.66450648362016,24.37309642219196,329.571325342542,438.7157355994553,/home/user/These/cordex_htws_cc3d/Data/ERA5/tasmax/before_2005/ERA5_tasmax_day_Europe_20040101-20041231.nc,ERA5,noleap,92,0.24105638521846492
2280,2005,3,21,2362631.7518789857,7.0,10.0,170538.37232068114,228923.59603439024,787543.9172929953,1156702.2465991764,8.723848051117598,12.77731685009736,58.68986931754228,79.5441497065187,/home/user/These/cordex_htws_cc3d/Data/ERA5/tasmax/before_2005/ERA5_tasmax_day_Europe_20050101-20051231.nc,ERA5,noleap,92,0.2994215215254348
2281,2006,11,80,15526988.169258831,9.0,20.0,293413.4754851477,664691.0455567237,1411544.37902353,3357701.978353274,9.788942334773346,21.647747472605896,96.781019918601,383.5496687200148,/home/user/These/cordex_htws_cc3d/Data/ERA5/tasmax/after_2005/ERA5_tasmax_day_Europe_20060101-20061231.nc,ERA5,noleap,92,1.9677693820247246
2282,2007,5,62,28141021.580616817,14.0,20.0,942726.1584645354,2675377.188311574,5628204.316123364,15521209.505763477,20.073980751596,42.31848149069459,312.85570770326615,846.3696298138917,/home/user/These/cordex_htws_cc3d/Data/ERA5/tasmax/after_2005/ERA5_tasmax_day_Europe_20070101-20071231.nc,ERA5,noleap,92,3.5663735968363324
2283,2008,2,18,6027995.140715477,9.0,10.0,571926.63529133,947660.5623967864,3013997.5703577385,5074113.243499572,12.012062790495015,17.9170996799497,102.20352822500044,143.3367974395976,/home/user/These/cordex_htws_cc3d/Data/ERA5/tasmax/after_2005/ERA5_tasmax_day_Europe_20080101-20081231.nc,ERA5,noleap,92,0.7639410904156017
2284,2009,1,14,1104560.1162249236,14.0,14.0,206299.1977440437,206299.1977440437,1104560.1162249236,1104560.1162249236,3.8671598990233935,3.8671598990233935,54.14023858632752,54.14023858632752,/home/user/These/cordex_htws_cc3d/Data/ERA5/tasmax/after_2005/ERA5_tasmax_day_Europe_20090101-20091231.nc,ERA5,noleap,92,0.139983334412293
2285,2010,5,74,63386632.53740241,16.2,50.0,1064730.2035544652,4071928.2406127774,12677326.507480482,57310345.62614345,8.215425081586611,17.04831817998807,152.31244874320345,498.52168130561074,/home/user/These/cordex_htws_cc3d/Data/ERA5/tasmax/after_2005/ERA5_tasmax_day_Europe_20100101-20101231.nc,ERA5,noleap,92,8.033127440883892
2286,2011,4,31,7529580.59099941,9.25,10.0,375027.9069958743,527379.3143962767,1882395.1477498524,2797053.365695909,24.54871360520429,33.82867562364609,223.23182155326364,338.2867562364609,/home/user/These/cordex_htws_cc3d/Data/ERA5/tasmax/after_2005/ERA5_tasmax_day_Europe_20110101-20111231.nc,ERA5,noleap,92,0.95424031917476
2287,2012,9,59,18109677.00354989,9.555555555555555,14.0,389277.358389876,740736.4630834457,2012186.333727765,4260341.730162223,13.546168073199397,24.651039850847347,142.68857135128584,296.1439686255529,/home/user/These/cordex_htws_cc3d/Data/ERA5/tasmax/after_2005/ERA5_tasmax_day_Europe_20120101-20121231.nc,ERA5,noleap,92,2.2950792218993343
2288,2013,5,36,7092500.952857714,7.2,10.0,301299.66095939203,465360.4856785245,1418500.1905715428,2228077.2617747937,9.97932423382478,26.115239073021097,83.69163406503672,261.152390730211,/home/user/These/cordex_htws_cc3d/Data/ERA5/tasmax/after_2005/ERA5_tasmax_day_Europe_20130101-20131231.nc,ERA5,noleap,92,0.8988482547211726
2289,2014,3,48,16693958.80278378,17.0,35.0,1089755.8488861695,2105567.016065279,5564652.93426126,11423931.512880448,14.760044998607569,21.294280715995576,311.2491008022104,745.2998250598451,/home/user/These/cordex_htws_cc3d/Data/ERA5/tasmax/after_2005/ERA5_tasmax_day_Europe_20140101-20141231.nc,ERA5,noleap,92,2.1156621386456633
2290,2015,7,72,18708641.572548643,13.285714285714286,25.0,453578.3564916184,1147623.5288868984,2672663.081792664,7529541.938616264,8.363081291624606,25.65273337977572,139.97352744639082,590.0128677348416,/home/user/These/cordex_htws_cc3d/Data/ERA5/tasmax/after_2005/ERA5_tasmax_day_Europe_20150101-20151231.nc,ERA5,noleap,92,2.370987319911986
2291,2016,5,29,7535642.139259151,8.4,12.0,314477.0208875063,591532.4545337704,1507128.42785183,2737771.595409575,7.97898232911916,17.379794723237413,68.09954937214472,121.6585630626619,/home/user/These/cordex_htws_cc3d/Data/ERA5/tasmax/after_2005/ERA5_tasmax_day_Europe_20160101-20161231.nc,ERA5,noleap,92,0.9550085125257924
2292,2017,5,43,13988839.32429477,13.0,20.0,557993.987058613,1325482.3000468651,2797767.864858954,6855751.0961092925,17.89720358605681,36.251936056034616,215.23825899437568,507.5271047844847,/home/user/These/cordex_htws_cc3d/Data/ERA5/tasmax/after_2005/ERA5_tasmax_day_Europe_20170101-20171231.nc,ERA5,noleap,92,1.7728363937901201
2293,2018,5,52,13987925.28501459,13.8,30.0,429977.0247764952,1407518.3028992454,2797585.057002918,10034088.444431772,8.843350000552023,17.69655434700437,137.0575209559592,379.24992573762927,/home/user/These/cordex_htws_cc3d/Data/ERA5/tasmax/after_2005/ERA5_tasmax_day_Europe_20180101-20181231.nc,ERA5,noleap,92,1.7727205555805527
2294,2019,7,58,17461087.61195979,9.428571428571429,20.0,538279.0146758312,885765.099950891,2494441.087422827,3886814.200051615,15.173270977322918,36.54118349574442,137.36266681227147,328.87065146169977,/home/user/These/cordex_htws_cc3d/Data/ERA5/tasmax/after_2005/ERA5_tasmax_day_Europe_20190101-20191231.nc,ERA5,noleap,92,2.2128820609068454
2295,2020,7,47,12267058.557661382,8.857142857142858,19.0,338276.15311475,665285.9080522517,1752436.936808769,3664657.3246137816,8.052629867406846,11.804357027764816,80.53694165995903,224.2827835275315,/home/user/These/cordex_htws_cc3d/Data/ERA5/tasmax/after_2005/ERA5_tasmax_day_Europe_20200101-20201231.nc,ERA5,noleap,92,1.5546313279906812
2296,2021,9,69,37446156.92085207,13.88888888888889,36.0,598068.5986028357,3845771.793019215,4160684.102316897,28793684.268139403,9.970413999319296,18.219999825137567,163.32322995514716,601.5294481134243,/home/user/These/cordex_htws_cc3d/Data/ERA5/tasmax/after_2005/ERA5_tasmax_day_Europe_20210101-20211231.nc,ERA5,noleap,92,4.745633876969926
2297,2022,7,91,36526955.52490419,16.571428571428573,42.0,841393.2904342266,2067094.6064539284,5218136.503557742,14545623.109795384,14.679562227818908,29.96431204132624,278.4776052021602,599.2862408265248,/home/user/These/cordex_htws_cc3d/Data/ERA5/tasmax/after_2005/ERA5_tasmax_day_Europe_20220101-20221231.nc,ERA5,noleap,92,4.6291414611103106
2298,2023,11,81,22233175.03822784,14.909090909090908,45.0,354747.3752545724,1092723.2472431576,2021197.7307479857,6384547.663797837,10.358953325507493,19.488079064216013,172.0448204328836,631.3545994468456,/home/user/These/cordex_htws_cc3d/Data/ERA5/tasmax/after_2005/ERA5_tasmax_day_Europe_20230101-20231231.nc,ERA5,noleap,92,2.817659202706116
2299,2024,8,92,42466500.00328276,20.875,45.0,751417.9476669066,2358991.321362199,5308312.500410345,17656400.03699834,11.735547959685396,27.042093661495787,241.63381434167545,886.7272688904915,/home/user/These/cordex_htws_cc3d/Data/ERA5/tasmax/after_2005/ERA5_tasmax_day_Europe_20240101-20241231.nc,ERA5,noleap,92,5.381873004428364
2300,2025,9,79,37779705.64593126,16.666666666666668,37.0,672183.814096398,1325071.7494428074,4197745.07177014,10078491.3159421,15.266326338795087,31.91034348153934,271.4432065452229,829.1517305722068,/home/user/These/cordex_htws_cc3d/Data/ERA5/tasmax/after_2005/ERA5_tasmax_day_Europe_20250101-20251231.nc,ERA5,noleap,92,4.787905240963341
2551,1975,0,0,0.0,,,,,,,,,,,/bdd/CORDEX-Adjust/bias-adjusted-output/EUR-11/SMHI/ICHEC-EC-EARTH/historical/r1i1p1/SMHI-RCA4/SBCK-CDFt-ERA5-1976-2005/day/tasmaxAdjust/v20260512/tasmaxAdjust_EUR-11_ICHEC-EC-EARTH_historical_r1i1p1_SMHI-RCA4_SBCK-CDFt-ERA5-1976-2005_day_19700101-20051231.nc,SMHI_ICHEC-EC-EARTH_rcp85_r1i1p1_SMHI-RCA4_SBCK-CDFt-ERA5-1976-2005_day_tasmaxAdjust_v20260512,noleap,92,0.0
2552,1976,2,18,3984717.815196082,9.0,12.0,373380.6935182864,656936.5192453219,1992358.907598041,3609228.141645697,15.987492342574912,24.712533157500832,170.062553527952,296.55039789001,/bdd/CORDEX-Adjust/bias-adjusted-output/EUR-11/SMHI/ICHEC-EC-EARTH/historical/r1i1p1/SMHI-RCA4/SBCK-CDFt-ERA5-1976-2005/day/tasmaxAdjust/v20260512/tasmaxAdjust_EUR-11_ICHEC-EC-EARTH_historical_r1i1p1_SMHI-RCA4_SBCK-CDFt-ERA5-1976-2005_day_19700101-20051231.nc,SMHI_ICHEC-EC-EARTH_rcp85_r1i1p1_SMHI-RCA4_SBCK-CDFt-ERA5-1976-2005_day_tasmaxAdjust_v20260512,noleap,92,0.5049920581684574
2553,1977,1,12,974436.4185252124,12.0,12.0,201133.991368979,201133.991368979,974436.4185252124,974436.4185252124,4.102876055588028,4.102876055588028,49.23451266705633,49.23451266705633,/bdd/CORDEX-Adjust/bias-adjusted-output/EUR-11/SMHI/ICHEC-EC-EARTH/historical/r1i1p1/SMHI-RCA4/SBCK-CDFt-ERA5-1976-2005/day/tasmaxAdjust/v20260512/tasmaxAdjust_EUR-11_ICHEC-EC-EARTH_historical_r1i1p1_SMHI-RCA4_SBCK-CDFt-ERA5-1976-2005_day_19700101-20051231.nc,SMHI_ICHEC-EC-EARTH_rcp85_r1i1p1_SMHI-RCA4_SBCK-CDFt-ERA5-1976-2005_day_tasmaxAdjust_v20260512,noleap,92,0.12349247183043818
2554,1978,3,28,5248247.669205702,9.333333333333334,11.0,316233.5946719489,491905.8294572919,1749415.889735234,3118452.6749178963,11.18938300581123,22.22170461192549,108.91814601833424,222.2170461192549,/bdd/CORDEX-Adjust/bias-adjusted-output/EUR-11/SMHI/ICHEC-EC-EARTH/historical/r1i1p1/SMHI-RCA4/SBCK-CDFt-ERA5-1976-2005/day/tasmaxAdjust/v20260512/tasmaxAdjust_EUR-11_ICHEC-EC-EARTH_historical_r1i1p1_SMHI-RCA4_SBCK-CDFt-ERA5-1976-2005_day_19700101-20051231.nc,SMHI_ICHEC-EC-EARTH_rcp85_r1i1p1_SMHI-RCA4_SBCK-CDFt-ERA5-1976-2005_day_tasmaxAdjust_v20260512,noleap,92,0.6651219773060839
2555,1979,2,17,2393856.625769295,8.5,10.0,257925.7719997808,269843.16629473795,1196928.3128846474,1234576.9216508945,18.91621848176472,34.97218915346038,184.87181310254363,349.7218915346038,/bdd/CORDEX-Adjust/bias-adjusted-output/EUR-11/SMHI/ICHEC-EC-EARTH/historical/r1i1p1/SMHI-RCA4/SBCK-CDFt-ERA5-1976-2005/day/tasmaxAdjust/v20260512/tasmaxAdjust_EUR-11_ICHEC-EC-EARTH_historical_r1i1p1_SMHI-RCA4_SBCK-CDFt-ERA5-1976-2005_day_19700101-20051231.nc,SMHI_ICHEC-EC-EARTH_rcp85_r1i1p1_SMHI-RCA4_SBCK-CDFt-ERA5-1976-2005_day_tasmaxAdjust_v20260512,noleap,92,0.303378718512329
2556,1980,2,7,1132585.99870505,6.0,6.0,125114.1961281559,145104.13163920166,566292.999352525,647245.8325547082,5.078676171473824,8.518769901935913,30.472057028842944,51.11261941161548,/bdd/CORDEX-Adjust/bias-adjusted-output/EUR-11/SMHI/ICHEC-EC-EARTH/historical/r1i1p1/SMHI-RCA4/SBCK-CDFt-ERA5-1976-2005/day/tasmaxAdjust/v20260512/tasmaxAdjust_EUR-11_ICHEC-EC-EARTH_historical_r1i1p1_SMHI-RCA4_SBCK-CDFt-ERA5-1976-2005_day_19700101-20051231.nc,SMHI_ICHEC-EC-EARTH_rcp85_r1i1p1_SMHI-RCA4_SBCK-CDFt-ERA5-1976-2005_day_tasmaxAdjust_v20260512,noleap,92,0.14353511617752948
2557,1981,1,11,1238181.0565906512,11.0,11.0,190589.0847076969,190589.0847076969,1238181.0565906512,1238181.0565906512,8.292455025069541,8.292455025069541,91.21700527576496,91.21700527576496,/bdd/CORDEX-Adjust/bias-adjusted-output/EUR-11/SMHI/ICHEC-EC-EARTH/historical/r1i1p1/SMHI-RCA4/SBCK-CDFt-ERA5-1976-2005/day/tasmaxAdjust/v20260512/tasmaxAdjust_EUR-11_ICHEC-EC-EARTH_historical_r1i1p1_SMHI-RCA4_SBCK-CDFt-ERA5-1976-2005_day_19700101-20051231.nc,SMHI_ICHEC-EC-EARTH_rcp85_r1i1p1_SMHI-RCA4_SBCK-CDFt-ERA5-1976-2005_day_tasmaxAdjust_v20260512,noleap,92,0.15691741025383987
2558,1982,5,49,30693527.06208849,14.8,36.0,519172.0730086247,2036621.190659653,6138705.412417698,27935846.595263746,5.727714481047879,14.247164811574002,88.67488551108951,270.1264179503368,/bdd/CORDEX-Adjust/bias-adjusted-output/EUR-11/SMHI/ICHEC-EC-EARTH/historical/r1i1p1/SMHI-RCA4/SBCK-CDFt-ERA5-1976-2005/day/tasmaxAdjust/v20260512/tasmaxAdjust_EUR-11_ICHEC-EC-EARTH_historical_r1i1p1_SMHI-RCA4_SBCK-CDFt-ERA5-1976-2005_day_19700101-20051231.nc,SMHI_ICHEC-EC-EARTH_rcp85_r1i1p1_SMHI-RCA4_SBCK-CDFt-ERA5-1976-2005_day_tasmaxAdjust_v20260512,noleap,92,3.889858233981515
2559,1983,0,0,0.0,,,,,,,,,,,/bdd/CORDEX-Adjust/bias-adjusted-output/EUR-11/SMHI/ICHEC-EC-EARTH/historical/r1i1p1/SMHI-RCA4/SBCK-CDFt-ERA5-1976-2005/day/tasmaxAdjust/v20260512/tasmaxAdjust_EUR-11_ICHEC-EC-EARTH_historical_r1i1p1_SMHI-RCA4_SBCK-CDFt-ERA5-1976-2005_day_19700101-20051231.nc,SMHI_ICHEC-EC-EARTH_rcp85_r1i1p1_SMHI-RCA4_SBCK-CDFt-ERA5-1976-2005_day_tasmaxAdjust_v20260512,noleap,92,0.0
2560,1984,4,53,16776380.811041508,19.25,40.0,781689.0796483913,2042943.3645117893,4194095.202760377,11100785.177814487,8.533630035992978,17.2773262858551,236.8905558005429,691.093051434204,/bdd/CORDEX-Adjust/bias-adjusted-output/EUR-11/SMHI/ICHEC-EC-EARTH/historical/r1i1p1/SMHI-RCA4/SBCK-CDFt-ERA5-1976-2005/day/tasmaxAdjust/v20260512/tasmaxAdjust_EUR-11_ICHEC-EC-EARTH_historical_r1i1p1_SMHI-RCA4_SBCK-CDFt-ERA5-1976-2005_day_19700101-20051231.nc,SMHI_ICHEC-EC-EARTH_rcp85_r1i1p1_SMHI-RCA4_SBCK-CDFt-ERA5-1976-2005_day_tasmaxAdjust_v20260512,noleap,92,2.126107661144074
2561,1985,0,0,0.0,,,,,,,,,,,/bdd/CORDEX-Adjust/bias-adjusted-output/EUR-11/SMHI/ICHEC-EC-EARTH/historical/r1i1p1/SMHI-RCA4/SBCK-CDFt-ERA5-1976-2005/day/tasmaxAdjust/v20260512/tasmaxAdjust_EUR-11_ICHEC-EC-EARTH_historical_r1i1p1_SMHI-RCA4_SBCK-CDFt-ERA5-1976-2005_day_19700101-20051231.nc,SMHI_ICHEC-EC-EARTH_rcp85_r1i1p1_SMHI-RCA4_SBCK-CDFt-ERA5-1976-2005_day_tasmaxAdjust_v20260512,noleap,92,0.0
2562,1986,6,47,12798515.581811847,10.0,21.0,365149.2012033719,956063.950060587,2133085.930301975,6318558.492048749,12.07955088975965,22.037462096091907,142.29123153762458,404.9557665300022,/bdd/CORDEX-Adjust/bias-adjusted-output/EUR-11/SMHI/ICHEC-EC-EARTH/historical/r1i1p1/SMHI-RCA4/SBCK-CDFt-ERA5-1976-2005/day/tasmaxAdjust/v20260512/tasmaxAdjust_EUR-11_ICHEC-EC-EARTH_historical_r1i1p1_SMHI-RCA4_SBCK-CDFt-ERA5-1976-2005_day_19700101-20051231.nc,SMHI_ICHEC-EC-EARTH_rcp85_r1i1p1_SMHI-RCA4_SBCK-CDFt-ERA5-1976-2005_day_tasmaxAdjust_v20260512,noleap,92,1.6219840462761088
2563,1987,2,15,4506421.378687825,7.5,8.0,495199.4636043147,645900.0482792454,2253210.6893439125,2993884.8309211973,4.622083351386651,7.106973794867744,35.90807035714043,56.85579035894195,/bdd/CORDEX-Adjust/bias-adjusted-output/EUR-11/SMHI/ICHEC-EC-EARTH/historical/r1i1p1/SMHI-RCA4/SBCK-CDFt-ERA5-1976-2005/day/tasmaxAdjust/v20260512/tasmaxAdjust_EUR-11_ICHEC-EC-EARTH_historical_r1i1p1_SMHI-RCA4_SBCK-CDFt-ERA5-1976-2005_day_19700101-20051231.nc,SMHI_ICHEC-EC-EARTH_rcp85_r1i1p1_SMHI-RCA4_SBCK-CDFt-ERA5-1976-2005_day_tasmaxAdjust_v20260512,noleap,92,0.5711086989194787
2564,1988,2,25,911752.8569134552,12.5,15.0,93654.9155999885,111306.82343814426,455876.42845672753,494665.85094322247,10.991983721218892,17.081009866581883,152.62236187864363,256.21514799872824,/bdd/CORDEX-Adjust/bias-adjusted-output/EUR-11/SMHI/ICHEC-EC-EARTH/historical/r1i1p1/SMHI-RCA4/SBCK-CDFt-ERA5-1976-2005/day/tasmaxAdjust/v20260512/tasmaxAdjust_EUR-11_ICHEC-EC-EARTH_historical_r1i1p1_SMHI-RCA4_SBCK-CDFt-ERA5-1976-2005_day_19700101-20051231.nc,SMHI_ICHEC-EC-EARTH_rcp85_r1i1p1_SMHI-RCA4_SBCK-CDFt-ERA5-1976-2005_day_tasmaxAdjust_v20260512,noleap,92,0.11554844611525893
2565,1989,3,31,4064454.720767972,13.333333333333334,21.0,269791.88808491646,432063.0128625408,1354818.2402559903,2080335.9449182928,12.447685824349827,28.168251383170546,139.73625823547465,253.51426244853488,/bdd/CORDEX-Adjust/bias-adjusted-output/EUR-11/SMHI/ICHEC-EC-EARTH/historical/r1i1p1/SMHI-RCA4/SBCK-CDFt-ERA5-1976-2005/day/tasmaxAdjust/v20260512/tasmaxAdjust_EUR-11_ICHEC-EC-EARTH_historical_r1i1p1_SMHI-RCA4_SBCK-CDFt-ERA5-1976-2005_day_19700101-20051231.nc,SMHI_ICHEC-EC-EARTH_rcp85_r1i1p1_SMHI-RCA4_SBCK-CDFt-ERA5-1976-2005_day_tasmaxAdjust_v20260512,noleap,92,0.5150972916941973
2566,1990,6,54,14075702.16882546,14.833333333333334,36.0,469807.7494270069,857921.2407193669,2345950.36147091,4472141.776361577,15.249255979224491,30.48055869653247,288.4350833145875,1097.3001130751688,/bdd/CORDEX-Adjust/bias-adjusted-output/EUR-11/SMHI/ICHEC-EC-EARTH/historical/r1i1p1/SMHI-RCA4/SBCK-CDFt-ERA5-1976-2005/day/tasmaxAdjust/v20260512/tasmaxAdjust_EUR-11_ICHEC-EC-EARTH_historical_r1i1p1_SMHI-RCA4_SBCK-CDFt-ERA5-1976-2005_day_19700101-20051231.nc,SMHI_ICHEC-EC-EARTH_rcp85_r1i1p1_SMHI-RCA4_SBCK-CDFt-ERA5-1976-2005_day_tasmaxAdjust_v20260512,noleap,92,1.7838447132426636
2567,1991,2,31,16989258.272766728,15.5,17.0,1224438.7572114938,1807270.934538319,8494629.136383364,13456372.74882502,24.950430383809305,31.78418196571324,376.4810435761883,444.9785475199853,/bdd/CORDEX-Adjust/bias-adjusted-output/EUR-11/SMHI/ICHEC-EC-EARTH/historical/r1i1p1/SMHI-RCA4/SBCK-CDFt-ERA5-1976-2005/day/tasmaxAdjust/v20260512/tasmaxAdjust_EUR-11_ICHEC-EC-EARTH_historical_r1i1p1_SMHI-RCA4_SBCK-CDFt-ERA5-1976-2005_day_19700101-20051231.nc,SMHI_ICHEC-EC-EARTH_rcp85_r1i1p1_SMHI-RCA4_SBCK-CDFt-ERA5-1976-2005_day_tasmaxAdjust_v20260512,noleap,92,2.1530860903629083
2568,1992,1,9,418369.8358531508,9.0,9.0,78971.50160200238,78971.50160200238,418369.8358531508,418369.8358531508,3.599066958284704,3.599066958284704,32.39160262456234,32.39160262456234,/bdd/CORDEX-Adjust/bias-adjusted-output/EUR-11/SMHI/ICHEC-EC-EARTH/historical/r1i1p1/SMHI-RCA4/SBCK-CDFt-ERA5-1976-2005/day/tasmaxAdjust/v20260512/tasmaxAdjust_EUR-11_ICHEC-EC-EARTH_historical_r1i1p1_SMHI-RCA4_SBCK-CDFt-ERA5-1976-2005_day_19700101-20051231.nc,SMHI_ICHEC-EC-EARTH_rcp85_r1i1p1_SMHI-RCA4_SBCK-CDFt-ERA5-1976-2005_day_tasmaxAdjust_v20260512,noleap,92,0.053020930033582776
2569,1993,2,13,7665939.6625010045,10.5,13.0,688688.9063915312,1278024.266653763,3832969.8312505023,7127484.208414372,13.133048510873882,22.5461945235836,161.4298743959501,293.1005288065868,/bdd/CORDEX-Adjust/bias-adjusted-output/EUR-11/SMHI/ICHEC-EC-EARTH/historical/r1i1p1/SMHI-RCA4/SBCK-CDFt-ERA5-1976-2005/day/tasmaxAdjust/v20260512/tasmaxAdjust_EUR-11_ICHEC-EC-EARTH_historical_r1i1p1_SMHI-RCA4_SBCK-CDFt-ERA5-1976-2005_day_19700101-20051231.nc,SMHI_ICHEC-EC-EARTH_rcp85_r1i1p1_SMHI-RCA4_SBCK-CDFt-ERA5-1976-2005_day_tasmaxAdjust_v20260512,noleap,92,0.9715214044011531
2570,1994,9,43,7185829.8268033415,11.333333333333334,28.0,146141.13997579867,323937.42080987024,798425.5363114824,1887879.7016885704,7.406833213982675,15.009101716125304,87.08653947596676,195.1291526637025,/bdd/CORDEX-Adjust/bias-adjusted-output/EUR-11/SMHI/ICHEC-EC-EARTH/historical/r1i1p1/SMHI-RCA4/SBCK-CDFt-ERA5-1976-2005/day/tasmaxAdjust/v20260512/tasmaxAdjust_EUR-11_ICHEC-EC-EARTH_historical_r1i1p1_SMHI-RCA4_SBCK-CDFt-ERA5-1976-2005_day_19700101-20051231.nc,SMHI_ICHEC-EC-EARTH_rcp85_r1i1p1_SMHI-RCA4_SBCK-CDFt-ERA5-1976-2005_day_tasmaxAdjust_v20260512,noleap,92,0.9106760283117167
2571,1995,7,42,10830046.652487244,9.428571428571429,14.0,270103.60870547284,704493.9060469243,1547149.5217838918,4636855.090817118,14.790592805903358,23.63426585187777,151.77891656121238,330.8797219262888,/bdd/CORDEX-Adjust/bias-adjusted-output/EUR-11/SMHI/ICHEC-EC-EARTH/historical/r1i1p1/SMHI-RCA4/SBCK-CDFt-ERA5-1976-2005/day/tasmaxAdjust/v20260512/tasmaxAdjust_EUR-11_ICHEC-EC-EARTH_historical_r1i1p1_SMHI-RCA4_SBCK-CDFt-ERA5-1976-2005_day_19700101-20051231.nc,SMHI_ICHEC-EC-EARTH_rcp85_r1i1p1_SMHI-RCA4_SBCK-CDFt-ERA5-1976-2005_day_tasmaxAdjust_v20260512,noleap,92,1.3725156467148276
2572,1996,6,40,4537598.567752025,9.666666666666666,12.0,148265.00220925864,224463.4852537513,756266.4279586709,1157718.8162334042,6.553016316802833,20.41253570056204,70.40643575617823,244.9504284067445,/bdd/CORDEX-Adjust/bias-adjusted-output/EUR-11/SMHI/ICHEC-EC-EARTH/historical/r1i1p1/SMHI-RCA4/SBCK-CDFt-ERA5-1976-2005/day/tasmaxAdjust/v20260512/tasmaxAdjust_EUR-11_ICHEC-EC-EARTH_historical_r1i1p1_SMHI-RCA4_SBCK-CDFt-ERA5-1976-2005_day_19700101-20051231.nc,SMHI_ICHEC-EC-EARTH_rcp85_r1i1p1_SMHI-RCA4_SBCK-CDFt-ERA5-1976-2005_day_tasmaxAdjust_v20260512,noleap,92,0.5750598527034168
2573,1997,4,92,6711984.962181207,30.5,92.0,309297.7277438189,692409.8834763508,1677996.2405453017,4092444.186150194,5.751734684533863,18.02001669669391,135.4309928577157,331.3606588748752,/bdd/CORDEX-Adjust/bias-adjusted-output/EUR-11/SMHI/ICHEC-EC-EARTH/historical/r1i1p1/SMHI-RCA4/SBCK-CDFt-ERA5-1976-2005/day/tasmaxAdjust/v20260512/tasmaxAdjust_EUR-11_ICHEC-EC-EARTH_historical_r1i1p1_SMHI-RCA4_SBCK-CDFt-ERA5-1976-2005_day_19700101-20051231.nc,SMHI_ICHEC-EC-EARTH_rcp85_r1i1p1_SMHI-RCA4_SBCK-CDFt-ERA5-1976-2005_day_tasmaxAdjust_v20260512,noleap,92,0.8506246257944444
2574,1998,4,45,3841969.2960509006,13.25,23.0,215635.22572413625,368832.2961724919,960492.3240127251,1807687.7438010047,17.149475003776587,29.15370274754869,236.7151544396648,426.01057639551976,/bdd/CORDEX-Adjust/bias-adjusted-output/EUR-11/SMHI/ICHEC-EC-EARTH/historical/r1i1p1/SMHI-RCA4/SBCK-CDFt-ERA5-1976-2005/day/tasmaxAdjust/v20260512/tasmaxAdjust_EUR-11_ICHEC-EC-EARTH_historical_r1i1p1_SMHI-RCA4_SBCK-CDFt-ERA5-1976-2005_day_19700101-20051231.nc,SMHI_ICHEC-EC-EARTH_rcp85_r1i1p1_SMHI-RCA4_SBCK-CDFt-ERA5-1976-2005_day_tasmaxAdjust_v20260512,noleap,92,0.486901224180486
2575,1999,2,38,2383084.7783621857,21.5,38.0,201961.00233803416,305207.3563600093,1191542.3891810928,1977914.667889401,2.289795104787864,2.523956869953171,53.09426387816664,95.9103610582205,/bdd/CORDEX-Adjust/bias-adjusted-output/EUR-11/SMHI/ICHEC-EC-EARTH/historical/r1i1p1/SMHI-RCA4/SBCK-CDFt-ERA5-1976-2005/day/tasmaxAdjust/v20260512/tasmaxAdjust_EUR-11_ICHEC-EC-EARTH_historical_r1i1p1_SMHI-RCA4_SBCK-CDFt-ERA5-1976-2005_day_19700101-20051231.nc,SMHI_ICHEC-EC-EARTH_rcp85_r1i1p1_SMHI-RCA4_SBCK-CDFt-ERA5-1976-2005_day_tasmaxAdjust_v20260512,noleap,92,0.30201357858406414
2576,2000,3,55,11226958.132763112,18.33333333333333,26.0,585941.4653318604,923003.8790966538,3742319.377587704,6346050.497870006,9.139406888375042,15.232442263507512,156.4505744800555,350.3461720606728,/bdd/CORDEX-Adjust/bias-adjusted-output/EUR-11/SMHI/ICHEC-EC-EARTH/historical/r1i1p1/SMHI-RCA4/SBCK-CDFt-ERA5-1976-2005/day/tasmaxAdjust/v20260512/tasmaxAdjust_EUR-11_ICHEC-EC-EARTH_historical_r1i1p1_SMHI-RCA4_SBCK-CDFt-ERA5-1976-2005_day_19700101-20051231.nc,SMHI_ICHEC-EC-EARTH_rcp85_r1i1p1_SMHI-RCA4_SBCK-CDFt-ERA5-1976-2005_day_tasmaxAdjust_v20260512,noleap,92,1.4228171121211894
2577,2001,4,60,10156282.925375786,15.0,30.0,425838.01503469015,1102951.498772301,2539070.7313439464,6087425.109701339,17.82464059757313,38.56090378643033,269.83575305290185,501.2917492235943,/bdd/CORDEX-Adjust/bias-adjusted-output/EUR-11/SMHI/ICHEC-EC-EARTH/historical/r1i1p1/SMHI-RCA4/SBCK-CDFt-ERA5-1976-2005/day/tasmaxAdjust/v20260512/tasmaxAdjust_EUR-11_ICHEC-EC-EARTH_historical_r1i1p1_SMHI-RCA4_SBCK-CDFt-ERA5-1976-2005_day_19700101-20051231.nc,SMHI_ICHEC-EC-EARTH_rcp85_r1i1p1_SMHI-RCA4_SBCK-CDFt-ERA5-1976-2005_day_tasmaxAdjust_v20260512,noleap,92,1.2871280867787867
2578,2002,2,92,993119.2574613368,49.0,92.0,102536.20717490422,105839.5511829868,496559.62873066845,567737.6589970693,9.498531973295348,11.848008436713828,566.4555546184667,1090.0167761776722,/bdd/CORDEX-Adjust/bias-adjusted-output/EUR-11/SMHI/ICHEC-EC-EARTH/historical/r1i1p1/SMHI-RCA4/SBCK-CDFt-ERA5-1976-2005/day/tasmaxAdjust/v20260512/tasmaxAdjust_EUR-11_ICHEC-EC-EARTH_historical_r1i1p1_SMHI-RCA4_SBCK-CDFt-ERA5-1976-2005_day_19700101-20051231.nc,SMHI_ICHEC-EC-EARTH_rcp85_r1i1p1_SMHI-RCA4_SBCK-CDFt-ERA5-1976-2005_day_tasmaxAdjust_v20260512,noleap,92,0.12586018912545047
2579,2003,6,68,18349720.53919899,12.666666666666666,21.0,541169.2594530706,869819.6652101098,3058286.756533165,5015077.162506962,16.3860120357538,25.345206392145343,253.11437367831536,532.2493342350522,/bdd/CORDEX-Adjust/bias-adjusted-output/EUR-11/SMHI/ICHEC-EC-EARTH/historical/r1i1p1/SMHI-RCA4/SBCK-CDFt-ERA5-1976-2005/day/tasmaxAdjust/v20260512/tasmaxAdjust_EUR-11_ICHEC-EC-EARTH_historical_r1i1p1_SMHI-RCA4_SBCK-CDFt-ERA5-1976-2005_day_19700101-20051231.nc,SMHI_ICHEC-EC-EARTH_rcp85_r1i1p1_SMHI-RCA4_SBCK-CDFt-ERA5-1976-2005_day_tasmaxAdjust_v20260512,noleap,92,2.3255004674528315
2580,2004,2,18,1170853.7815689144,9.0,13.0,122353.30453530495,136900.6996211909,585426.8907844572,738158.1277425038,16.38659914478049,32.531704545347864,212.0598139052939,422.9121590895222,/bdd/CORDEX-Adjust/bias-adjusted-output/EUR-11/SMHI/ICHEC-EC-EARTH/historical/r1i1p1/SMHI-RCA4/SBCK-CDFt-ERA5-1976-2005/day/tasmaxAdjust/v20260512/tasmaxAdjust_EUR-11_ICHEC-EC-EARTH_historical_r1i1p1_SMHI-RCA4_SBCK-CDFt-ERA5-1976-2005_day_19700101-20051231.nc,SMHI_ICHEC-EC-EARTH_rcp85_r1i1p1_SMHI-RCA4_SBCK-CDFt-ERA5-1976-2005_day_tasmaxAdjust_v20260512,noleap,92,0.14838487651846732
2581,2005,2,11,3400458.256307448,8.5,9.0,354987.6686239185,459319.3123141955,1700229.1281537237,2231037.863971792,8.554788839065969,13.625342941905922,75.25098218348072,122.6280864771533,/bdd/CORDEX-Adjust/bias-adjusted-output/EUR-11/SMHI/ICHEC-EC-EARTH/historical/r1i1p1/SMHI-RCA4/SBCK-CDFt-ERA5-1976-2005/day/tasmaxAdjust/v20260512/tasmaxAdjust_EUR-11_ICHEC-EC-EARTH_historical_r1i1p1_SMHI-RCA4_SBCK-CDFt-ERA5-1976-2005_day_19700101-20051231.nc,SMHI_ICHEC-EC-EARTH_rcp85_r1i1p1_SMHI-RCA4_SBCK-CDFt-ERA5-1976-2005_day_tasmaxAdjust_v20260512,noleap,92,0.43094755844941074
2582,2006,5,52,20222960.607550647,14.6,44.0,516338.4365169996,1551797.3567740875,4044592.1215101294,15232458.610458717,7.945376699237333,12.322072972864689,135.0169588340094,465.53676913743766,/bdd/CORDEX-Adjust/bias-adjusted-output/EUR-11/SMHI/ICHEC-EC-EARTH/rcp85/r1i1p1/SMHI-RCA4/SBCK-CDFt-ERA5-1976-2005/day/tasmaxAdjust/v20260512/tasmaxAdjust_EUR-11_ICHEC-EC-EARTH_rcp85_r1i1p1_SMHI-RCA4_SBCK-CDFt-ERA5-1976-2005_day_20060101-21001231.nc,SMHI_ICHEC-EC-EARTH_rcp85_r1i1p1_SMHI-RCA4_SBCK-CDFt-ERA5-1976-2005_day_tasmaxAdjust_v20260512,noleap,92,2.562900303886161
2583,2007,8,92,12245180.17337447,21.625,92.0,251114.32652116503,686064.5682762963,1530647.5216718088,4417069.681249506,8.84339778948327,25.09452493096745,171.17061774334468,474.5154155813802,/bdd/CORDEX-Adjust/bias-adjusted-output/EUR-11/SMHI/ICHEC-EC-EARTH/rcp85/r1i1p1/SMHI-RCA4/SBCK-CDFt-ERA5-1976-2005/day/tasmaxAdjust/v20260512/tasmaxAdjust_EUR-11_ICHEC-EC-EARTH_rcp85_r1i1p1_SMHI-RCA4_SBCK-CDFt-ERA5-1976-2005_day_20060101-21001231.nc,SMHI_ICHEC-EC-EARTH_rcp85_r1i1p1_SMHI-RCA4_SBCK-CDFt-ERA5-1976-2005_day_tasmaxAdjust_v20260512,noleap,92,1.551858632200702
2584,2008,5,60,18384316.573145643,16.2,35.0,599657.0505442775,1208692.22560915,3676863.3146291287,9022240.25818836,15.639413789264854,38.08100911285577,188.0876031619598,342.7290820157019,/bdd/CORDEX-Adjust/bias-adjusted-output/EUR-11/SMHI/ICHEC-EC-EARTH/rcp85/r1i1p1/SMHI-RCA4/SBCK-CDFt-ERA5-1976-2005/day/tasmaxAdjust/v20260512/tasmaxAdjust_EUR-11_ICHEC-EC-EARTH_rcp85_r1i1p1_SMHI-RCA4_SBCK-CDFt-ERA5-1976-2005_day_20060101-21001231.nc,SMHI_ICHEC-EC-EARTH_rcp85_r1i1p1_SMHI-RCA4_SBCK-CDFt-ERA5-1976-2005_day_tasmaxAdjust_v20260512,noleap,92,2.329884898972815
2585,2009,3,56,4549091.368889893,19.33333333333333,38.0,313946.5143067531,673544.6479008405,1516363.7896299644,3126949.964100203,4.061852020388784,10.046832358870708,52.10288456251309,130.6088206653192,/bdd/CORDEX-Adjust/bias-adjusted-output/EUR-11/SMHI/ICHEC-EC-EARTH/rcp85/r1i1p1/SMHI-RCA4/SBCK-CDFt-ERA5-1976-2005/day/tasmaxAdjust/v20260512/tasmaxAdjust_EUR-11_ICHEC-EC-EARTH_rcp85_r1i1p1_SMHI-RCA4_SBCK-CDFt-ERA5-1976-2005_day_20060101-21001231.nc,SMHI_ICHEC-EC-EARTH_rcp85_r1i1p1_SMHI-RCA4_SBCK-CDFt-ERA5-1976-2005_day_tasmaxAdjust_v20260512,noleap,92,0.5765163606846343
2586,2010,3,58,13841761.381620212,22.33333333333333,34.0,616372.9124727846,1484696.6605593178,4613920.460540071,11794547.761633914,16.380893727632255,23.32790501167808,315.23518474635904,536.5418152685958,/bdd/CORDEX-Adjust/bias-adjusted-output/EUR-11/SMHI/ICHEC-EC-EARTH/rcp85/r1i1p1/SMHI-RCA4/SBCK-CDFt-ERA5-1976-2005/day/tasmaxAdjust/v20260512/tasmaxAdjust_EUR-11_ICHEC-EC-EARTH_rcp85_r1i1p1_SMHI-RCA4_SBCK-CDFt-ERA5-1976-2005_day_20060101-21001231.nc,SMHI_ICHEC-EC-EARTH_rcp85_r1i1p1_SMHI-RCA4_SBCK-CDFt-ERA5-1976-2005_day_tasmaxAdjust_v20260512,noleap,92,1.754196882430204
2587,2011,3,22,4509174.436213974,7.333333333333333,10.0,323110.4744016884,433453.4893719044,1503058.145404658,2252820.0653212955,14.323659030525652,26.62965832851855,124.9506973307732,266.2965832851855,/bdd/CORDEX-Adjust/bias-adjusted-output/EUR-11/SMHI/ICHEC-EC-EARTH/rcp85/r1i1p1/SMHI-RCA4/SBCK-CDFt-ERA5-1976-2005/day/tasmaxAdjust/v20260512/tasmaxAdjust_EUR-11_ICHEC-EC-EARTH_rcp85_r1i1p1_SMHI-RCA4_SBCK-CDFt-ERA5-1976-2005_day_20060101-21001231.nc,SMHI_ICHEC-EC-EARTH_rcp85_r1i1p1_SMHI-RCA4_SBCK-CDFt-ERA5-1976-2005_day_tasmaxAdjust_v20260512,noleap,92,0.5714575999586148
2588,2012,4,92,5265180.530702246,35.25,92.0,221334.2023519241,336461.19546309224,1316295.1326755616,1981914.4053388007,10.133193406744889,20.34131955489069,336.71505366683914,677.850545549185,/bdd/CORDEX-Adjust/bias-adjusted-output/EUR-11/SMHI/ICHEC-EC-EARTH/rcp85/r1i1p1/SMHI-RCA4/SBCK-CDFt-ERA5-1976-2005/day/tasmaxAdjust/v20260512/tasmaxAdjust_EUR-11_ICHEC-EC-EARTH_rcp85_r1i1p1_SMHI-RCA4_SBCK-CDFt-ERA5-1976-2005_day_20060101-21001231.nc,SMHI_ICHEC-EC-EARTH_rcp85_r1i1p1_SMHI-RCA4_SBCK-CDFt-ERA5-1976-2005_day_tasmaxAdjust_v20260512,noleap,92,0.6672679161088798
2589,2013,4,47,9184095.360790206,17.75,37.0,358811.25731668907,484927.7837591429,2296023.8401975515,3850643.092713603,11.240497119389826,22.40666663710766,186.9528970741218,403.31999946793786,/bdd/CORDEX-Adjust/bias-adjusted-output/EUR-11/SMHI/ICHEC-EC-EARTH/rcp85/r1i1p1/SMHI-RCA4/SBCK-CDFt-ERA5-1976-2005/day/tasmaxAdjust/v20260512/tasmaxAdjust_EUR-11_ICHEC-EC-EARTH_rcp85_r1i1p1_SMHI-RCA4_SBCK-CDFt-ERA5-1976-2005_day_20060101-21001231.nc,SMHI_ICHEC-EC-EARTH_rcp85_r1i1p1_SMHI-RCA4_SBCK-CDFt-ERA5-1976-2005_day_tasmaxAdjust_v20260512,noleap,92,1.163920617157329
2590,2014,4,92,3146650.791629853,30.25,92.0,145529.48897964714,322115.9454435804,786662.6979074633,1808404.71617007,5.654898512618956,10.798884536291162,156.8543541757382,410.06588534976,/bdd/CORDEX-Adjust/bias-adjusted-output/EUR-11/SMHI/ICHEC-EC-EARTH/rcp85/r1i1p1/SMHI-RCA4/SBCK-CDFt-ERA5-1976-2005/day/tasmaxAdjust/v20260512/tasmaxAdjust_EUR-11_ICHEC-EC-EARTH_rcp85_r1i1p1_SMHI-RCA4_SBCK-CDFt-ERA5-1976-2005_day_20060101-21001231.nc,SMHI_ICHEC-EC-EARTH_rcp85_r1i1p1_SMHI-RCA4_SBCK-CDFt-ERA5-1976-2005_day_tasmaxAdjust_v20260512,noleap,92,0.3987819798788867
2591,2015,5,92,13190449.07228016,31.4,92.0,462925.7120752259,804680.5057084144,2638089.814456032,4022237.09623358,11.332849935503152,26.677424180356173,206.37229498551332,480.19363524641113,/bdd/CORDEX-Adjust/bias-adjusted-output/EUR-11/SMHI/ICHEC-EC-EARTH/rcp85/r1i1p1/SMHI-RCA4/SBCK-CDFt-ERA5-1976-2005/day/tasmaxAdjust/v20260512/tasmaxAdjust_EUR-11_ICHEC-EC-EARTH_rcp85_r1i1p1_SMHI-RCA4_SBCK-CDFt-ERA5-1976-2005_day_20060101-21001231.nc,SMHI_ICHEC-EC-EARTH_rcp85_r1i1p1_SMHI-RCA4_SBCK-CDFt-ERA5-1976-2005_day_tasmaxAdjust_v20260512,noleap,92,1.6716546400787469
2592,2016,3,43,2886537.222115885,17.0,24.0,166727.515177125,299711.9691301049,962179.0740386284,1712785.4271012591,9.393965908904065,11.553988391847405,176.53358144253238,277.2957214043377,/bdd/CORDEX-Adjust/bias-adjusted-output/EUR-11/SMHI/ICHEC-EC-EARTH/rcp85/r1i1p1/SMHI-RCA4/SBCK-CDFt-ERA5-1976-2005/day/tasmaxAdjust/v20260512/tasmaxAdjust_EUR-11_ICHEC-EC-EARTH_rcp85_r1i1p1_SMHI-RCA4_SBCK-CDFt-ERA5-1976-2005_day_20060101-21001231.nc,SMHI_ICHEC-EC-EARTH_rcp85_r1i1p1_SMHI-RCA4_SBCK-CDFt-ERA5-1976-2005_day_tasmaxAdjust_v20260512,noleap,92,0.36581721476416074
2593,2017,6,92,7210403.993197558,44.16666666666666,92.0,182151.8882024278,338475.4034676573,1201733.9988662598,2714203.7336534443,6.967445802115507,12.94534927862781,270.00911605333806,945.6534471209122,/bdd/CORDEX-Adjust/bias-adjusted-output/EUR-11/SMHI/ICHEC-EC-EARTH/rcp85/r1i1p1/SMHI-RCA4/SBCK-CDFt-ERA5-1976-2005/day/tasmaxAdjust/v20260512/tasmaxAdjust_EUR-11_ICHEC-EC-EARTH_rcp85_r1i1p1_SMHI-RCA4_SBCK-CDFt-ERA5-1976-2005_day_20060101-21001231.nc,SMHI_ICHEC-EC-EARTH_rcp85_r1i1p1_SMHI-RCA4_SBCK-CDFt-ERA5-1976-2005_day_tasmaxAdjust_v20260512,noleap,92,0.9137903665009516
2594,2018,1,80,42746190.65742321,80.0,80.0,3627266.54468514,3627266.54468514,42746190.65742321,42746190.65742321,7.514526409200871,7.514526409200871,601.1621127360697,601.1621127360697,/bdd/CORDEX-Adjust/bias-adjusted-output/EUR-11/SMHI/ICHEC-EC-EARTH/rcp85/r1i1p1/SMHI-RCA4/SBCK-CDFt-ERA5-1976-2005/day/tasmaxAdjust/v20260512/tasmaxAdjust_EUR-11_ICHEC-EC-EARTH_rcp85_r1i1p1_SMHI-RCA4_SBCK-CDFt-ERA5-1976-2005_day_20060101-21001231.nc,SMHI_ICHEC-EC-EARTH_rcp85_r1i1p1_SMHI-RCA4_SBCK-CDFt-ERA5-1976-2005_day_tasmaxAdjust_v20260512,noleap,92,5.417318816562471
2595,2019,10,84,36655529.091103,20.9,61.0,430531.3996999697,1899121.5529551927,3665552.9091102993,23786576.88365812,8.267486571007996,24.510470175419165,118.23543927239834,245.10470175419167,/bdd/CORDEX-Adjust/bias-adjusted-output/EUR-11/SMHI/ICHEC-EC-EARTH/rcp85/r1i1p1/SMHI-RCA4/SBCK-CDFt-ERA5-1976-2005/day/tasmaxAdjust/v20260512/tasmaxAdjust_EUR-11_ICHEC-EC-EARTH_rcp85_r1i1p1_SMHI-RCA4_SBCK-CDFt-ERA5-1976-2005_day_20060101-21001231.nc,SMHI_ICHEC-EC-EARTH_rcp85_r1i1p1_SMHI-RCA4_SBCK-CDFt-ERA5-1976-2005_day_tasmaxAdjust_v20260512,noleap,92,4.645435872115572
2596,2020,3,92,22482780.364196826,41.333333333333336,92.0,950652.2242236066,2336358.7656485103,7494260.121398941,19777588.57325186,9.801744136419233,15.728461696228498,234.9973017819277,347.3664674548321,/bdd/CORDEX-Adjust/bias-adjusted-output/EUR-11/SMHI/ICHEC-EC-EARTH/rcp85/r1i1p1/SMHI-RCA4/SBCK-CDFt-ERA5-1976-2005/day/tasmaxAdjust/v20260512/tasmaxAdjust_EUR-11_ICHEC-EC-EARTH_rcp85_r1i1p1_SMHI-RCA4_SBCK-CDFt-ERA5-1976-2005_day_20060101-21001231.nc,SMHI_ICHEC-EC-EARTH_rcp85_r1i1p1_SMHI-RCA4_SBCK-CDFt-ERA5-1976-2005_day_tasmaxAdjust_v20260512,noleap,92,2.8492922349901555
2597,2021,5,61,30521845.68782937,19.4,32.0,924405.4417448865,2390289.5428273515,6104369.137565875,18285741.68297014,11.42611170168988,28.76771319746104,262.67528784632094,834.2636827263701,/bdd/CORDEX-Adjust/bias-adjusted-output/EUR-11/SMHI/ICHEC-EC-EARTH/rcp85/r1i1p1/SMHI-RCA4/SBCK-CDFt-ERA5-1976-2005/day/tasmaxAdjust/v20260512/tasmaxAdjust_EUR-11_ICHEC-EC-EARTH_rcp85_r1i1p1_SMHI-RCA4_SBCK-CDFt-ERA5-1976-2005_day_20060101-21001231.nc,SMHI_ICHEC-EC-EARTH_rcp85_r1i1p1_SMHI-RCA4_SBCK-CDFt-ERA5-1976-2005_day_tasmaxAdjust_v20260512,noleap,92,3.8681006755903855
2598,2022,3,92,27685395.12773677,47.0,92.0,1474463.1545818003,3041612.385989083,9228465.042578924,18190482.115556665,23.283189138200413,53.620386600155314,642.3440657999967,1286.8892784037275,/bdd/CORDEX-Adjust/bias-adjusted-output/EUR-11/SMHI/ICHEC-EC-EARTH/rcp85/r1i1p1/SMHI-RCA4/SBCK-CDFt-ERA5-1976-2005/day/tasmaxAdjust/v20260512/tasmaxAdjust_EUR-11_ICHEC-EC-EARTH_rcp85_r1i1p1_SMHI-RCA4_SBCK-CDFt-ERA5-1976-2005_day_20060101-21001231.nc,SMHI_ICHEC-EC-EARTH_rcp85_r1i1p1_SMHI-RCA4_SBCK-CDFt-ERA5-1976-2005_day_tasmaxAdjust_v20260512,noleap,92,3.5086310537336742
2599,2023,10,92,132302865.25860427,16.7,72.0,906247.8097411984,6577142.304805451,13230286.525860429,116383418.68352687,5.712493410112082,20.99168055206552,110.4740667376318,473.1811604210588,/bdd/CORDEX-Adjust/bias-adjusted-output/EUR-11/SMHI/ICHEC-EC-EARTH/rcp85/r1i1p1/SMHI-RCA4/SBCK-CDFt-ERA5-1976-2005/day/tasmaxAdjust/v20260512/tasmaxAdjust_EUR-11_ICHEC-EC-EARTH_rcp85_r1i1p1_SMHI-RCA4_SBCK-CDFt-ERA5-1976-2005_day_20060101-21001231.nc,SMHI_ICHEC-EC-EARTH_rcp85_r1i1p1_SMHI-RCA4_SBCK-CDFt-ERA5-1976-2005_day_tasmaxAdjust_v20260512,noleap,92,16.767033282440593
2600,2024,3,81,45058870.57376615,35.666666666666664,79.0,1787581.630771513,3623655.857298987,15019623.524588715,35861318.409548685,13.05184749540162,25.930990800624,316.2294582122745,492.68882521185606,/bdd/CORDEX-Adjust/bias-adjusted-output/EUR-11/SMHI/ICHEC-EC-EARTH/rcp85/r1i1p1/SMHI-RCA4/SBCK-CDFt-ERA5-1976-2005/day/tasmaxAdjust/v20260512/tasmaxAdjust_EUR-11_ICHEC-EC-EARTH_rcp85_r1i1p1_SMHI-RCA4_SBCK-CDFt-ERA5-1976-2005_day_20060101-21001231.nc,SMHI_ICHEC-EC-EARTH_rcp85_r1i1p1_SMHI-RCA4_SBCK-CDFt-ERA5-1976-2005_day_tasmaxAdjust_v20260512,noleap,92,5.710409832037905
2601,2025,6,92,10214476.527517444,30.0,92.0,270781.5037235266,557047.096393873,1702412.7545862405,3943758.872481316,7.954886556456185,20.30337136850532,169.44374970153,463.7146240184513,/bdd/CORDEX-Adjust/bias-adjusted-output/EUR-11/SMHI/ICHEC-EC-EARTH/rcp85/r1i1p1/SMHI-RCA4/SBCK-CDFt-ERA5-1976-2005/day/tasmaxAdjust/v20260512/tasmaxAdjust_EUR-11_ICHEC-EC-EARTH_rcp85_r1i1p1_SMHI-RCA4_SBCK-CDFt-ERA5-1976-2005_day_20060101-21001231.nc,SMHI_ICHEC-EC-EARTH_rcp85_r1i1p1_SMHI-RCA4_SBCK-CDFt-ERA5-1976-2005_day_tasmaxAdjust_v20260512,noleap,92,1.2945030900489507
2602,2026,4,92,10258353.970044512,30.75,92.0,491267.72476121935,825915.5969361046,2564588.492511128,4872429.876517961,20.76825982422204,39.67197923695109,427.7989611148662,985.2409236543808,/bdd/CORDEX-Adjust/bias-adjusted-output/EUR-11/SMHI/ICHEC-EC-EARTH/rcp85/r1i1p1/SMHI-RCA4/SBCK-CDFt-ERA5-1976-2005/day/tasmaxAdjust/v20260512/tasmaxAdjust_EUR-11_ICHEC-EC-EARTH_rcp85_r1i1p1_SMHI-RCA4_SBCK-CDFt-ERA5-1976-2005_day_20060101-21001231.nc,SMHI_ICHEC-EC-EARTH_rcp85_r1i1p1_SMHI-RCA4_SBCK-CDFt-ERA5-1976-2005_day_tasmaxAdjust_v20260512,noleap,92,1.300063774904579
2603,2027,2,92,2996740.047907168,50.0,92.0,322823.22735538887,416178.2420931353,1498370.023953584,1774600.249239554,17.519381396362746,22.49135412210997,1084.791924299521,2069.204579234118,/bdd/CORDEX-Adjust/bias-adjusted-output/EUR-11/SMHI/ICHEC-EC-EARTH/rcp85/r1i1p1/SMHI-RCA4/SBCK-CDFt-ERA5-1976-2005/day/tasmaxAdjust/v20260512/tasmaxAdjust_EUR-11_ICHEC-EC-EARTH_rcp85_r1i1p1_SMHI-RCA4_SBCK-CDFt-ERA5-1976-2005_day_20060101-21001231.nc,SMHI_ICHEC-EC-EARTH_rcp85_r1i1p1_SMHI-RCA4_SBCK-CDFt-ERA5-1976-2005_day_tasmaxAdjust_v20260512,noleap,92,0.379783461407797
2604,2028,5,92,31249171.09244489,42.8,92.0,903231.5211550156,4017902.2610488255,6249834.218488978,28415928.627083,5.431807127266636,9.611782830873688,207.64148943720608,694.9835762826164,/bdd/CORDEX-Adjust/bias-adjusted-output/EUR-11/SMHI/ICHEC-EC-EARTH/rcp85/r1i1p1/SMHI-RCA4/SBCK-CDFt-ERA5-1976-2005/day/tasmaxAdjust/v20260512/tasmaxAdjust_EUR-11_ICHEC-EC-EARTH_rcp85_r1i1p1_SMHI-RCA4_SBCK-CDFt-ERA5-1976-2005_day_20060101-21001231.nc,SMHI_ICHEC-EC-EARTH_rcp85_r1i1p1_SMHI-RCA4_SBCK-CDFt-ERA5-1976-2005_day_tasmaxAdjust_v20260512,noleap,92,3.9602762247934655
2605,2029,6,92,15139106.771456068,27.33333333333333,92.0,386486.14530166256,1272902.9192780105,2523184.461909345,10359524.106203647,7.944462096164194,16.805065205562567,159.7397894193362,468.49711324576106,/bdd/CORDEX-Adjust/bias-adjusted-output/EUR-11/SMHI/ICHEC-EC-EARTH/rcp85/r1i1p1/SMHI-RCA4/SBCK-CDFt-ERA5-1976-2005/day/tasmaxAdjust/v20260512/tasmaxAdjust_EUR-11_ICHEC-EC-EARTH_rcp85_r1i1p1_SMHI-RCA4_SBCK-CDFt-ERA5-1976-2005_day_20060101-21001231.nc,SMHI_ICHEC-EC-EARTH_rcp85_r1i1p1_SMHI-RCA4_SBCK-CDFt-ERA5-1976-2005_day_tasmaxAdjust_v20260512,noleap,92,1.9186123188433166
2606,2030,4,92,10253093.015163943,37.0,92.0,376590.3741838122,841336.7122090678,2563273.253790986,6686619.698813082,12.274323105373275,20.01457799263072,440.663099012494,1198.6701378145556,/bdd/CORDEX-Adjust/bias-adjusted-output/EUR-11/SMHI/ICHEC-EC-EARTH/rcp85/r1i1p1/SMHI-RCA4/SBCK-CDFt-ERA5-1976-2005/day/tasmaxAdjust/v20260512/tasmaxAdjust_EUR-11_ICHEC-EC-EARTH_rcp85_r1i1p1_SMHI-RCA4_SBCK-CDFt-ERA5-1976-2005_day_20060101-21001231.nc,SMHI_ICHEC-EC-EARTH_rcp85_r1i1p1_SMHI-RCA4_SBCK-CDFt-ERA5-1976-2005_day_tasmaxAdjust_v20260512,noleap,92,1.299397042514411
2607,2031,4,92,15788444.221141271,43.0,92.0,337143.16567566554,1112596.9618566297,3947111.055285318,14520475.407508371,5.062425411185465,10.505310095112584,206.2220409993072,541.3205572840919,/bdd/CORDEX-Adjust/bias-adjusted-output/EUR-11/SMHI/ICHEC-EC-EARTH/rcp85/r1i1p1/SMHI-RCA4/SBCK-CDFt-ERA5-1976-2005/day/tasmaxAdjust/v20260512/tasmaxAdjust_EUR-11_ICHEC-EC-EARTH_rcp85_r1i1p1_SMHI-RCA4_SBCK-CDFt-ERA5-1976-2005_day_20060101-21001231.nc,SMHI_ICHEC-EC-EARTH_rcp85_r1i1p1_SMHI-RCA4_SBCK-CDFt-ERA5-1976-2005_day_tasmaxAdjust_v20260512,noleap,92,2.0009042828845023
2608,2032,3,92,6778550.131209865,35.666666666666664,92.0,367430.60131928,685730.6317491896,2259516.710403288,4727947.693774309,6.206557442224477,12.85649620929048,147.5765552121987,335.83152449273723,/bdd/CORDEX-Adjust/bias-adjusted-output/EUR-11/SMHI/ICHEC-EC-EARTH/rcp85/r1i1p1/SMHI-RCA4/SBCK-CDFt-ERA5-1976-2005/day/tasmaxAdjust/v20260512/tasmaxAdjust_EUR-11_ICHEC-EC-EARTH_rcp85_r1i1p1_SMHI-RCA4_SBCK-CDFt-ERA5-1976-2005_day_20060101-21001231.nc,SMHI_ICHEC-EC-EARTH_rcp85_r1i1p1_SMHI-RCA4_SBCK-CDFt-ERA5-1976-2005_day_tasmaxAdjust_v20260512,noleap,92,0.8590605761600938
2609,2033,5,84,24590360.17421153,31.6,72.0,756026.3734687761,2052473.5673063544,4918072.034842307,12350167.570286768,9.163581867258898,13.4490023856773,247.87240210304785,632.1031121268331,/bdd/CORDEX-Adjust/bias-adjusted-output/EUR-11/SMHI/ICHEC-EC-EARTH/rcp85/r1i1p1/SMHI-RCA4/SBCK-CDFt-ERA5-1976-2005/day/tasmaxAdjust/v20260512/tasmaxAdjust_EUR-11_ICHEC-EC-EARTH_rcp85_r1i1p1_SMHI-RCA4_SBCK-CDFt-ERA5-1976-2005_day_20060101-21001231.nc,SMHI_ICHEC-EC-EARTH_rcp85_r1i1p1_SMHI-RCA4_SBCK-CDFt-ERA5-1976-2005_day_tasmaxAdjust_v20260512,noleap,92,3.116390462612389
2610,2034,14,92,15526740.812020736,26.714285714285715,92.0,193333.1000902897,579160.1410149764,1109052.9151443385,3758855.231061953,4.918229537322391,16.017633147613793,120.86375397026973,703.3376121793934,/bdd/CORDEX-Adjust/bias-adjusted-output/EUR-11/SMHI/ICHEC-EC-EARTH/rcp85/r1i1p1/SMHI-RCA4/SBCK-CDFt-ERA5-1976-2005/day/tasmaxAdjust/v20260512/tasmaxAdjust_EUR-11_ICHEC-EC-EARTH_rcp85_r1i1p1_SMHI-RCA4_SBCK-CDFt-ERA5-1976-2005_day_20060101-21001231.nc,SMHI_ICHEC-EC-EARTH_rcp85_r1i1p1_SMHI-RCA4_SBCK-CDFt-ERA5-1976-2005_day_tasmaxAdjust_v20260512,noleap,92,1.9677380338975643
2611,2035,7,92,23297332.02222237,30.714285714285715,92.0,541326.9566683427,1807343.31447042,3328190.28888891,12849870.476642014,6.896906182102997,30.93307965770885,203.5860443709818,742.3939117850124,/bdd/CORDEX-Adjust/bias-adjusted-output/EUR-11/SMHI/ICHEC-EC-EARTH/rcp85/r1i1p1/SMHI-RCA4/SBCK-CDFt-ERA5-1976-2005/day/tasmaxAdjust/v20260512/tasmaxAdjust_EUR-11_ICHEC-EC-EARTH_rcp85_r1i1p1_SMHI-RCA4_SBCK-CDFt-ERA5-1976-2005_day_20060101-21001231.nc,SMHI_ICHEC-EC-EARTH_rcp85_r1i1p1_SMHI-RCA4_SBCK-CDFt-ERA5-1976-2005_day_tasmaxAdjust_v20260512,noleap,92,2.9525221592528372
2612,2036,1,92,268163.476674781,92.0,92.0,45575.51394587741,45575.51394587741,268163.476674781,268163.476674781,2.2871171725914663,2.2871171725914663,210.4147798784149,210.4147798784149,/bdd/CORDEX-Adjust/bias-adjusted-output/EUR-11/SMHI/ICHEC-EC-EARTH/rcp85/r1i1p1/SMHI-RCA4/SBCK-CDFt-ERA5-1976-2005/day/tasmaxAdjust/v20260512/tasmaxAdjust_EUR-11_ICHEC-EC-EARTH_rcp85_r1i1p1_SMHI-RCA4_SBCK-CDFt-ERA5-1976-2005_day_20060101-21001231.nc,SMHI_ICHEC-EC-EARTH_rcp85_r1i1p1_SMHI-RCA4_SBCK-CDFt-ERA5-1976-2005_day_tasmaxAdjust_v20260512,noleap,92,0.033984947565212455
2613,2037,5,92,9746588.432342423,31.6,92.0,332146.7262908895,933367.9063123972,1949317.686468485,5347907.509874005,9.52832386604626,19.263340471524288,356.49318047902034,1129.8346114251356,/bdd/CORDEX-Adjust/bias-adjusted-output/EUR-11/SMHI/ICHEC-EC-EARTH/rcp85/r1i1p1/SMHI-RCA4/SBCK-CDFt-ERA5-1976-2005/day/tasmaxAdjust/v20260512/tasmaxAdjust_EUR-11_ICHEC-EC-EARTH_rcp85_r1i1p1_SMHI-RCA4_SBCK-CDFt-ERA5-1976-2005_day_20060101-21001231.nc,SMHI_ICHEC-EC-EARTH_rcp85_r1i1p1_SMHI-RCA4_SBCK-CDFt-ERA5-1976-2005_day_tasmaxAdjust_v20260512,noleap,92,1.2352066020331924
2614,2038,4,92,47041957.30785452,44.5,92.0,1453978.8449053508,3309520.72795199,11760489.32696363,31459508.62213584,14.144382560557773,26.783098290087445,324.75551228682343,552.0647144221863,/bdd/CORDEX-Adjust/bias-adjusted-output/EUR-11/SMHI/ICHEC-EC-EARTH/rcp85/r1i1p1/SMHI-RCA4/SBCK-CDFt-ERA5-1976-2005/day/tasmaxAdjust/v20260512/tasmaxAdjust_EUR-11_ICHEC-EC-EARTH_rcp85_r1i1p1_SMHI-RCA4_SBCK-CDFt-ERA5-1976-2005_day_20060101-21001231.nc,SMHI_ICHEC-EC-EARTH_rcp85_r1i1p1_SMHI-RCA4_SBCK-CDFt-ERA5-1976-2005_day_tasmaxAdjust_v20260512,noleap,92,5.961730778167329
2615,2039,5,92,42355801.96728016,26.0,92.0,830767.3344269153,3572656.5045498773,8471160.39345603,39662132.14293953,7.076114449418415,15.785337437087373,332.2995327864445,1452.2510442120383,/bdd/CORDEX-Adjust/bias-adjusted-output/EUR-11/SMHI/ICHEC-EC-EARTH/rcp85/r1i1p1/SMHI-RCA4/SBCK-CDFt-ERA5-1976-2005/day/tasmaxAdjust/v20260512/tasmaxAdjust_EUR-11_ICHEC-EC-EARTH_rcp85_r1i1p1_SMHI-RCA4_SBCK-CDFt-ERA5-1976-2005_day_20060101-21001231.nc,SMHI_ICHEC-EC-EARTH_rcp85_r1i1p1_SMHI-RCA4_SBCK-CDFt-ERA5-1976-2005_day_tasmaxAdjust_v20260512,noleap,92,5.367843998704803
2616,2040,7,92,24546632.681792747,29.285714285714285,92.0,554892.8206181095,1323362.5670344564,3506661.8116846783,9138532.19145362,8.958007734999432,27.418330729615484,301.2622563409138,1535.426520858467,/bdd/CORDEX-Adjust/bias-adjusted-output/EUR-11/SMHI/ICHEC-EC-EARTH/rcp85/r1i1p1/SMHI-RCA4/SBCK-CDFt-ERA5-1976-2005/day/tasmaxAdjust/v20260512/tasmaxAdjust_EUR-11_ICHEC-EC-EARTH_rcp85_r1i1p1_SMHI-RCA4_SBCK-CDFt-ERA5-1976-2005_day_20060101-21001231.nc,SMHI_ICHEC-EC-EARTH_rcp85_r1i1p1_SMHI-RCA4_SBCK-CDFt-ERA5-1976-2005_day_tasmaxAdjust_v20260512,noleap,92,3.11084878126399
2617,2041,4,92,14516430.84467754,50.0,92.0,550417.0661439779,1670559.2907337225,3629107.711169386,10586957.47993599,2.0955558985637186,3.778095499755555,91.84812455374497,270.3993646523235,/bdd/CORDEX-Adjust/bias-adjusted-output/EUR-11/SMHI/ICHEC-EC-EARTH/rcp85/r1i1p1/SMHI-RCA4/SBCK-CDFt-ERA5-1976-2005/day/tasmaxAdjust/v20260512/tasmaxAdjust_EUR-11_ICHEC-EC-EARTH_rcp85_r1i1p1_SMHI-RCA4_SBCK-CDFt-ERA5-1976-2005_day_20060101-21001231.nc,SMHI_ICHEC-EC-EARTH_rcp85_r1i1p1_SMHI-RCA4_SBCK-CDFt-ERA5-1976-2005_day_tasmaxAdjust_v20260512,noleap,92,1.8396992282759819
2618,2042,6,92,18497207.40373281,32.0,92.0,519101.2595749675,1766283.4649432122,3082867.9006221355,11190473.788400168,19.9673589635666,63.22547289757895,675.8899637729323,1728.3777599810676,/bdd/CORDEX-Adjust/bias-adjusted-output/EUR-11/SMHI/ICHEC-EC-EARTH/rcp85/r1i1p1/SMHI-RCA4/SBCK-CDFt-ERA5-1976-2005/day/tasmaxAdjust/v20260512/tasmaxAdjust_EUR-11_ICHEC-EC-EARTH_rcp85_r1i1p1_SMHI-RCA4_SBCK-CDFt-ERA5-1976-2005_day_20060101-21001231.nc,SMHI_ICHEC-EC-EARTH_rcp85_r1i1p1_SMHI-RCA4_SBCK-CDFt-ERA5-1976-2005_day_tasmaxAdjust_v20260512,noleap,92,2.344191802379915
2619,2043,8,92,18792653.641617857,24.625,92.0,387327.985297275,1473960.5095274942,2349081.705202232,7763086.730848338,10.468965063373236,32.37126601520768,357.15480966080764,1870.75112009224,/bdd/CORDEX-Adjust/bias-adjusted-output/EUR-11/SMHI/ICHEC-EC-EARTH/rcp85/r1i1p1/SMHI-RCA4/SBCK-CDFt-ERA5-1976-2005/day/tasmaxAdjust/v20260512/tasmaxAdjust_EUR-11_ICHEC-EC-EARTH_rcp85_r1i1p1_SMHI-RCA4_SBCK-CDFt-ERA5-1976-2005_day_20060101-21001231.nc,SMHI_ICHEC-EC-EARTH_rcp85_r1i1p1_SMHI-RCA4_SBCK-CDFt-ERA5-1976-2005_day_tasmaxAdjust_v20260512,noleap,92,2.381634354316395
2620,2044,3,92,122295357.28357533,36.0,92.0,2439793.375048141,6179986.837792989,40765119.09452511,117113583.8118994,10.4300751801129,27.427979784313763,140.48707310833197,219.4238382745101,/bdd/CORDEX-Adjust/bias-adjusted-output/EUR-11/SMHI/ICHEC-EC-EARTH/rcp85/r1i1p1/SMHI-RCA4/SBCK-CDFt-ERA5-1976-2005/day/tasmaxAdjust/v20260512/tasmaxAdjust_EUR-11_ICHEC-EC-EARTH_rcp85_r1i1p1_SMHI-RCA4_SBCK-CDFt-ERA5-1976-2005_day_20060101-21001231.nc,SMHI_ICHEC-EC-EARTH_rcp85_r1i1p1_SMHI-RCA4_SBCK-CDFt-ERA5-1976-2005_day_tasmaxAdjust_v20260512,noleap,92,15.498759772538754
2621,2045,4,92,15738078.83710137,47.75,92.0,537982.1805864386,740463.4156765591,3934519.709275343,6165221.980464214,7.38993208337093,15.787190602761774,276.7108814162471,550.4347622782237,/bdd/CORDEX-Adjust/bias-adjusted-output/EUR-11/SMHI/ICHEC-EC-EARTH/rcp85/r1i1p1/SMHI-RCA4/SBCK-CDFt-ERA5-1976-2005/day/tasmaxAdjust/v20260512/tasmaxAdjust_EUR-11_ICHEC-EC-EARTH_rcp85_r1i1p1_SMHI-RCA4_SBCK-CDFt-ERA5-1976-2005_day_20060101-21001231.nc,SMHI_ICHEC-EC-EARTH_rcp85_r1i1p1_SMHI-RCA4_SBCK-CDFt-ERA5-1976-2005_day_tasmaxAdjust_v20260512,noleap,92,1.9945213669224837
2622,2046,10,92,34775888.50910616,35.7,92.0,491505.17036112526,3464883.6115898862,3477588.850910616,27084256.67511841,5.876521807195992,16.522137515164804,263.09533332143513,1309.6131280944585,/bdd/CORDEX-Adjust/bias-adjusted-output/EUR-11/SMHI/ICHEC-EC-EARTH/rcp85/r1i1p1/SMHI-RCA4/SBCK-CDFt-ERA5-1976-2005/day/tasmaxAdjust/v20260512/tasmaxAdjust_EUR-11_ICHEC-EC-EARTH_rcp85_r1i1p1_SMHI-RCA4_SBCK-CDFt-ERA5-1976-2005_day_20060101-21001231.nc,SMHI_ICHEC-EC-EARTH_rcp85_r1i1p1_SMHI-RCA4_SBCK-CDFt-ERA5-1976-2005_day_tasmaxAdjust_v20260512,noleap,92,4.407224884501928
2623,2047,5,92,21227300.903341264,44.8,92.0,614520.4466039613,1326015.2881787585,4245460.1806682525,8451808.663386688,16.76735738758793,37.40023106296939,717.8796415885314,1907.4117842114388,/bdd/CORDEX-Adjust/bias-adjusted-output/EUR-11/SMHI/ICHEC-EC-EARTH/rcp85/r1i1p1/SMHI-RCA4/SBCK-CDFt-ERA5-1976-2005/day/tasmaxAdjust/v20260512/tasmaxAdjust_EUR-11_ICHEC-EC-EARTH_rcp85_r1i1p1_SMHI-RCA4_SBCK-CDFt-ERA5-1976-2005_day_20060101-21001231.nc,SMHI_ICHEC-EC-EARTH_rcp85_r1i1p1_SMHI-RCA4_SBCK-CDFt-ERA5-1976-2005_day_tasmaxAdjust_v20260512,noleap,92,2.6901825598940095
2624,2048,6,92,36064587.50002908,33.166666666666664,92.0,648257.7027609557,1828330.2143220515,6010764.58333818,17140871.066847164,10.83578707800644,27.255917219540063,491.4896600722588,2507.5443841976858,/bdd/CORDEX-Adjust/bias-adjusted-output/EUR-11/SMHI/ICHEC-EC-EARTH/rcp85/r1i1p1/SMHI-RCA4/SBCK-CDFt-ERA5-1976-2005/day/tasmaxAdjust/v20260512/tasmaxAdjust_EUR-11_ICHEC-EC-EARTH_rcp85_r1i1p1_SMHI-RCA4_SBCK-CDFt-ERA5-1976-2005_day_20060101-21001231.nc,SMHI_ICHEC-EC-EARTH_rcp85_r1i1p1_SMHI-RCA4_SBCK-CDFt-ERA5-1976-2005_day_tasmaxAdjust_v20260512,noleap,92,4.5705445437520655
2625,2049,3,92,40419756.77540287,35.666666666666664,92.0,1205027.065828461,2908135.068526858,13473252.258467622,36907899.49798169,9.966427620048783,19.433121911432227,193.6810152472209,367.30249327763823,/bdd/CORDEX-Adjust/bias-adjusted-output/EUR-11/SMHI/ICHEC-EC-EARTH/rcp85/r1i1p1/SMHI-RCA4/SBCK-CDFt-ERA5-1976-2005/day/tasmaxAdjust/v20260512/tasmaxAdjust_EUR-11_ICHEC-EC-EARTH_rcp85_r1i1p1_SMHI-RCA4_SBCK-CDFt-ERA5-1976-2005_day_20060101-21001231.nc,SMHI_ICHEC-EC-EARTH_rcp85_r1i1p1_SMHI-RCA4_SBCK-CDFt-ERA5-1976-2005_day_tasmaxAdjust_v20260512,noleap,92,5.122484730747418
2626,2050,4,92,23570021.184452668,47.5,92.0,619919.8153051982,1234615.106274149,5892505.296113167,12931944.55640409,9.129603498007684,15.069428625537055,529.1065464489841,1386.3874335494093,/bdd/CORDEX-Adjust/bias-adjusted-output/EUR-11/SMHI/ICHEC-EC-EARTH/rcp85/r1i1p1/SMHI-RCA4/SBCK-CDFt-ERA5-1976-2005/day/tasmaxAdjust/v20260512/tasmaxAdjust_EUR-11_ICHEC-EC-EARTH_rcp85_r1i1p1_SMHI-RCA4_SBCK-CDFt-ERA5-1976-2005_day_20060101-21001231.nc,SMHI_ICHEC-EC-EARTH_rcp85_r1i1p1_SMHI-RCA4_SBCK-CDFt-ERA5-1976-2005_day_tasmaxAdjust_v20260512,noleap,92,2.9870806569084944
2627,2051,7,92,57151259.61847709,39.0,92.0,934815.7326686984,3244248.099348652,8164465.65978244,35436673.022022285,8.097237848266875,14.36964528567776,392.0978857095347,1322.0073662823538,/bdd/CORDEX-Adjust/bias-adjusted-output/EUR-11/SMHI/ICHEC-EC-EARTH/rcp85/r1i1p1/SMHI-RCA4/SBCK-CDFt-ERA5-1976-2005/day/tasmaxAdjust/v20260512/tasmaxAdjust_EUR-11_ICHEC-EC-EARTH_rcp85_r1i1p1_SMHI-RCA4_SBCK-CDFt-ERA5-1976-2005_day_20060101-21001231.nc,SMHI_ICHEC-EC-EARTH_rcp85_r1i1p1_SMHI-RCA4_SBCK-CDFt-ERA5-1976-2005_day_tasmaxAdjust_v20260512,noleap,92,7.242904908244898
2628,2052,7,92,33991151.93370498,47.42857142857143,92.0,588851.5149080242,1291524.1092293588,4855878.84767214,14244222.16587964,6.233125251299966,19.38592737969629,227.1500245986108,702.5520261681991,/bdd/CORDEX-Adjust/bias-adjusted-output/EUR-11/SMHI/ICHEC-EC-EARTH/rcp85/r1i1p1/SMHI-RCA4/SBCK-CDFt-ERA5-1976-2005/day/tasmaxAdjust/v20260512/tasmaxAdjust_EUR-11_ICHEC-EC-EARTH_rcp85_r1i1p1_SMHI-RCA4_SBCK-CDFt-ERA5-1976-2005_day_20060101-21001231.nc,SMHI_ICHEC-EC-EARTH_rcp85_r1i1p1_SMHI-RCA4_SBCK-CDFt-ERA5-1976-2005_day_tasmaxAdjust_v20260512,noleap,92,4.3077734912763805
2629,2053,9,92,45995122.92185149,37.333333333333336,92.0,728524.7519042252,3546525.151625652,5110569.213539055,27367203.195374392,9.068540263327094,33.991298091434935,284.78487504335243,1283.5927782462802,/bdd/CORDEX-Adjust/bias-adjusted-output/EUR-11/SMHI/ICHEC-EC-EARTH/rcp85/r1i1p1/SMHI-RCA4/SBCK-CDFt-ERA5-1976-2005/day/tasmaxAdjust/v20260512/tasmaxAdjust_EUR-11_ICHEC-EC-EARTH_rcp85_r1i1p1_SMHI-RCA4_SBCK-CDFt-ERA5-1976-2005_day_20060101-21001231.nc,SMHI_ICHEC-EC-EARTH_rcp85_r1i1p1_SMHI-RCA4_SBCK-CDFt-ERA5-1976-2005_day_tasmaxAdjust_v20260512,noleap,92,5.82906315258713
2630,2054,6,92,13549068.55058895,46.333333333333336,92.0,315242.945091524,974414.18050669,2258178.091764825,8307484.598981205,10.472746625610464,22.385918227327306,282.1451750285002,635.6286024610653,/bdd/CORDEX-Adjust/bias-adjusted-output/EUR-11/SMHI/ICHEC-EC-EARTH/rcp85/r1i1p1/SMHI-RCA4/SBCK-CDFt-ERA5-1976-2005/day/tasmaxAdjust/v20260512/tasmaxAdjust_EUR-11_ICHEC-EC-EARTH_rcp85_r1i1p1_SMHI-RCA4_SBCK-CDFt-ERA5-1976-2005_day_20060101-21001231.nc,SMHI_ICHEC-EC-EARTH_rcp85_r1i1p1_SMHI-RCA4_SBCK-CDFt-ERA5-1976-2005_day_tasmaxAdjust_v20260512,noleap,92,1.7171032758039202
2631,2055,5,92,21615253.695873544,45.0,92.0,581914.8544910557,1552455.1808113516,4323050.739174709,14516575.220126528,21.546546753891995,70.29741945215527,726.5886548827904,2186.0101050794065,/bdd/CORDEX-Adjust/bias-adjusted-output/EUR-11/SMHI/ICHEC-EC-EARTH/rcp85/r1i1p1/SMHI-RCA4/SBCK-CDFt-ERA5-1976-2005/day/tasmaxAdjust/v20260512/tasmaxAdjust_EUR-11_ICHEC-EC-EARTH_rcp85_r1i1p1_SMHI-RCA4_SBCK-CDFt-ERA5-1976-2005_day_20060101-21001231.nc,SMHI_ICHEC-EC-EARTH_rcp85_r1i1p1_SMHI-RCA4_SBCK-CDFt-ERA5-1976-2005_day_tasmaxAdjust_v20260512,noleap,92,2.739348671086612
2632,2056,5,92,56173540.22242083,56.8,92.0,1076303.1758980765,3756609.511576933,11234708.044484165,46430785.535478495,7.724091733013333,12.022126186128403,417.18465721107424,1106.0356091238132,/bdd/CORDEX-Adjust/bias-adjusted-output/EUR-11/SMHI/ICHEC-EC-EARTH/rcp85/r1i1p1/SMHI-RCA4/SBCK-CDFt-ERA5-1976-2005/day/tasmaxAdjust/v20260512/tasmaxAdjust_EUR-11_ICHEC-EC-EARTH_rcp85_r1i1p1_SMHI-RCA4_SBCK-CDFt-ERA5-1976-2005_day_20060101-21001231.nc,SMHI_ICHEC-EC-EARTH_rcp85_r1i1p1_SMHI-RCA4_SBCK-CDFt-ERA5-1976-2005_day_tasmaxAdjust_v20260512,noleap,92,7.118996377446871
2633,2057,3,92,30636461.52911389,36.0,92.0,1099272.2329384384,3042513.695990164,10212153.843037965,29471318.50637807,5.331481985630263,7.35444502125045,119.6271070452978,248.2756638230136,/bdd/CORDEX-Adjust/bias-adjusted-output/EUR-11/SMHI/ICHEC-EC-EARTH/rcp85/r1i1p1/SMHI-RCA4/SBCK-CDFt-ERA5-1976-2005/day/tasmaxAdjust/v20260512/tasmaxAdjust_EUR-11_ICHEC-EC-EARTH_rcp85_r1i1p1_SMHI-RCA4_SBCK-CDFt-ERA5-1976-2005_day_20060101-21001231.nc,SMHI_ICHEC-EC-EARTH_rcp85_r1i1p1_SMHI-RCA4_SBCK-CDFt-ERA5-1976-2005_day_tasmaxAdjust_v20260512,noleap,92,3.882626193399513
2634,2058,3,92,25925906.512089584,44.0,92.0,872591.0128626041,2326039.0653136927,8641968.837363195,24165922.01359013,3.702166949900713,7.030923280687441,235.35773038445043,646.8449418232445,/bdd/CORDEX-Adjust/bias-adjusted-output/EUR-11/SMHI/ICHEC-EC-EARTH/rcp85/r1i1p1/SMHI-RCA4/SBCK-CDFt-ERA5-1976-2005/day/tasmaxAdjust/v20260512/tasmaxAdjust_EUR-11_ICHEC-EC-EARTH_rcp85_r1i1p1_SMHI-RCA4_SBCK-CDFt-ERA5-1976-2005_day_20060101-21001231.nc,SMHI_ICHEC-EC-EARTH_rcp85_r1i1p1_SMHI-RCA4_SBCK-CDFt-ERA5-1976-2005_day_tasmaxAdjust_v20260512,noleap,92,3.285647189242402
2635,2059,3,92,35133962.41693734,64.33333333333333,92.0,1247086.8915834057,1936174.866832205,11711320.80564578,20714794.83326328,10.79514026607349,17.09480241483526,520.1967043349856,735.3570229433205,/bdd/CORDEX-Adjust/bias-adjusted-output/EUR-11/SMHI/ICHEC-EC-EARTH/rcp85/r1i1p1/SMHI-RCA4/SBCK-CDFt-ERA5-1976-2005/day/tasmaxAdjust/v20260512/tasmaxAdjust_EUR-11_ICHEC-EC-EARTH_rcp85_r1i1p1_SMHI-RCA4_SBCK-CDFt-ERA5-1976-2005_day_20060101-21001231.nc,SMHI_ICHEC-EC-EARTH_rcp85_r1i1p1_SMHI-RCA4_SBCK-CDFt-ERA5-1976-2005_day_tasmaxAdjust_v20260512,noleap,92,4.452604378879798
2636,2060,5,92,121559574.81453715,31.2,92.0,1516791.4194872435,6028162.703772526,24311914.96290744,112276047.10288703,10.645697865654627,26.00382229151284,188.964342604054,283.68106106578915,/bdd/CORDEX-Adjust/bias-adjusted-output/EUR-11/SMHI/ICHEC-EC-EARTH/rcp85/r1i1p1/SMHI-RCA4/SBCK-CDFt-ERA5-1976-2005/day/tasmaxAdjust/v20260512/tasmaxAdjust_EUR-11_ICHEC-EC-EARTH_rcp85_r1i1p1_SMHI-RCA4_SBCK-CDFt-ERA5-1976-2005_day_20060101-21001231.nc,SMHI_ICHEC-EC-EARTH_rcp85_r1i1p1_SMHI-RCA4_SBCK-CDFt-ERA5-1976-2005_day_tasmaxAdjust_v20260512,noleap,92,15.405512440949334
2637,2061,3,92,41022999.98665411,60.333333333333336,92.0,1478693.0295707583,2423638.9793765843,13674333.328884704,23713795.071391173,5.033132766404937,7.362387801658015,342.4349354883412,677.3396777525375,/bdd/CORDEX-Adjust/bias-adjusted-output/EUR-11/SMHI/ICHEC-EC-EARTH/rcp85/r1i1p1/SMHI-RCA4/SBCK-CDFt-ERA5-1976-2005/day/tasmaxAdjust/v20260512/tasmaxAdjust_EUR-11_ICHEC-EC-EARTH_rcp85_r1i1p1_SMHI-RCA4_SBCK-CDFt-ERA5-1976-2005_day_20060101-21001231.nc,SMHI_ICHEC-EC-EARTH_rcp85_r1i1p1_SMHI-RCA4_SBCK-CDFt-ERA5-1976-2005_day_tasmaxAdjust_v20260512,noleap,92,5.198935070509037
2638,2062,5,92,38628852.902873866,47.2,92.0,571169.0800295792,2411158.0170451454,7725770.580574773,35222160.63207525,4.88645491723357,9.7281791730224,271.53925660192454,894.9924839180608,/bdd/CORDEX-Adjust/bias-adjusted-output/EUR-11/SMHI/ICHEC-EC-EARTH/rcp85/r1i1p1/SMHI-RCA4/SBCK-CDFt-ERA5-1976-2005/day/tasmaxAdjust/v20260512/tasmaxAdjust_EUR-11_ICHEC-EC-EARTH_rcp85_r1i1p1_SMHI-RCA4_SBCK-CDFt-ERA5-1976-2005_day_20060101-21001231.nc,SMHI_ICHEC-EC-EARTH_rcp85_r1i1p1_SMHI-RCA4_SBCK-CDFt-ERA5-1976-2005_day_tasmaxAdjust_v20260512,noleap,92,4.895519541613749
2639,2063,7,92,27767158.777874555,40.0,92.0,519092.9810305874,1909563.4348385872,3966736.9682677938,14595129.435450817,8.622020942268017,18.248395225276315,388.7442350838991,1624.107175049592,/bdd/CORDEX-Adjust/bias-adjusted-output/EUR-11/SMHI/ICHEC-EC-EARTH/rcp85/r1i1p1/SMHI-RCA4/SBCK-CDFt-ERA5-1976-2005/day/tasmaxAdjust/v20260512/tasmaxAdjust_EUR-11_ICHEC-EC-EARTH_rcp85_r1i1p1_SMHI-RCA4_SBCK-CDFt-ERA5-1976-2005_day_20060101-21001231.nc,SMHI_ICHEC-EC-EARTH_rcp85_r1i1p1_SMHI-RCA4_SBCK-CDFt-ERA5-1976-2005_day_tasmaxAdjust_v20260512,noleap,92,3.5189931410586497
2640,2064,4,92,65317087.88970746,53.75,92.0,1168913.2111783118,3375320.21755464,16329271.972426863,58466891.85652712,8.311584724930462,27.21483117536528,235.8524200740443,625.9411170334013,/bdd/CORDEX-Adjust/bias-adjusted-output/EUR-11/SMHI/ICHEC-EC-EARTH/rcp85/r1i1p1/SMHI-RCA4/SBCK-CDFt-ERA5-1976-2005/day/tasmaxAdjust/v20260512/tasmaxAdjust_EUR-11_ICHEC-EC-EARTH_rcp85_r1i1p1_SMHI-RCA4_SBCK-CDFt-ERA5-1976-2005_day_20060101-21001231.nc,SMHI_ICHEC-EC-EARTH_rcp85_r1i1p1_SMHI-RCA4_SBCK-CDFt-ERA5-1976-2005_day_tasmaxAdjust_v20260512,noleap,92,8.277778296170332
2641,2065,1,92,139564507.26828355,92.0,92.0,8261351.914895301,8261351.914895301,139564507.26828355,139564507.26828355,10.67316223534361,10.67316223534361,981.9309256516124,981.9309256516124,/bdd/CORDEX-Adjust/bias-adjusted-output/EUR-11/SMHI/ICHEC-EC-EARTH/rcp85/r1i1p1/SMHI-RCA4/SBCK-CDFt-ERA5-1976-2005/day/tasmaxAdjust/v20260512/tasmaxAdjust_EUR-11_ICHEC-EC-EARTH_rcp85_r1i1p1_SMHI-RCA4_SBCK-CDFt-ERA5-1976-2005_day_20060101-21001231.nc,SMHI_ICHEC-EC-EARTH_rcp85_r1i1p1_SMHI-RCA4_SBCK-CDFt-ERA5-1976-2005_day_tasmaxAdjust_v20260512,noleap,92,17.687317155533375
2642,2066,2,92,60464252.308052704,49.5,92.0,2656535.184353132,5235983.595886488,30232126.154026352,60107875.36143383,8.3036875433609,10.930885316796305,522.6884387673691,1005.6414491452598,/bdd/CORDEX-Adjust/bias-adjusted-output/EUR-11/SMHI/ICHEC-EC-EARTH/rcp85/r1i1p1/SMHI-RCA4/SBCK-CDFt-ERA5-1976-2005/day/tasmaxAdjust/v20260512/tasmaxAdjust_EUR-11_ICHEC-EC-EARTH_rcp85_r1i1p1_SMHI-RCA4_SBCK-CDFt-ERA5-1976-2005_day_20060101-21001231.nc,SMHI_ICHEC-EC-EARTH_rcp85_r1i1p1_SMHI-RCA4_SBCK-CDFt-ERA5-1976-2005_day_tasmaxAdjust_v20260512,noleap,92,7.662767762930762
2643,2067,3,92,74349858.39432372,37.0,92.0,1721447.2167144436,4897018.304638521,24783286.13144124,73053231.23761079,11.016965270938186,27.508991976115773,154.92501773190594,220.07193580892616,/bdd/CORDEX-Adjust/bias-adjusted-output/EUR-11/SMHI/ICHEC-EC-EARTH/rcp85/r1i1p1/SMHI-RCA4/SBCK-CDFt-ERA5-1976-2005/day/tasmaxAdjust/v20260512/tasmaxAdjust_EUR-11_ICHEC-EC-EARTH_rcp85_r1i1p1_SMHI-RCA4_SBCK-CDFt-ERA5-1976-2005_day_20060101-21001231.nc,SMHI_ICHEC-EC-EARTH_rcp85_r1i1p1_SMHI-RCA4_SBCK-CDFt-ERA5-1976-2005_day_tasmaxAdjust_v20260512,noleap,92,9.422521181273487
2644,2068,6,92,29404726.923375584,33.0,92.0,470815.1975645732,2153401.6281186584,4900787.820562597,26096910.937623,10.253598562299585,33.45508679473054,140.59788035559885,301.0957811525749,/bdd/CORDEX-Adjust/bias-adjusted-output/EUR-11/SMHI/ICHEC-EC-EARTH/rcp85/r1i1p1/SMHI-RCA4/SBCK-CDFt-ERA5-1976-2005/day/tasmaxAdjust/v20260512/tasmaxAdjust_EUR-11_ICHEC-EC-EARTH_rcp85_r1i1p1_SMHI-RCA4_SBCK-CDFt-ERA5-1976-2005_day_20060101-21001231.nc,SMHI_ICHEC-EC-EARTH_rcp85_r1i1p1_SMHI-RCA4_SBCK-CDFt-ERA5-1976-2005_day_tasmaxAdjust_v20260512,noleap,92,3.7265257560493485
2645,2069,3,92,78587982.34181172,36.0,92.0,1894106.4276623689,5515047.244969718,26195994.11393724,77775792.68501398,4.812897837381119,6.196862858265008,210.6777900021451,570.1113829603808,/bdd/CORDEX-Adjust/bias-adjusted-output/EUR-11/SMHI/ICHEC-EC-EARTH/rcp85/r1i1p1/SMHI-RCA4/SBCK-CDFt-ERA5-1976-2005/day/tasmaxAdjust/v20260512/tasmaxAdjust_EUR-11_ICHEC-EC-EARTH_rcp85_r1i1p1_SMHI-RCA4_SBCK-CDFt-ERA5-1976-2005_day_20060101-21001231.nc,SMHI_ICHEC-EC-EARTH_rcp85_r1i1p1_SMHI-RCA4_SBCK-CDFt-ERA5-1976-2005_day_tasmaxAdjust_v20260512,noleap,92,9.959627956275991
2646,2070,2,92,80529380.75149523,51.5,92.0,2574642.6018546564,4927791.118263388,40264690.37574761,79505703.71943182,9.267624378643871,10.6741922856467,420.3166552665448,723.2171953909759,/bdd/CORDEX-Adjust/bias-adjusted-output/EUR-11/SMHI/ICHEC-EC-EARTH/rcp85/r1i1p1/SMHI-RCA4/SBCK-CDFt-ERA5-1976-2005/day/tasmaxAdjust/v20260512/tasmaxAdjust_EUR-11_ICHEC-EC-EARTH_rcp85_r1i1p1_SMHI-RCA4_SBCK-CDFt-ERA5-1976-2005_day_20060101-21001231.nc,SMHI_ICHEC-EC-EARTH_rcp85_r1i1p1_SMHI-RCA4_SBCK-CDFt-ERA5-1976-2005_day_tasmaxAdjust_v20260512,noleap,92,10.20566564930716
2647,2071,2,92,52622412.624916345,51.5,92.0,1919987.6681794832,3453565.208181264,26311206.31245817,50517436.37344952,6.336652166161007,8.505944782895064,238.4812355795625,383.39707854727936,/bdd/CORDEX-Adjust/bias-adjusted-output/EUR-11/SMHI/ICHEC-EC-EARTH/rcp85/r1i1p1/SMHI-RCA4/SBCK-CDFt-ERA5-1976-2005/day/tasmaxAdjust/v20260512/tasmaxAdjust_EUR-11_ICHEC-EC-EARTH_rcp85_r1i1p1_SMHI-RCA4_SBCK-CDFt-ERA5-1976-2005_day_20060101-21001231.nc,SMHI_ICHEC-EC-EARTH_rcp85_r1i1p1_SMHI-RCA4_SBCK-CDFt-ERA5-1976-2005_day_tasmaxAdjust_v20260512,noleap,92,6.668954161798948
2648,2072,3,92,30177431.1560732,62.333333333333336,92.0,992982.8292096992,2408396.403022864,10059143.718691066,26565089.052384425,8.963936258851792,13.43879392978301,777.9533371424344,1182.613865820905,/bdd/CORDEX-Adjust/bias-adjusted-output/EUR-11/SMHI/ICHEC-EC-EARTH/rcp85/r1i1p1/SMHI-RCA4/SBCK-CDFt-ERA5-1976-2005/day/tasmaxAdjust/v20260512/tasmaxAdjust_EUR-11_ICHEC-EC-EARTH_rcp85_r1i1p1_SMHI-RCA4_SBCK-CDFt-ERA5-1976-2005_day_20060101-21001231.nc,SMHI_ICHEC-EC-EARTH_rcp85_r1i1p1_SMHI-RCA4_SBCK-CDFt-ERA5-1976-2005_day_tasmaxAdjust_v20260512,noleap,92,3.824452264003651
2649,2073,2,92,156883326.34199148,61.5,92.0,4546714.882612287,8304812.928213079,78441663.17099574,151656954.05209813,5.824931834036047,7.473232781375949,307.96012889934985,384.2500415760453,/bdd/CORDEX-Adjust/bias-adjusted-output/EUR-11/SMHI/ICHEC-EC-EARTH/rcp85/r1i1p1/SMHI-RCA4/SBCK-CDFt-ERA5-1976-2005/day/tasmaxAdjust/v20260512/tasmaxAdjust_EUR-11_ICHEC-EC-EARTH_rcp85_r1i1p1_SMHI-RCA4_SBCK-CDFt-ERA5-1976-2005_day_20060101-21001231.nc,SMHI_ICHEC-EC-EARTH_rcp85_r1i1p1_SMHI-RCA4_SBCK-CDFt-ERA5-1976-2005_day_tasmaxAdjust_v20260512,noleap,92,19.88216921148719
2650,2074,2,92,78750439.7875393,49.5,92.0,3274031.492970716,6293577.383618577,39375219.89376965,77636418.50102152,5.963414807171783,6.441541861505803,315.5094327641991,592.6218512585339,/bdd/CORDEX-Adjust/bias-adjusted-output/EUR-11/SMHI/ICHEC-EC-EARTH/rcp85/r1i1p1/SMHI-RCA4/SBCK-CDFt-ERA5-1976-2005/day/tasmaxAdjust/v20260512/tasmaxAdjust_EUR-11_ICHEC-EC-EARTH_rcp85_r1i1p1_SMHI-RCA4_SBCK-CDFt-ERA5-1976-2005_day_20060101-21001231.nc,SMHI_ICHEC-EC-EARTH_rcp85_r1i1p1_SMHI-RCA4_SBCK-CDFt-ERA5-1976-2005_day_tasmaxAdjust_v20260512,noleap,92,9.98021654590457
2651,2075,3,92,65154056.52977675,41.333333333333336,92.0,1588177.838716006,4356331.358685263,21718018.84325892,62446350.14129305,5.430533256045678,8.19028535067854,120.45484910902928,163.8057070135708,/bdd/CORDEX-Adjust/bias-adjusted-output/EUR-11/SMHI/ICHEC-EC-EARTH/rcp85/r1i1p1/SMHI-RCA4/SBCK-CDFt-ERA5-1976-2005/day/tasmaxAdjust/v20260512/tasmaxAdjust_EUR-11_ICHEC-EC-EARTH_rcp85_r1i1p1_SMHI-RCA4_SBCK-CDFt-ERA5-1976-2005_day_20060101-21001231.nc,SMHI_ICHEC-EC-EARTH_rcp85_r1i1p1_SMHI-RCA4_SBCK-CDFt-ERA5-1976-2005_day_tasmaxAdjust_v20260512,noleap,92,8.257116973131737
2652,2076,1,92,94651273.33067882,92.0,92.0,6012870.7840227615,6012870.7840227615,94651273.33067882,94651273.33067882,6.7127375875135895,6.7127375875135895,617.5718580512503,617.5718580512503,/bdd/CORDEX-Adjust/bias-adjusted-output/EUR-11/SMHI/ICHEC-EC-EARTH/rcp85/r1i1p1/SMHI-RCA4/SBCK-CDFt-ERA5-1976-2005/day/tasmaxAdjust/v20260512/tasmaxAdjust_EUR-11_ICHEC-EC-EARTH_rcp85_r1i1p1_SMHI-RCA4_SBCK-CDFt-ERA5-1976-2005_day_20060101-21001231.nc,SMHI_ICHEC-EC-EARTH_rcp85_r1i1p1_SMHI-RCA4_SBCK-CDFt-ERA5-1976-2005_day_tasmaxAdjust_v20260512,noleap,92,11.995364174908994
2653,2077,1,92,201809769.38669115,92.0,92.0,8164990.619453516,8164990.619453516,201809769.38669115,201809769.38669115,2.0035578062713184,2.0035578062713184,184.32731817696128,184.32731817696128,/bdd/CORDEX-Adjust/bias-adjusted-output/EUR-11/SMHI/ICHEC-EC-EARTH/rcp85/r1i1p1/SMHI-RCA4/SBCK-CDFt-ERA5-1976-2005/day/tasmaxAdjust/v20260512/tasmaxAdjust_EUR-11_ICHEC-EC-EARTH_rcp85_r1i1p1_SMHI-RCA4_SBCK-CDFt-ERA5-1976-2005_day_20060101-21001231.nc,SMHI_ICHEC-EC-EARTH_rcp85_r1i1p1_SMHI-RCA4_SBCK-CDFt-ERA5-1976-2005_day_tasmaxAdjust_v20260512,noleap,92,25.57579621132393
2654,2078,1,92,106179141.22466063,92.0,92.0,5415871.057396371,5415871.057396371,106179141.22466063,106179141.22466063,1.716078108697458,1.716078108697458,157.87918600016616,157.87918600016616,/bdd/CORDEX-Adjust/bias-adjusted-output/EUR-11/SMHI/ICHEC-EC-EARTH/rcp85/r1i1p1/SMHI-RCA4/SBCK-CDFt-ERA5-1976-2005/day/tasmaxAdjust/v20260512/tasmaxAdjust_EUR-11_ICHEC-EC-EARTH_rcp85_r1i1p1_SMHI-RCA4_SBCK-CDFt-ERA5-1976-2005_day_20060101-21001231.nc,SMHI_ICHEC-EC-EARTH_rcp85_r1i1p1_SMHI-RCA4_SBCK-CDFt-ERA5-1976-2005_day_tasmaxAdjust_v20260512,noleap,92,13.456316243302698
2655,2079,2,92,107299901.79058424,52.0,92.0,2724505.100786789,5400615.347188787,53649950.89529212,107015001.90730172,6.323498443451831,6.496664297184595,321.89528491018456,565.830598254154,/bdd/CORDEX-Adjust/bias-adjusted-output/EUR-11/SMHI/ICHEC-EC-EARTH/rcp85/r1i1p1/SMHI-RCA4/SBCK-CDFt-ERA5-1976-2005/day/tasmaxAdjust/v20260512/tasmaxAdjust_EUR-11_ICHEC-EC-EARTH_rcp85_r1i1p1_SMHI-RCA4_SBCK-CDFt-ERA5-1976-2005_day_20060101-21001231.nc,SMHI_ICHEC-EC-EARTH_rcp85_r1i1p1_SMHI-RCA4_SBCK-CDFt-ERA5-1976-2005_day_tasmaxAdjust_v20260512,noleap,92,13.598352696358774
2656,2080,4,92,76502133.36108723,29.25,92.0,1348528.20856356,4972625.363529953,19125533.34027181,74419078.30897138,4.893826198703602,7.2958530741237615,144.5078370792465,462.8725038043823,/bdd/CORDEX-Adjust/bias-adjusted-output/EUR-11/SMHI/ICHEC-EC-EARTH/rcp85/r1i1p1/SMHI-RCA4/SBCK-CDFt-ERA5-1976-2005/day/tasmaxAdjust/v20260512/tasmaxAdjust_EUR-11_ICHEC-EC-EARTH_rcp85_r1i1p1_SMHI-RCA4_SBCK-CDFt-ERA5-1976-2005_day_20060101-21001231.nc,SMHI_ICHEC-EC-EARTH_rcp85_r1i1p1_SMHI-RCA4_SBCK-CDFt-ERA5-1976-2005_day_tasmaxAdjust_v20260512,noleap,92,9.69528372447427
2657,2081,2,92,116992009.85110816,51.0,92.0,2875071.1068245573,5552487.88611065,58496004.92555408,115903439.63074166,4.255484306017697,4.800583377209044,194.6806376880573,341.3554416040241,/bdd/CORDEX-Adjust/bias-adjusted-output/EUR-11/SMHI/ICHEC-EC-EARTH/rcp85/r1i1p1/SMHI-RCA4/SBCK-CDFt-ERA5-1976-2005/day/tasmaxAdjust/v20260512/tasmaxAdjust_EUR-11_ICHEC-EC-EARTH_rcp85_r1i1p1_SMHI-RCA4_SBCK-CDFt-ERA5-1976-2005_day_20060101-21001231.nc,SMHI_ICHEC-EC-EARTH_rcp85_r1i1p1_SMHI-RCA4_SBCK-CDFt-ERA5-1976-2005_day_tasmaxAdjust_v20260512,noleap,92,14.826654880972624
2658,2082,4,92,83056972.58557862,32.0,92.0,1689647.1445723402,6042889.815861499,20764243.14639465,79492931.12804171,9.963428530607166,14.58637485252987,294.51049919824646,775.6634760325665,/bdd/CORDEX-Adjust/bias-adjusted-output/EUR-11/SMHI/ICHEC-EC-EARTH/rcp85/r1i1p1/SMHI-RCA4/SBCK-CDFt-ERA5-1976-2005/day/tasmaxAdjust/v20260512/tasmaxAdjust_EUR-11_ICHEC-EC-EARTH_rcp85_r1i1p1_SMHI-RCA4_SBCK-CDFt-ERA5-1976-2005_day_20060101-21001231.nc,SMHI_ICHEC-EC-EARTH_rcp85_r1i1p1_SMHI-RCA4_SBCK-CDFt-ERA5-1976-2005_day_tasmaxAdjust_v20260512,noleap,92,10.52599292508961
2659,2083,4,92,190461966.4948851,33.0,92.0,1976165.6708928084,7548207.275182398,47615491.62372127,188292658.9439748,7.415831430679823,10.221728022547092,292.0096313871405,940.3989780743324,/bdd/CORDEX-Adjust/bias-adjusted-output/EUR-11/SMHI/ICHEC-EC-EARTH/rcp85/r1i1p1/SMHI-RCA4/SBCK-CDFt-ERA5-1976-2005/day/tasmaxAdjust/v20260512/tasmaxAdjust_EUR-11_ICHEC-EC-EARTH_rcp85_r1i1p1_SMHI-RCA4_SBCK-CDFt-ERA5-1976-2005_day_20060101-21001231.nc,SMHI_ICHEC-EC-EARTH_rcp85_r1i1p1_SMHI-RCA4_SBCK-CDFt-ERA5-1976-2005_day_tasmaxAdjust_v20260512,noleap,92,24.13766417693767
2660,2084,7,92,122154734.30294517,34.57142857142857,92.0,798509.8115320739,4152153.321734154,17450676.328992166,112600682.28147116,2.079876801753314,3.593842700535532,69.58331336368865,201.43296925521065,/bdd/CORDEX-Adjust/bias-adjusted-output/EUR-11/SMHI/ICHEC-EC-EARTH/rcp85/r1i1p1/SMHI-RCA4/SBCK-CDFt-ERA5-1976-2005/day/tasmaxAdjust/v20260512/tasmaxAdjust_EUR-11_ICHEC-EC-EARTH_rcp85_r1i1p1_SMHI-RCA4_SBCK-CDFt-ERA5-1976-2005_day_20060101-21001231.nc,SMHI_ICHEC-EC-EARTH_rcp85_r1i1p1_SMHI-RCA4_SBCK-CDFt-ERA5-1976-2005_day_tasmaxAdjust_v20260512,noleap,92,15.480938312724614
2661,2085,1,92,196232177.60670823,92.0,92.0,7884407.029116071,7884407.029116071,196232177.60670823,196232177.60670823,10.261448056520589,10.261448056520589,944.053221199894,944.053221199894,/bdd/CORDEX-Adjust/bias-adjusted-output/EUR-11/SMHI/ICHEC-EC-EARTH/rcp85/r1i1p1/SMHI-RCA4/SBCK-CDFt-ERA5-1976-2005/day/tasmaxAdjust/v20260512/tasmaxAdjust_EUR-11_ICHEC-EC-EARTH_rcp85_r1i1p1_SMHI-RCA4_SBCK-CDFt-ERA5-1976-2005_day_20060101-21001231.nc,SMHI_ICHEC-EC-EARTH_rcp85_r1i1p1_SMHI-RCA4_SBCK-CDFt-ERA5-1976-2005_day_tasmaxAdjust_v20260512,noleap,92,24.868935730048303
2662,2086,8,92,65120129.02195898,26.375,92.0,740347.0166536272,4757969.566170171,8140016.127744872,58759598.18718509,5.323636721459852,11.481015125128447,194.39060054317065,1056.2533915118172,/bdd/CORDEX-Adjust/bias-adjusted-output/EUR-11/SMHI/ICHEC-EC-EARTH/rcp85/r1i1p1/SMHI-RCA4/SBCK-CDFt-ERA5-1976-2005/day/tasmaxAdjust/v20260512/tasmaxAdjust_EUR-11_ICHEC-EC-EARTH_rcp85_r1i1p1_SMHI-RCA4_SBCK-CDFt-ERA5-1976-2005_day_20060101-21001231.nc,SMHI_ICHEC-EC-EARTH_rcp85_r1i1p1_SMHI-RCA4_SBCK-CDFt-ERA5-1976-2005_day_tasmaxAdjust_v20260512,noleap,92,8.25281726539934
2663,2087,6,92,120702134.02390106,25.33333333333333,92.0,1030951.618776759,5561219.043427339,20117022.337316845,117482483.33192776,5.530403197563815,20.90211525823348,107.2994872084787,415.70837574330034,/bdd/CORDEX-Adjust/bias-adjusted-output/EUR-11/SMHI/ICHEC-EC-EARTH/rcp85/r1i1p1/SMHI-RCA4/SBCK-CDFt-ERA5-1976-2005/day/tasmaxAdjust/v20260512/tasmaxAdjust_EUR-11_ICHEC-EC-EARTH_rcp85_r1i1p1_SMHI-RCA4_SBCK-CDFt-ERA5-1976-2005_day_20060101-21001231.nc,SMHI_ICHEC-EC-EARTH_rcp85_r1i1p1_SMHI-RCA4_SBCK-CDFt-ERA5-1976-2005_day_tasmaxAdjust_v20260512,noleap,92,15.29684708252179
2664,2088,1,92,172608103.64742768,92.0,92.0,7160578.563233241,7160578.563233241,172608103.64742768,172608103.64742768,3.5780845371472103,3.5780845371472103,329.1837774175433,329.1837774175433,/bdd/CORDEX-Adjust/bias-adjusted-output/EUR-11/SMHI/ICHEC-EC-EARTH/rcp85/r1i1p1/SMHI-RCA4/SBCK-CDFt-ERA5-1976-2005/day/tasmaxAdjust/v20260512/tasmaxAdjust_EUR-11_ICHEC-EC-EARTH_rcp85_r1i1p1_SMHI-RCA4_SBCK-CDFt-ERA5-1976-2005_day_20060101-21001231.nc,SMHI_ICHEC-EC-EARTH_rcp85_r1i1p1_SMHI-RCA4_SBCK-CDFt-ERA5-1976-2005_day_tasmaxAdjust_v20260512,noleap,92,21.87500484602813
2665,2089,3,92,104957558.16256323,37.66666666666666,92.0,2212754.56780769,6420330.079820342,34985852.72085442,104071507.14597312,5.750717954871114,12.407903480419602,166.82579057928368,436.9150793862644,/bdd/CORDEX-Adjust/bias-adjusted-output/EUR-11/SMHI/ICHEC-EC-EARTH/rcp85/r1i1p1/SMHI-RCA4/SBCK-CDFt-ERA5-1976-2005/day/tasmaxAdjust/v20260512/tasmaxAdjust_EUR-11_ICHEC-EC-EARTH_rcp85_r1i1p1_SMHI-RCA4_SBCK-CDFt-ERA5-1976-2005_day_20060101-21001231.nc,SMHI_ICHEC-EC-EARTH_rcp85_r1i1p1_SMHI-RCA4_SBCK-CDFt-ERA5-1976-2005_day_tasmaxAdjust_v20260512,noleap,92,13.30150233341936
2666,2090,3,92,187441323.38254532,37.333333333333336,92.0,2431158.915973925,6937223.150582502,62480441.12751513,185685993.0306841,5.701147217777934,10.55623386430821,138.5770814790266,307.5311508057467,/bdd/CORDEX-Adjust/bias-adjusted-output/EUR-11/SMHI/ICHEC-EC-EARTH/rcp85/r1i1p1/SMHI-RCA4/SBCK-CDFt-ERA5-1976-2005/day/tasmaxAdjust/v20260512/tasmaxAdjust_EUR-11_ICHEC-EC-EARTH_rcp85_r1i1p1_SMHI-RCA4_SBCK-CDFt-ERA5-1976-2005_day_20060101-21001231.nc,SMHI_ICHEC-EC-EARTH_rcp85_r1i1p1_SMHI-RCA4_SBCK-CDFt-ERA5-1976-2005_day_tasmaxAdjust_v20260512,noleap,92,23.75485142756917
2667,2091,2,92,182253767.40466496,53.0,92.0,4111694.168266832,7921963.255059974,91126883.70233248,180646142.3426802,2.8095824101265428,4.920272772169436,66.59094361703396,68.8838188103721,/bdd/CORDEX-Adjust/bias-adjusted-output/EUR-11/SMHI/ICHEC-EC-EARTH/rcp85/r1i1p1/SMHI-RCA4/SBCK-CDFt-ERA5-1976-2005/day/tasmaxAdjust/v20260512/tasmaxAdjust_EUR-11_ICHEC-EC-EARTH_rcp85_r1i1p1_SMHI-RCA4_SBCK-CDFt-ERA5-1976-2005_day_20060101-21001231.nc,SMHI_ICHEC-EC-EARTH_rcp85_r1i1p1_SMHI-RCA4_SBCK-CDFt-ERA5-1976-2005_day_tasmaxAdjust_v20260512,noleap,92,23.09742104187322
2668,2092,2,92,125115678.49511226,51.0,92.0,2709493.589761985,5363229.612435111,62557839.24755613,124739294.69459371,2.958987374224888,3.7473424687006704,183.2309149589764,344.7555071204617,/bdd/CORDEX-Adjust/bias-adjusted-output/EUR-11/SMHI/ICHEC-EC-EARTH/rcp85/r1i1p1/SMHI-RCA4/SBCK-CDFt-ERA5-1976-2005/day/tasmaxAdjust/v20260512/tasmaxAdjust_EUR-11_ICHEC-EC-EARTH_rcp85_r1i1p1_SMHI-RCA4_SBCK-CDFt-ERA5-1976-2005_day_20060101-21001231.nc,SMHI_ICHEC-EC-EARTH_rcp85_r1i1p1_SMHI-RCA4_SBCK-CDFt-ERA5-1976-2005_day_tasmaxAdjust_v20260512,noleap,92,15.856185286556013
2669,2093,1,92,152929569.45026657,92.0,92.0,5162439.493055136,5162439.493055136,152929569.45026657,152929569.45026657,2.3053826032796856,2.3053826032796856,212.09519950173103,212.09519950173103,/bdd/CORDEX-Adjust/bias-adjusted-output/EUR-11/SMHI/ICHEC-EC-EARTH/rcp85/r1i1p1/SMHI-RCA4/SBCK-CDFt-ERA5-1976-2005/day/tasmaxAdjust/v20260512/tasmaxAdjust_EUR-11_ICHEC-EC-EARTH_rcp85_r1i1p1_SMHI-RCA4_SBCK-CDFt-ERA5-1976-2005_day_20060101-21001231.nc,SMHI_ICHEC-EC-EARTH_rcp85_r1i1p1_SMHI-RCA4_SBCK-CDFt-ERA5-1976-2005_day_tasmaxAdjust_v20260512,noleap,92,19.381100899288114
2670,2094,2,92,131520040.06785548,53.5,92.0,3759665.939467419,7366710.786209432,65760020.03392774,130693907.29702562,9.589874391946283,14.373124636636645,697.213414389705,1322.3274665705712,/bdd/CORDEX-Adjust/bias-adjusted-output/EUR-11/SMHI/ICHEC-EC-EARTH/rcp85/r1i1p1/SMHI-RCA4/SBCK-CDFt-ERA5-1976-2005/day/tasmaxAdjust/v20260512/tasmaxAdjust_EUR-11_ICHEC-EC-EARTH_rcp85_r1i1p1_SMHI-RCA4_SBCK-CDFt-ERA5-1976-2005_day_20060101-21001231.nc,SMHI_ICHEC-EC-EARTH_rcp85_r1i1p1_SMHI-RCA4_SBCK-CDFt-ERA5-1976-2005_day_tasmaxAdjust_v20260512,noleap,92,16.66782412319856
2671,2095,2,92,213248570.0130815,51.0,92.0,4278239.116506888,8434929.533181336,106624285.00654076,212690129.86884105,2.946650685855058,3.719073653565638,181.94852665474173,342.1547761280387,/bdd/CORDEX-Adjust/bias-adjusted-output/EUR-11/SMHI/ICHEC-EC-EARTH/rcp85/r1i1p1/SMHI-RCA4/SBCK-CDFt-ERA5-1976-2005/day/tasmaxAdjust/v20260512/tasmaxAdjust_EUR-11_ICHEC-EC-EARTH_rcp85_r1i1p1_SMHI-RCA4_SBCK-CDFt-ERA5-1976-2005_day_20060101-21001231.nc,SMHI_ICHEC-EC-EARTH_rcp85_r1i1p1_SMHI-RCA4_SBCK-CDFt-ERA5-1976-2005_day_tasmaxAdjust_v20260512,noleap,92,27.025460588879163
2672,2096,2,92,182682114.26403308,54.5,92.0,4173081.146493881,7882928.854007666,91341057.13201654,180491191.49868792,5.8744848932835225,6.082828902383505,327.9723270252013,559.6202590192825,/bdd/CORDEX-Adjust/bias-adjusted-output/EUR-11/SMHI/ICHEC-EC-EARTH/rcp85/r1i1p1/SMHI-RCA4/SBCK-CDFt-ERA5-1976-2005/day/tasmaxAdjust/v20260512/tasmaxAdjust_EUR-11_ICHEC-EC-EARTH_rcp85_r1i1p1_SMHI-RCA4_SBCK-CDFt-ERA5-1976-2005_day_20060101-21001231.nc,SMHI_ICHEC-EC-EARTH_rcp85_r1i1p1_SMHI-RCA4_SBCK-CDFt-ERA5-1976-2005_day_tasmaxAdjust_v20260512,noleap,92,23.151706382053995
2673,2097,3,92,139671341.85338545,44.0,92.0,1841766.2732978084,5280166.006679468,46557113.95112848,138414714.12210497,5.556279969502523,8.064086272710052,295.58365027486906,741.8959370893248,/bdd/CORDEX-Adjust/bias-adjusted-output/EUR-11/SMHI/ICHEC-EC-EARTH/rcp85/r1i1p1/SMHI-RCA4/SBCK-CDFt-ERA5-1976-2005/day/tasmaxAdjust/v20260512/tasmaxAdjust_EUR-11_ICHEC-EC-EARTH_rcp85_r1i1p1_SMHI-RCA4_SBCK-CDFt-ERA5-1976-2005_day_20060101-21001231.nc,SMHI_ICHEC-EC-EARTH_rcp85_r1i1p1_SMHI-RCA4_SBCK-CDFt-ERA5-1976-2005_day_tasmaxAdjust_v20260512,noleap,92,17.700856537621725
2674,2098,4,92,159871919.18152568,36.25,92.0,2033119.1811732005,7602588.159714458,39967979.79538142,157452967.16174775,10.809255774722086,31.67815238623328,370.9439038123239,855.3101144282986,/bdd/CORDEX-Adjust/bias-adjusted-output/EUR-11/SMHI/ICHEC-EC-EARTH/rcp85/r1i1p1/SMHI-RCA4/SBCK-CDFt-ERA5-1976-2005/day/tasmaxAdjust/v20260512/tasmaxAdjust_EUR-11_ICHEC-EC-EARTH_rcp85_r1i1p1_SMHI-RCA4_SBCK-CDFt-ERA5-1976-2005_day_20060101-21001231.nc,SMHI_ICHEC-EC-EARTH_rcp85_r1i1p1_SMHI-RCA4_SBCK-CDFt-ERA5-1976-2005_day_tasmaxAdjust_v20260512,noleap,92,20.260920159247746
2675,2099,2,92,189166073.9194944,60.5,92.0,3882638.402287624,7749916.6654914785,94583036.95974718,188813774.9075665,5.168979552464179,10.287922328076055,473.969960355857,946.4888541829972,/bdd/CORDEX-Adjust/bias-adjusted-output/EUR-11/SMHI/ICHEC-EC-EARTH/rcp85/r1i1p1/SMHI-RCA4/SBCK-CDFt-ERA5-1976-2005/day/tasmaxAdjust/v20260512/tasmaxAdjust_EUR-11_ICHEC-EC-EARTH_rcp85_r1i1p1_SMHI-RCA4_SBCK-CDFt-ERA5-1976-2005_day_20060101-21001231.nc,SMHI_ICHEC-EC-EARTH_rcp85_r1i1p1_SMHI-RCA4_SBCK-CDFt-ERA5-1976-2005_day_tasmaxAdjust_v20260512,noleap,92,23.9734328588965
3301,1975,3,23,2063334.38178508,7.666666666666667,9.0,136663.82868086832,203808.1177018775,687778.1272616931,1124744.219757377,5.074660415390845,9.853693363552098,42.091751816770646,88.68324027196888,/bdd/CORDEX-Adjust/bias-adjusted-output/EUR-11/CNRM/CNRM-CERFACS-CNRM-CM5/historical/r1i1p1/CNRM-ALADIN63/SBCK-CDFt-ERA5-1976-2005/day/tasmaxAdjust/v20260512/tasmaxAdjust_EUR-11_CNRM-CERFACS-CNRM-CM5_historical_r1i1p1_CNRM-ALADIN63_SBCK-CDFt-ERA5-1976-2005_day_19510101-20051231.nc,CNRM_CNRM-CERFACS-CNRM-CM5_rcp85_r1i1p1_CNRM-ALADIN63_SBCK-CDFt-ERA5-1976-2005_day_tasmaxAdjust_v20260512,noleap,92,0.2614909071286684
3302,1976,4,39,4647806.1575549375,10.75,13.0,236306.0013303986,485908.9999332701,1161951.5393887344,2354865.376074376,11.59695862276117,24.95538137089673,129.78565205151952,274.50919507986407,/bdd/CORDEX-Adjust/bias-adjusted-output/EUR-11/CNRM/CNRM-CERFACS-CNRM-CM5/historical/r1i1p1/CNRM-ALADIN63/SBCK-CDFt-ERA5-1976-2005/day/tasmaxAdjust/v20260512/tasmaxAdjust_EUR-11_CNRM-CERFACS-CNRM-CM5_historical_r1i1p1_CNRM-ALADIN63_SBCK-CDFt-ERA5-1976-2005_day_19510101-20051231.nc,CNRM_CNRM-CERFACS-CNRM-CM5_rcp85_r1i1p1_CNRM-ALADIN63_SBCK-CDFt-ERA5-1976-2005_day_tasmaxAdjust_v20260512,noleap,92,0.5890267031007314
3303,1977,8,53,16067589.57424924,7.5,14.0,377239.3152317404,1215724.03839147,2008448.696781155,7796122.603854702,10.757925384225487,20.267408618331302,91.15615035869362,247.8771208808761,/bdd/CORDEX-Adjust/bias-adjusted-output/EUR-11/CNRM/CNRM-CERFACS-CNRM-CM5/historical/r1i1p1/CNRM-ALADIN63/SBCK-CDFt-ERA5-1976-2005/day/tasmaxAdjust/v20260512/tasmaxAdjust_EUR-11_CNRM-CERFACS-CNRM-CM5_historical_r1i1p1_CNRM-ALADIN63_SBCK-CDFt-ERA5-1976-2005_day_19510101-20051231.nc,CNRM_CNRM-CERFACS-CNRM-CM5_rcp85_r1i1p1_CNRM-ALADIN63_SBCK-CDFt-ERA5-1976-2005_day_tasmaxAdjust_v20260512,noleap,92,2.0362809878186803
3304,1978,2,17,1942449.4982277704,8.5,10.0,179834.32804095338,237944.41998366563,971224.7491138852,1363463.737593782,3.604720338556706,6.028639242708394,27.004244521504468,42.20047469895876,/bdd/CORDEX-Adjust/bias-adjusted-output/EUR-11/CNRM/CNRM-CERFACS-CNRM-CM5/historical/r1i1p1/CNRM-ALADIN63/SBCK-CDFt-ERA5-1976-2005/day/tasmaxAdjust/v20260512/tasmaxAdjust_EUR-11_CNRM-CERFACS-CNRM-CM5_historical_r1i1p1_CNRM-ALADIN63_SBCK-CDFt-ERA5-1976-2005_day_19510101-20051231.nc,CNRM_CNRM-CERFACS-CNRM-CM5_rcp85_r1i1p1_CNRM-ALADIN63_SBCK-CDFt-ERA5-1976-2005_day_tasmaxAdjust_v20260512,noleap,92,0.246170899795588
3305,1979,2,23,5293850.4846032,11.5,14.0,510104.3362535872,724876.1929532405,2646925.2423016,3627140.16530196,32.211793205790165,49.687792599154925,414.1256203499988,695.6290963881689,/bdd/CORDEX-Adjust/bias-adjusted-output/EUR-11/CNRM/CNRM-CERFACS-CNRM-CM5/historical/r1i1p1/CNRM-ALADIN63/SBCK-CDFt-ERA5-1976-2005/day/tasmaxAdjust/v20260512/tasmaxAdjust_EUR-11_CNRM-CERFACS-CNRM-CM5_historical_r1i1p1_CNRM-ALADIN63_SBCK-CDFt-ERA5-1976-2005_day_19510101-20051231.nc,CNRM_CNRM-CERFACS-CNRM-CM5_rcp85_r1i1p1_CNRM-ALADIN63_SBCK-CDFt-ERA5-1976-2005_day_tasmaxAdjust_v20260512,noleap,92,0.6709013224627309
3306,1980,2,16,1677944.6765833087,8.0,11.0,167580.3613402082,232908.6853902339,838972.3382916544,1255311.606821364,7.141657065664336,8.787239849202606,62.0700048759295,96.65963834122869,/bdd/CORDEX-Adjust/bias-adjusted-output/EUR-11/CNRM/CNRM-CERFACS-CNRM-CM5/historical/r1i1p1/CNRM-ALADIN63/SBCK-CDFt-ERA5-1976-2005/day/tasmaxAdjust/v20260512/tasmaxAdjust_EUR-11_CNRM-CERFACS-CNRM-CM5_historical_r1i1p1_CNRM-ALADIN63_SBCK-CDFt-ERA5-1976-2005_day_19510101-20051231.nc,CNRM_CNRM-CERFACS-CNRM-CM5_rcp85_r1i1p1_CNRM-ALADIN63_SBCK-CDFt-ERA5-1976-2005_day_tasmaxAdjust_v20260512,noleap,92,0.21264962163422726
3307,1981,2,13,914787.4067763526,6.5,7.0,87390.82523390243,117327.1788161305,457393.7033881763,612913.0484690666,3.8627535376066096,4.421369216388301,25.38720583383381,30.94958451471811,/bdd/CORDEX-Adjust/bias-adjusted-output/EUR-11/CNRM/CNRM-CERFACS-CNRM-CM5/historical/r1i1p1/CNRM-ALADIN63/SBCK-CDFt-ERA5-1976-2005/day/tasmaxAdjust/v20260512/tasmaxAdjust_EUR-11_CNRM-CERFACS-CNRM-CM5_historical_r1i1p1_CNRM-ALADIN63_SBCK-CDFt-ERA5-1976-2005_day_19510101-20051231.nc,CNRM_CNRM-CERFACS-CNRM-CM5_rcp85_r1i1p1_CNRM-ALADIN63_SBCK-CDFt-ERA5-1976-2005_day_tasmaxAdjust_v20260512,noleap,92,0.11593302129773114
3308,1982,2,21,4115279.655166775,11.0,12.0,341309.3442594283,476072.6940268524,2057639.8275833875,3034587.210543125,7.3457052104821985,9.095956435970812,82.5530085407928,109.15147723164976,/bdd/CORDEX-Adjust/bias-adjusted-output/EUR-11/CNRM/CNRM-CERFACS-CNRM-CM5/historical/r1i1p1/CNRM-ALADIN63/SBCK-CDFt-ERA5-1976-2005/day/tasmaxAdjust/v20260512/tasmaxAdjust_EUR-11_CNRM-CERFACS-CNRM-CM5_historical_r1i1p1_CNRM-ALADIN63_SBCK-CDFt-ERA5-1976-2005_day_19510101-20051231.nc,CNRM_CNRM-CERFACS-CNRM-CM5_rcp85_r1i1p1_CNRM-ALADIN63_SBCK-CDFt-ERA5-1976-2005_day_tasmaxAdjust_v20260512,noleap,92,0.5215384474845642
3309,1983,4,92,9821705.45608398,31.25,92.0,403756.599228608,996758.6939029632,2455426.364020996,6228488.72108628,12.795863328393146,20.12603458553551,186.41685930367072,228.13259365841384,/bdd/CORDEX-Adjust/bias-adjusted-output/EUR-11/CNRM/CNRM-CERFACS-CNRM-CM5/historical/r1i1p1/CNRM-ALADIN63/SBCK-CDFt-ERA5-1976-2005/day/tasmaxAdjust/v20260512/tasmaxAdjust_EUR-11_CNRM-CERFACS-CNRM-CM5_historical_r1i1p1_CNRM-ALADIN63_SBCK-CDFt-ERA5-1976-2005_day_19510101-20051231.nc,CNRM_CNRM-CERFACS-CNRM-CM5_rcp85_r1i1p1_CNRM-ALADIN63_SBCK-CDFt-ERA5-1976-2005_day_tasmaxAdjust_v20260512,noleap,92,1.2447263477672754
3310,1984,2,92,2601956.1654455746,49.0,92.0,272964.25381990895,393447.5907472553,1300978.0827227873,1898799.448284492,3.987086815364295,7.462756334752268,45.913464619167584,47.05039122982156,/bdd/CORDEX-Adjust/bias-adjusted-output/EUR-11/CNRM/CNRM-CERFACS-CNRM-CM5/historical/r1i1p1/CNRM-ALADIN63/SBCK-CDFt-ERA5-1976-2005/day/tasmaxAdjust/v20260512/tasmaxAdjust_EUR-11_CNRM-CERFACS-CNRM-CM5_historical_r1i1p1_CNRM-ALADIN63_SBCK-CDFt-ERA5-1976-2005_day_19510101-20051231.nc,CNRM_CNRM-CERFACS-CNRM-CM5_rcp85_r1i1p1_CNRM-ALADIN63_SBCK-CDFt-ERA5-1976-2005_day_tasmaxAdjust_v20260512,noleap,92,0.3297516311547922
3311,1985,1,6,6698045.610665818,6.0,6.0,1422473.243407816,1422473.243407816,6698045.610665818,6698045.610665818,7.685763388448635,7.685763388448635,46.11458033069181,46.11458033069181,/bdd/CORDEX-Adjust/bias-adjusted-output/EUR-11/CNRM/CNRM-CERFACS-CNRM-CM5/historical/r1i1p1/CNRM-ALADIN63/SBCK-CDFt-ERA5-1976-2005/day/tasmaxAdjust/v20260512/tasmaxAdjust_EUR-11_CNRM-CERFACS-CNRM-CM5_historical_r1i1p1_CNRM-ALADIN63_SBCK-CDFt-ERA5-1976-2005_day_19510101-20051231.nc,CNRM_CNRM-CERFACS-CNRM-CM5_rcp85_r1i1p1_CNRM-ALADIN63_SBCK-CDFt-ERA5-1976-2005_day_tasmaxAdjust_v20260512,noleap,92,0.8488580610995882
3312,1986,4,92,5900368.103052024,31.25,92.0,254773.2217284256,666733.9960705962,1475092.025763006,4193808.2238896913,6.942818248294376,14.286917423144148,170.75731223592044,330.1909600599595,/bdd/CORDEX-Adjust/bias-adjusted-output/EUR-11/CNRM/CNRM-CERFACS-CNRM-CM5/historical/r1i1p1/CNRM-ALADIN63/SBCK-CDFt-ERA5-1976-2005/day/tasmaxAdjust/v20260512/tasmaxAdjust_EUR-11_CNRM-CERFACS-CNRM-CM5_historical_r1i1p1_CNRM-ALADIN63_SBCK-CDFt-ERA5-1976-2005_day_19510101-20051231.nc,CNRM_CNRM-CERFACS-CNRM-CM5_rcp85_r1i1p1_CNRM-ALADIN63_SBCK-CDFt-ERA5-1976-2005_day_tasmaxAdjust_v20260512,noleap,92,0.7477666350547171
3313,1987,5,27,9244520.141241783,8.6,16.0,332337.0487703931,953796.1902710898,1848904.028248357,6240761.277972447,12.013295629287526,44.34886907576565,95.34055171569324,310.4420835303595,/bdd/CORDEX-Adjust/bias-adjusted-output/EUR-11/CNRM/CNRM-CERFACS-CNRM-CM5/historical/r1i1p1/CNRM-ALADIN63/SBCK-CDFt-ERA5-1976-2005/day/tasmaxAdjust/v20260512/tasmaxAdjust_EUR-11_CNRM-CERFACS-CNRM-CM5_historical_r1i1p1_CNRM-ALADIN63_SBCK-CDFt-ERA5-1976-2005_day_19510101-20051231.nc,CNRM_CNRM-CERFACS-CNRM-CM5_rcp85_r1i1p1_CNRM-ALADIN63_SBCK-CDFt-ERA5-1976-2005_day_tasmaxAdjust_v20260512,noleap,92,1.1715783825650201
3314,1988,1,12,2444004.8006592914,12.0,12.0,435799.7908843256,435799.7908843256,2444004.8006592914,2444004.8006592914,2.9835797444240746,2.9835797444240746,35.80295693308889,35.80295693308889,/bdd/CORDEX-Adjust/bias-adjusted-output/EUR-11/CNRM/CNRM-CERFACS-CNRM-CM5/historical/r1i1p1/CNRM-ALADIN63/SBCK-CDFt-ERA5-1976-2005/day/tasmaxAdjust/v20260512/tasmaxAdjust_EUR-11_CNRM-CERFACS-CNRM-CM5_historical_r1i1p1_CNRM-ALADIN63_SBCK-CDFt-ERA5-1976-2005_day_19510101-20051231.nc,CNRM_CNRM-CERFACS-CNRM-CM5_rcp85_r1i1p1_CNRM-ALADIN63_SBCK-CDFt-ERA5-1976-2005_day_tasmaxAdjust_v20260512,noleap,92,0.30973410708075266
3315,1989,6,49,20518812.540094435,10.0,16.0,590207.7872801487,2077172.849393626,3419802.090015739,12078539.37432812,11.320356334928976,25.81142511490155,129.75848871895658,412.9828018384248,/bdd/CORDEX-Adjust/bias-adjusted-output/EUR-11/CNRM/CNRM-CERFACS-CNRM-CM5/historical/r1i1p1/CNRM-ALADIN63/SBCK-CDFt-ERA5-1976-2005/day/tasmaxAdjust/v20260512/tasmaxAdjust_EUR-11_CNRM-CERFACS-CNRM-CM5_historical_r1i1p1_CNRM-ALADIN63_SBCK-CDFt-ERA5-1976-2005_day_19510101-20051231.nc,CNRM_CNRM-CERFACS-CNRM-CM5_rcp85_r1i1p1_CNRM-ALADIN63_SBCK-CDFt-ERA5-1976-2005_day_tasmaxAdjust_v20260512,noleap,92,2.6003942703995846
3316,1990,4,28,8430523.751251347,9.0,11.0,374579.5161898048,628520.6624338019,2107630.937812837,4011387.163298568,13.271702072195565,40.3811181826542,121.89117261334138,363.43006364388776,/bdd/CORDEX-Adjust/bias-adjusted-output/EUR-11/CNRM/CNRM-CERFACS-CNRM-CM5/historical/r1i1p1/CNRM-ALADIN63/SBCK-CDFt-ERA5-1976-2005/day/tasmaxAdjust/v20260512/tasmaxAdjust_EUR-11_CNRM-CERFACS-CNRM-CM5_historical_r1i1p1_CNRM-ALADIN63_SBCK-CDFt-ERA5-1976-2005_day_19510101-20051231.nc,CNRM_CNRM-CERFACS-CNRM-CM5_rcp85_r1i1p1_CNRM-ALADIN63_SBCK-CDFt-ERA5-1976-2005_day_tasmaxAdjust_v20260512,noleap,92,1.0684188286424454
3317,1991,1,7,765625.664863627,7.0,7.0,173519.6678628606,173519.6678628606,765625.664863627,765625.664863627,14.662167862368417,14.662167862368417,102.6351750365789,102.6351750365789,/bdd/CORDEX-Adjust/bias-adjusted-output/EUR-11/CNRM/CNRM-CERFACS-CNRM-CM5/historical/r1i1p1/CNRM-ALADIN63/SBCK-CDFt-ERA5-1976-2005/day/tasmaxAdjust/v20260512/tasmaxAdjust_EUR-11_CNRM-CERFACS-CNRM-CM5_historical_r1i1p1_CNRM-ALADIN63_SBCK-CDFt-ERA5-1976-2005_day_19510101-20051231.nc,CNRM_CNRM-CERFACS-CNRM-CM5_rcp85_r1i1p1_CNRM-ALADIN63_SBCK-CDFt-ERA5-1976-2005_day_tasmaxAdjust_v20260512,noleap,92,0.09702942547439859
3318,1992,2,17,2604252.6401909804,8.5,11.0,221747.55683547223,319943.5864772596,1302126.3200954902,2100211.096782513,9.688653645443669,13.485143593354689,72.86233111649362,80.91086156012813,/bdd/CORDEX-Adjust/bias-adjusted-output/EUR-11/CNRM/CNRM-CERFACS-CNRM-CM5/historical/r1i1p1/CNRM-ALADIN63/SBCK-CDFt-ERA5-1976-2005/day/tasmaxAdjust/v20260512/tasmaxAdjust_EUR-11_CNRM-CERFACS-CNRM-CM5_historical_r1i1p1_CNRM-ALADIN63_SBCK-CDFt-ERA5-1976-2005_day_19510101-20051231.nc,CNRM_CNRM-CERFACS-CNRM-CM5_rcp85_r1i1p1_CNRM-ALADIN63_SBCK-CDFt-ERA5-1976-2005_day_tasmaxAdjust_v20260512,noleap,92,0.33004266845329094
3319,1993,1,10,3277419.9255703064,10.0,10.0,626831.5063447227,626831.5063447227,3277419.9255703064,3277419.9255703064,22.964980408337965,22.964980408337965,229.64980408337965,229.64980408337965,/bdd/CORDEX-Adjust/bias-adjusted-output/EUR-11/CNRM/CNRM-CERFACS-CNRM-CM5/historical/r1i1p1/CNRM-ALADIN63/SBCK-CDFt-ERA5-1976-2005/day/tasmaxAdjust/v20260512/tasmaxAdjust_EUR-11_CNRM-CERFACS-CNRM-CM5_historical_r1i1p1_CNRM-ALADIN63_SBCK-CDFt-ERA5-1976-2005_day_19510101-20051231.nc,CNRM_CNRM-CERFACS-CNRM-CM5_rcp85_r1i1p1_CNRM-ALADIN63_SBCK-CDFt-ERA5-1976-2005_day_tasmaxAdjust_v20260512,noleap,92,0.41535464001598765
3320,1994,8,44,15605323.91374894,8.375,12.0,331096.45765812235,811783.8434847626,1950665.4892186176,5913332.42559433,6.768555769195999,13.731494341223616,61.64971909567121,114.79657142448572,/bdd/CORDEX-Adjust/bias-adjusted-output/EUR-11/CNRM/CNRM-CERFACS-CNRM-CM5/historical/r1i1p1/CNRM-ALADIN63/SBCK-CDFt-ERA5-1976-2005/day/tasmaxAdjust/v20260512/tasmaxAdjust_EUR-11_CNRM-CERFACS-CNRM-CM5_historical_r1i1p1_CNRM-ALADIN63_SBCK-CDFt-ERA5-1976-2005_day_19510101-20051231.nc,CNRM_CNRM-CERFACS-CNRM-CM5_rcp85_r1i1p1_CNRM-ALADIN63_SBCK-CDFt-ERA5-1976-2005_day_tasmaxAdjust_v20260512,noleap,92,1.977697043322937
3321,1995,1,92,24447496.952076264,92.0,92.0,3142839.421157036,3142839.421157036,24447496.952076264,24447496.952076264,17.661345360925587,17.661345360925587,1624.843773205154,1624.843773205154,/bdd/CORDEX-Adjust/bias-adjusted-output/EUR-11/CNRM/CNRM-CERFACS-CNRM-CM5/historical/r1i1p1/CNRM-ALADIN63/SBCK-CDFt-ERA5-1976-2005/day/tasmaxAdjust/v20260512/tasmaxAdjust_EUR-11_CNRM-CERFACS-CNRM-CM5_historical_r1i1p1_CNRM-ALADIN63_SBCK-CDFt-ERA5-1976-2005_day_19510101-20051231.nc,CNRM_CNRM-CERFACS-CNRM-CM5_rcp85_r1i1p1_CNRM-ALADIN63_SBCK-CDFt-ERA5-1976-2005_day_tasmaxAdjust_v20260512,noleap,92,3.0982850920620493
3322,1996,8,92,17488615.022469595,22.125,92.0,413849.2650514108,742952.5696684401,2186076.8778086994,4071154.628081667,16.598228522581554,35.7314105564956,228.53122456329203,528.4642854465144,/bdd/CORDEX-Adjust/bias-adjusted-output/EUR-11/CNRM/CNRM-CERFACS-CNRM-CM5/historical/r1i1p1/CNRM-ALADIN63/SBCK-CDFt-ERA5-1976-2005/day/tasmaxAdjust/v20260512/tasmaxAdjust_EUR-11_CNRM-CERFACS-CNRM-CM5_historical_r1i1p1_CNRM-ALADIN63_SBCK-CDFt-ERA5-1976-2005_day_19510101-20051231.nc,CNRM_CNRM-CERFACS-CNRM-CM5_rcp85_r1i1p1_CNRM-ALADIN63_SBCK-CDFt-ERA5-1976-2005_day_tasmaxAdjust_v20260512,noleap,92,2.2163706702222608
3323,1997,10,49,10003796.355377989,9.3,13.0,194384.4986002954,482508.7583828544,1000379.6355377987,2773378.4976176126,8.737554855467945,23.44294368794881,79.42049647647346,187.5435495035905,/bdd/CORDEX-Adjust/bias-adjusted-output/EUR-11/CNRM/CNRM-CERFACS-CNRM-CM5/historical/r1i1p1/CNRM-ALADIN63/SBCK-CDFt-ERA5-1976-2005/day/tasmaxAdjust/v20260512/tasmaxAdjust_EUR-11_CNRM-CERFACS-CNRM-CM5_historical_r1i1p1_CNRM-ALADIN63_SBCK-CDFt-ERA5-1976-2005_day_19510101-20051231.nc,CNRM_CNRM-CERFACS-CNRM-CM5_rcp85_r1i1p1_CNRM-ALADIN63_SBCK-CDFt-ERA5-1976-2005_day_tasmaxAdjust_v20260512,noleap,92,1.26780312817505
3324,1998,2,92,1928292.082700472,51.0,92.0,187158.41643310303,247339.65969692907,964146.041350236,1375322.8500594045,3.4245449258288785,4.211972059557622,142.36727873439435,242.61483687321245,/bdd/CORDEX-Adjust/bias-adjusted-output/EUR-11/CNRM/CNRM-CERFACS-CNRM-CM5/historical/r1i1p1/CNRM-ALADIN63/SBCK-CDFt-ERA5-1976-2005/day/tasmaxAdjust/v20260512/tasmaxAdjust_EUR-11_CNRM-CERFACS-CNRM-CM5_historical_r1i1p1_CNRM-ALADIN63_SBCK-CDFt-ERA5-1976-2005_day_19510101-20051231.nc,CNRM_CNRM-CERFACS-CNRM-CM5_rcp85_r1i1p1_CNRM-ALADIN63_SBCK-CDFt-ERA5-1976-2005_day_tasmaxAdjust_v20260512,noleap,92,0.24437669936859377
3325,1999,2,13,2399245.462099462,6.5,7.0,270877.9877236023,387089.7600369827,1199622.731049731,1652114.7427842054,6.25888174311493,10.21156430844849,38.70639004758026,61.26938585069095,/bdd/CORDEX-Adjust/bias-adjusted-output/EUR-11/CNRM/CNRM-CERFACS-CNRM-CM5/historical/r1i1p1/CNRM-ALADIN63/SBCK-CDFt-ERA5-1976-2005/day/tasmaxAdjust/v20260512/tasmaxAdjust_EUR-11_CNRM-CERFACS-CNRM-CM5_historical_r1i1p1_CNRM-ALADIN63_SBCK-CDFt-ERA5-1976-2005_day_19510101-20051231.nc,CNRM_CNRM-CERFACS-CNRM-CM5_rcp85_r1i1p1_CNRM-ALADIN63_SBCK-CDFt-ERA5-1976-2005_day_tasmaxAdjust_v20260512,noleap,92,0.3040616576000421
3326,2000,11,63,24391166.660935767,10.090909090909092,21.0,390235.7053889783,1666393.741686719,2217378.787357797,8583226.206168499,8.66455626145088,25.959992543087008,95.51520887964809,311.5199105170441,/bdd/CORDEX-Adjust/bias-adjusted-output/EUR-11/CNRM/CNRM-CERFACS-CNRM-CM5/historical/r1i1p1/CNRM-ALADIN63/SBCK-CDFt-ERA5-1976-2005/day/tasmaxAdjust/v20260512/tasmaxAdjust_EUR-11_CNRM-CERFACS-CNRM-CM5_historical_r1i1p1_CNRM-ALADIN63_SBCK-CDFt-ERA5-1976-2005_day_19510101-20051231.nc,CNRM_CNRM-CERFACS-CNRM-CM5_rcp85_r1i1p1_CNRM-ALADIN63_SBCK-CDFt-ERA5-1976-2005_day_tasmaxAdjust_v20260512,noleap,92,3.091146230295782
3327,2001,7,92,29932627.830430187,22.714285714285715,92.0,571085.3609186051,2430668.824783521,4276089.690061456,21201162.250685807,9.849156093744966,12.94441771892138,205.27253030448696,710.4464927513889,/bdd/CORDEX-Adjust/bias-adjusted-output/EUR-11/CNRM/CNRM-CERFACS-CNRM-CM5/historical/r1i1p1/CNRM-ALADIN63/SBCK-CDFt-ERA5-1976-2005/day/tasmaxAdjust/v20260512/tasmaxAdjust_EUR-11_CNRM-CERFACS-CNRM-CM5_historical_r1i1p1_CNRM-ALADIN63_SBCK-CDFt-ERA5-1976-2005_day_19510101-20051231.nc,CNRM_CNRM-CERFACS-CNRM-CM5_rcp85_r1i1p1_CNRM-ALADIN63_SBCK-CDFt-ERA5-1976-2005_day_tasmaxAdjust_v20260512,noleap,92,3.793427799789021
3328,2002,3,20,7102801.322327207,11.333333333333334,20.0,268386.2057913076,563489.6595026795,2367600.440775736,5941167.375915248,8.349154562341262,12.12577043543646,89.6482679424062,167.31038615590975,/bdd/CORDEX-Adjust/bias-adjusted-output/EUR-11/CNRM/CNRM-CERFACS-CNRM-CM5/historical/r1i1p1/CNRM-ALADIN63/SBCK-CDFt-ERA5-1976-2005/day/tasmaxAdjust/v20260512/tasmaxAdjust_EUR-11_CNRM-CERFACS-CNRM-CM5_historical_r1i1p1_CNRM-ALADIN63_SBCK-CDFt-ERA5-1976-2005_day_19510101-20051231.nc,CNRM_CNRM-CERFACS-CNRM-CM5_rcp85_r1i1p1_CNRM-ALADIN63_SBCK-CDFt-ERA5-1976-2005_day_tasmaxAdjust_v20260512,noleap,92,0.9001536432127888
3329,2003,10,69,19819613.19666783,10.1,18.0,318971.5410557831,1203039.4495164314,1981961.319666783,8826938.151301367,6.271814497539647,18.585978817009146,86.31210055441876,303.0807017069089,/bdd/CORDEX-Adjust/bias-adjusted-output/EUR-11/CNRM/CNRM-CERFACS-CNRM-CM5/historical/r1i1p1/CNRM-ALADIN63/SBCK-CDFt-ERA5-1976-2005/day/tasmaxAdjust/v20260512/tasmaxAdjust_EUR-11_CNRM-CERFACS-CNRM-CM5_historical_r1i1p1_CNRM-ALADIN63_SBCK-CDFt-ERA5-1976-2005_day_19510101-20051231.nc,CNRM_CNRM-CERFACS-CNRM-CM5_rcp85_r1i1p1_CNRM-ALADIN63_SBCK-CDFt-ERA5-1976-2005_day_tasmaxAdjust_v20260512,noleap,92,2.511783198829976
3330,2004,5,87,14512925.942640238,21.4,35.0,411121.7880719144,992741.9163562852,2902585.1885280474,8633047.261382625,13.243251634969177,52.284255835391065,370.66970484082816,1516.2434192263408,/bdd/CORDEX-Adjust/bias-adjusted-output/EUR-11/CNRM/CNRM-CERFACS-CNRM-CM5/historical/r1i1p1/CNRM-ALADIN63/SBCK-CDFt-ERA5-1976-2005/day/tasmaxAdjust/v20260512/tasmaxAdjust_EUR-11_CNRM-CERFACS-CNRM-CM5_historical_r1i1p1_CNRM-ALADIN63_SBCK-CDFt-ERA5-1976-2005_day_19510101-20051231.nc,CNRM_CNRM-CERFACS-CNRM-CM5_rcp85_r1i1p1_CNRM-ALADIN63_SBCK-CDFt-ERA5-1976-2005_day_tasmaxAdjust_v20260512,noleap,92,1.8392550443273104
3331,2005,8,73,23381744.55464889,10.375,16.0,470240.75936731405,1443633.341249878,2922718.0693311114,9908788.019673526,6.993895357847805,21.549452300293108,89.8598573339433,344.79123680468973,/bdd/CORDEX-Adjust/bias-adjusted-output/EUR-11/CNRM/CNRM-CERFACS-CNRM-CM5/historical/r1i1p1/CNRM-ALADIN63/SBCK-CDFt-ERA5-1976-2005/day/tasmaxAdjust/v20260512/tasmaxAdjust_EUR-11_CNRM-CERFACS-CNRM-CM5_historical_r1i1p1_CNRM-ALADIN63_SBCK-CDFt-ERA5-1976-2005_day_19510101-20051231.nc,CNRM_CNRM-CERFACS-CNRM-CM5_rcp85_r1i1p1_CNRM-ALADIN63_SBCK-CDFt-ERA5-1976-2005_day_tasmaxAdjust_v20260512,noleap,92,2.963219945259845
3332,2006,7,92,10690270.195395386,20.142857142857142,92.0,301134.36170544283,524755.4949064752,1527181.4564850552,2851633.546677422,7.998111682894163,23.181352357504736,75.23005964946678,208.63217121754263,/bdd/CORDEX-Adjust/bias-adjusted-output/EUR-11/CNRM/CNRM-CERFACS-CNRM-CM5/rcp85/r1i1p1/CNRM-ALADIN63/SBCK-CDFt-ERA5-1976-2005/day/tasmaxAdjust/v20260512/tasmaxAdjust_EUR-11_CNRM-CERFACS-CNRM-CM5_rcp85_r1i1p1_CNRM-ALADIN63_SBCK-CDFt-ERA5-1976-2005_day_20060101-21001231.nc,CNRM_CNRM-CERFACS-CNRM-CM5_rcp85_r1i1p1_CNRM-ALADIN63_SBCK-CDFt-ERA5-1976-2005_day_tasmaxAdjust_v20260512,noleap,92,1.3548014686916998
3333,2007,7,92,16317193.733436553,21.714285714285715,92.0,427599.6449877204,1072242.8910396972,2331027.676205222,7160738.614255875,7.984133380844341,19.28185271983409,120.44589241355293,366.3552016768478,/bdd/CORDEX-Adjust/bias-adjusted-output/EUR-11/CNRM/CNRM-CERFACS-CNRM-CM5/rcp85/r1i1p1/CNRM-ALADIN63/SBCK-CDFt-ERA5-1976-2005/day/tasmaxAdjust/v20260512/tasmaxAdjust_EUR-11_CNRM-CERFACS-CNRM-CM5_rcp85_r1i1p1_CNRM-ALADIN63_SBCK-CDFt-ERA5-1976-2005_day_20060101-21001231.nc,CNRM_CNRM-CERFACS-CNRM-CM5_rcp85_r1i1p1_CNRM-ALADIN63_SBCK-CDFt-ERA5-1976-2005_day_tasmaxAdjust_v20260512,noleap,92,2.067913872233911
3334,2008,6,92,16821717.482489873,23.666666666666668,92.0,407842.4934523789,1227187.78693629,2803619.580414979,10477072.048281385,11.732463392693916,36.64849137568351,140.1173736895652,312.8050363718954,/bdd/CORDEX-Adjust/bias-adjusted-output/EUR-11/CNRM/CNRM-CERFACS-CNRM-CM5/rcp85/r1i1p1/CNRM-ALADIN63/SBCK-CDFt-ERA5-1976-2005/day/tasmaxAdjust/v20260512/tasmaxAdjust_EUR-11_CNRM-CERFACS-CNRM-CM5_rcp85_r1i1p1_CNRM-ALADIN63_SBCK-CDFt-ERA5-1976-2005_day_20060101-21001231.nc,CNRM_CNRM-CERFACS-CNRM-CM5_rcp85_r1i1p1_CNRM-ALADIN63_SBCK-CDFt-ERA5-1976-2005_day_tasmaxAdjust_v20260512,noleap,92,2.1318532772923255
3335,2009,3,92,21581167.685029343,56.0,92.0,1104868.1556853123,1639669.8080929914,7193722.561676447,11981101.016802557,13.94362433345234,15.290734512751206,764.385571936476,1388.651041612285,/bdd/CORDEX-Adjust/bias-adjusted-output/EUR-11/CNRM/CNRM-CERFACS-CNRM-CM5/rcp85/r1i1p1/CNRM-ALADIN63/SBCK-CDFt-ERA5-1976-2005/day/tasmaxAdjust/v20260512/tasmaxAdjust_EUR-11_CNRM-CERFACS-CNRM-CM5_rcp85_r1i1p1_CNRM-ALADIN63_SBCK-CDFt-ERA5-1976-2005_day_20060101-21001231.nc,CNRM_CNRM-CERFACS-CNRM-CM5_rcp85_r1i1p1_CNRM-ALADIN63_SBCK-CDFt-ERA5-1976-2005_day_tasmaxAdjust_v20260512,noleap,92,2.7350288759168464
3336,2010,4,78,24991983.104532752,31.5,69.0,623299.5764651197,2079060.7559663071,6247995.776133188,22865488.47100585,4.458904208623931,9.456297235445849,140.9071758019705,397.1644838887256,/bdd/CORDEX-Adjust/bias-adjusted-output/EUR-11/CNRM/CNRM-CERFACS-CNRM-CM5/rcp85/r1i1p1/CNRM-ALADIN63/SBCK-CDFt-ERA5-1976-2005/day/tasmaxAdjust/v20260512/tasmaxAdjust_EUR-11_CNRM-CERFACS-CNRM-CM5_rcp85_r1i1p1_CNRM-ALADIN63_SBCK-CDFt-ERA5-1976-2005_day_20060101-21001231.nc,CNRM_CNRM-CERFACS-CNRM-CM5_rcp85_r1i1p1_CNRM-ALADIN63_SBCK-CDFt-ERA5-1976-2005_day_tasmaxAdjust_v20260512,noleap,92,3.1672890204518183
3337,2011,4,67,5855794.031387284,21.0,58.0,269369.74507394515,393727.7292040298,1463948.507846821,1791642.8890019446,10.136923395932564,33.669623013841495,94.64079708304295,303.02660712457345,/bdd/CORDEX-Adjust/bias-adjusted-output/EUR-11/CNRM/CNRM-CERFACS-CNRM-CM5/rcp85/r1i1p1/CNRM-ALADIN63/SBCK-CDFt-ERA5-1976-2005/day/tasmaxAdjust/v20260512/tasmaxAdjust_EUR-11_CNRM-CERFACS-CNRM-CM5_rcp85_r1i1p1_CNRM-ALADIN63_SBCK-CDFt-ERA5-1976-2005_day_20060101-21001231.nc,CNRM_CNRM-CERFACS-CNRM-CM5_rcp85_r1i1p1_CNRM-ALADIN63_SBCK-CDFt-ERA5-1976-2005_day_tasmaxAdjust_v20260512,noleap,92,0.7421176648553511
3338,2012,2,23,3350752.228813568,11.5,15.0,269117.7971283464,458121.2625020633,1675376.1144067838,2941390.3168714987,16.923213067447968,30.183186537590394,241.0268574211501,452.7477980638559,/bdd/CORDEX-Adjust/bias-adjusted-output/EUR-11/CNRM/CNRM-CERFACS-CNRM-CM5/rcp85/r1i1p1/CNRM-ALADIN63/SBCK-CDFt-ERA5-1976-2005/day/tasmaxAdjust/v20260512/tasmaxAdjust_EUR-11_CNRM-CERFACS-CNRM-CM5_rcp85_r1i1p1_CNRM-ALADIN63_SBCK-CDFt-ERA5-1976-2005_day_20060101-21001231.nc,CNRM_CNRM-CERFACS-CNRM-CM5_rcp85_r1i1p1_CNRM-ALADIN63_SBCK-CDFt-ERA5-1976-2005_day_tasmaxAdjust_v20260512,noleap,92,0.4246482041935619
3339,2013,7,57,20774516.703048684,9.714285714285714,14.0,555182.0922906159,1233453.1647387638,2967788.100435526,5954642.911761018,17.45506441826315,47.80727420516433,205.953193567425,573.687290461972,/bdd/CORDEX-Adjust/bias-adjusted-output/EUR-11/CNRM/CNRM-CERFACS-CNRM-CM5/rcp85/r1i1p1/CNRM-ALADIN63/SBCK-CDFt-ERA5-1976-2005/day/tasmaxAdjust/v20260512/tasmaxAdjust_EUR-11_CNRM-CERFACS-CNRM-CM5_rcp85_r1i1p1_CNRM-ALADIN63_SBCK-CDFt-ERA5-1976-2005_day_20060101-21001231.nc,CNRM_CNRM-CERFACS-CNRM-CM5_rcp85_r1i1p1_CNRM-ALADIN63_SBCK-CDFt-ERA5-1976-2005_day_tasmaxAdjust_v20260512,noleap,92,2.632800221716906
3340,2014,9,92,25346811.298070364,17.22222222222222,92.0,420045.4517482645,1726514.7851606417,2816312.3664522627,15008617.640336055,10.766879894511684,37.79719332504538,151.7843894250402,450.6358594595548,/bdd/CORDEX-Adjust/bias-adjusted-output/EUR-11/CNRM/CNRM-CERFACS-CNRM-CM5/rcp85/r1i1p1/CNRM-ALADIN63/SBCK-CDFt-ERA5-1976-2005/day/tasmaxAdjust/v20260512/tasmaxAdjust_EUR-11_CNRM-CERFACS-CNRM-CM5_rcp85_r1i1p1_CNRM-ALADIN63_SBCK-CDFt-ERA5-1976-2005_day_20060101-21001231.nc,CNRM_CNRM-CERFACS-CNRM-CM5_rcp85_r1i1p1_CNRM-ALADIN63_SBCK-CDFt-ERA5-1976-2005_day_tasmaxAdjust_v20260512,noleap,92,3.212257178314193
3341,2015,3,57,47773121.314022966,21.0,42.0,1365340.8438271056,3858351.762906908,15924373.771340989,46695288.63627869,5.048779001690504,5.921445087020715,107.6260778694934,231.74073115759057,/bdd/CORDEX-Adjust/bias-adjusted-output/EUR-11/CNRM/CNRM-CERFACS-CNRM-CM5/rcp85/r1i1p1/CNRM-ALADIN63/SBCK-CDFt-ERA5-1976-2005/day/tasmaxAdjust/v20260512/tasmaxAdjust_EUR-11_CNRM-CERFACS-CNRM-CM5_rcp85_r1i1p1_CNRM-ALADIN63_SBCK-CDFt-ERA5-1976-2005_day_20060101-21001231.nc,CNRM_CNRM-CERFACS-CNRM-CM5_rcp85_r1i1p1_CNRM-ALADIN63_SBCK-CDFt-ERA5-1976-2005_day_tasmaxAdjust_v20260512,noleap,92,6.054392801793093
3342,2016,7,64,7542738.645068214,13.857142857142858,36.0,174721.163343876,391561.527447358,1077534.092152602,3461062.473966467,8.20392141168143,21.2338340472302,101.4202630667048,237.77556652434,/bdd/CORDEX-Adjust/bias-adjusted-output/EUR-11/CNRM/CNRM-CERFACS-CNRM-CM5/rcp85/r1i1p1/CNRM-ALADIN63/SBCK-CDFt-ERA5-1976-2005/day/tasmaxAdjust/v20260512/tasmaxAdjust_EUR-11_CNRM-CERFACS-CNRM-CM5_rcp85_r1i1p1_CNRM-ALADIN63_SBCK-CDFt-ERA5-1976-2005_day_20060101-21001231.nc,CNRM_CNRM-CERFACS-CNRM-CM5_rcp85_r1i1p1_CNRM-ALADIN63_SBCK-CDFt-ERA5-1976-2005_day_tasmaxAdjust_v20260512,noleap,92,0.9559078683247543
3343,2017,8,92,29860076.890328106,22.125,92.0,604914.6583364493,2296662.2902076216,3732509.611291013,16664595.387265565,12.13269882934048,30.357090280024988,217.4343394302813,607.4997165583407,/bdd/CORDEX-Adjust/bias-adjusted-output/EUR-11/CNRM/CNRM-CERFACS-CNRM-CM5/rcp85/r1i1p1/CNRM-ALADIN63/SBCK-CDFt-ERA5-1976-2005/day/tasmaxAdjust/v20260512/tasmaxAdjust_EUR-11_CNRM-CERFACS-CNRM-CM5_rcp85_r1i1p1_CNRM-ALADIN63_SBCK-CDFt-ERA5-1976-2005_day_20060101-21001231.nc,CNRM_CNRM-CERFACS-CNRM-CM5_rcp85_r1i1p1_CNRM-ALADIN63_SBCK-CDFt-ERA5-1976-2005_day_tasmaxAdjust_v20260512,noleap,92,3.7842332594819292
3344,2018,5,36,2952388.509129246,8.2,15.0,133798.46002935496,217200.6707358176,590477.7018258492,974404.0842387368,8.252877483056292,12.769086751473976,63.901338029509006,106.37530315045824,/bdd/CORDEX-Adjust/bias-adjusted-output/EUR-11/CNRM/CNRM-CERFACS-CNRM-CM5/rcp85/r1i1p1/CNRM-ALADIN63/SBCK-CDFt-ERA5-1976-2005/day/tasmaxAdjust/v20260512/tasmaxAdjust_EUR-11_CNRM-CERFACS-CNRM-CM5_rcp85_r1i1p1_CNRM-ALADIN63_SBCK-CDFt-ERA5-1976-2005_day_20060101-21001231.nc,CNRM_CNRM-CERFACS-CNRM-CM5_rcp85_r1i1p1_CNRM-ALADIN63_SBCK-CDFt-ERA5-1976-2005_day_tasmaxAdjust_v20260512,noleap,92,0.3741626932909213
3345,2019,6,55,13391445.138353726,12.166666666666666,22.0,395467.5942094845,956358.0663005183,2231907.523058954,6608275.513118018,16.447742205285504,39.09849298434529,201.42593760420132,430.08342282779824,/bdd/CORDEX-Adjust/bias-adjusted-output/EUR-11/CNRM/CNRM-CERFACS-CNRM-CM5/rcp85/r1i1p1/CNRM-ALADIN63/SBCK-CDFt-ERA5-1976-2005/day/tasmaxAdjust/v20260512/tasmaxAdjust_EUR-11_CNRM-CERFACS-CNRM-CM5_rcp85_r1i1p1_CNRM-ALADIN63_SBCK-CDFt-ERA5-1976-2005_day_20060101-21001231.nc,CNRM_CNRM-CERFACS-CNRM-CM5_rcp85_r1i1p1_CNRM-ALADIN63_SBCK-CDFt-ERA5-1976-2005_day_tasmaxAdjust_v20260512,noleap,92,1.6971273138784246
3346,2020,4,44,25157741.6898577,13.5,17.0,1094416.2307387744,2053134.2436045508,6289435.422464425,9983105.93839354,29.25204123905445,83.39049786401488,470.21686242623184,1417.6384636882528,/bdd/CORDEX-Adjust/bias-adjusted-output/EUR-11/CNRM/CNRM-CERFACS-CNRM-CM5/rcp85/r1i1p1/CNRM-ALADIN63/SBCK-CDFt-ERA5-1976-2005/day/tasmaxAdjust/v20260512/tasmaxAdjust_EUR-11_CNRM-CERFACS-CNRM-CM5_rcp85_r1i1p1_CNRM-ALADIN63_SBCK-CDFt-ERA5-1976-2005_day_20060101-21001231.nc,CNRM_CNRM-CERFACS-CNRM-CM5_rcp85_r1i1p1_CNRM-ALADIN63_SBCK-CDFt-ERA5-1976-2005_day_tasmaxAdjust_v20260512,noleap,92,3.1882959707666214
3347,2021,5,62,23580401.958068687,15.6,36.0,622605.662306313,2004879.1254727973,4716080.391613738,16808589.368223626,7.597028235564418,16.176050042917613,171.31790731985473,582.337801545034,/bdd/CORDEX-Adjust/bias-adjusted-output/EUR-11/CNRM/CNRM-CERFACS-CNRM-CM5/rcp85/r1i1p1/CNRM-ALADIN63/SBCK-CDFt-ERA5-1976-2005/day/tasmaxAdjust/v20260512/tasmaxAdjust_EUR-11_CNRM-CERFACS-CNRM-CM5_rcp85_r1i1p1_CNRM-ALADIN63_SBCK-CDFt-ERA5-1976-2005_day_20060101-21001231.nc,CNRM_CNRM-CERFACS-CNRM-CM5_rcp85_r1i1p1_CNRM-ALADIN63_SBCK-CDFt-ERA5-1976-2005_day_tasmaxAdjust_v20260512,noleap,92,2.988396235194551
3348,2022,8,92,33770683.35378357,25.875,92.0,550697.3988272566,2890354.324328066,4221335.419222946,26531860.88555307,6.337802558300997,16.799744258877507,185.34706881486883,1075.1836325681604,/bdd/CORDEX-Adjust/bias-adjusted-output/EUR-11/CNRM/CNRM-CERFACS-CNRM-CM5/rcp85/r1i1p1/CNRM-ALADIN63/SBCK-CDFt-ERA5-1976-2005/day/tasmaxAdjust/v20260512/tasmaxAdjust_EUR-11_CNRM-CERFACS-CNRM-CM5_rcp85_r1i1p1_CNRM-ALADIN63_SBCK-CDFt-ERA5-1976-2005_day_20060101-21001231.nc,CNRM_CNRM-CERFACS-CNRM-CM5_rcp85_r1i1p1_CNRM-ALADIN63_SBCK-CDFt-ERA5-1976-2005_day_tasmaxAdjust_v20260512,noleap,92,4.279833022942236
3349,2023,4,92,11177795.764318584,32.0,92.0,485831.1935580832,617861.3628225018,2794448.941079646,3789467.906769268,15.02691333530954,43.345321599442784,219.96752227547444,693.5251455910845,/bdd/CORDEX-Adjust/bias-adjusted-output/EUR-11/CNRM/CNRM-CERFACS-CNRM-CM5/rcp85/r1i1p1/CNRM-ALADIN63/SBCK-CDFt-ERA5-1976-2005/day/tasmaxAdjust/v20260512/tasmaxAdjust_EUR-11_CNRM-CERFACS-CNRM-CM5_rcp85_r1i1p1_CNRM-ALADIN63_SBCK-CDFt-ERA5-1976-2005_day_20060101-21001231.nc,CNRM_CNRM-CERFACS-CNRM-CM5_rcp85_r1i1p1_CNRM-ALADIN63_SBCK-CDFt-ERA5-1976-2005_day_tasmaxAdjust_v20260512,noleap,92,1.4165866569731336
3350,2024,1,92,30655825.70996117,92.0,92.0,3822129.2357606334,3822129.2357606334,30655825.70996117,30655825.70996117,9.087852036552125,9.087852036552125,836.0823873627953,836.0823873627953,/bdd/CORDEX-Adjust/bias-adjusted-output/EUR-11/CNRM/CNRM-CERFACS-CNRM-CM5/rcp85/r1i1p1/CNRM-ALADIN63/SBCK-CDFt-ERA5-1976-2005/day/tasmaxAdjust/v20260512/tasmaxAdjust_EUR-11_CNRM-CERFACS-CNRM-CM5_rcp85_r1i1p1_CNRM-ALADIN63_SBCK-CDFt-ERA5-1976-2005_day_20060101-21001231.nc,CNRM_CNRM-CERFACS-CNRM-CM5_rcp85_r1i1p1_CNRM-ALADIN63_SBCK-CDFt-ERA5-1976-2005_day_tasmaxAdjust_v20260512,noleap,92,3.8850802586544027
3351,2025,7,76,27423544.803489137,15.571428571428571,53.0,498773.9912527031,1930890.5583579107,3917649.257641305,20049652.32541895,10.766161496177077,21.555697712053085,134.75888122994468,328.7795829934403,/bdd/CORDEX-Adjust/bias-adjusted-output/EUR-11/CNRM/CNRM-CERFACS-CNRM-CM5/rcp85/r1i1p1/CNRM-ALADIN63/SBCK-CDFt-ERA5-1976-2005/day/tasmaxAdjust/v20260512/tasmaxAdjust_EUR-11_CNRM-CERFACS-CNRM-CM5_rcp85_r1i1p1_CNRM-ALADIN63_SBCK-CDFt-ERA5-1976-2005_day_20060101-21001231.nc,CNRM_CNRM-CERFACS-CNRM-CM5_rcp85_r1i1p1_CNRM-ALADIN63_SBCK-CDFt-ERA5-1976-2005_day_tasmaxAdjust_v20260512,noleap,92,3.4754461858693526
3352,2026,8,92,38740450.09043958,24.25,92.0,661827.9109956278,2668719.215943689,4842556.261304948,20278543.95699128,10.571906450996686,30.93647559082929,228.6790059069341,1020.9036944973666,/bdd/CORDEX-Adjust/bias-adjusted-output/EUR-11/CNRM/CNRM-CERFACS-CNRM-CM5/rcp85/r1i1p1/CNRM-ALADIN63/SBCK-CDFt-ERA5-1976-2005/day/tasmaxAdjust/v20260512/tasmaxAdjust_EUR-11_CNRM-CERFACS-CNRM-CM5_rcp85_r1i1p1_CNRM-ALADIN63_SBCK-CDFt-ERA5-1976-2005_day_20060101-21001231.nc,CNRM_CNRM-CERFACS-CNRM-CM5_rcp85_r1i1p1_CNRM-ALADIN63_SBCK-CDFt-ERA5-1976-2005_day_tasmaxAdjust_v20260512,noleap,92,4.909662498793729
3353,2027,4,63,68850290.8807707,19.25,57.0,1174693.4970534034,3943984.539182483,17212572.720192675,65525835.78272347,8.024277600409635,18.60344855125482,117.45980236836456,280.654635591435,/bdd/CORDEX-Adjust/bias-adjusted-output/EUR-11/CNRM/CNRM-CERFACS-CNRM-CM5/rcp85/r1i1p1/CNRM-ALADIN63/SBCK-CDFt-ERA5-1976-2005/day/tasmaxAdjust/v20260512/tasmaxAdjust_EUR-11_CNRM-CERFACS-CNRM-CM5_rcp85_r1i1p1_CNRM-ALADIN63_SBCK-CDFt-ERA5-1976-2005_day_20060101-21001231.nc,CNRM_CNRM-CERFACS-CNRM-CM5_rcp85_r1i1p1_CNRM-ALADIN63_SBCK-CDFt-ERA5-1976-2005_day_tasmaxAdjust_v20260512,noleap,92,8.725548886996016
3354,2028,7,59,22681612.382752307,10.0,21.0,525726.8759708368,1753465.849420339,3240230.3403931865,14020028.740814237,13.628658174359916,26.13074735859616,157.4670019941387,412.6531225239911,/bdd/CORDEX-Adjust/bias-adjusted-output/EUR-11/CNRM/CNRM-CERFACS-CNRM-CM5/rcp85/r1i1p1/CNRM-ALADIN63/SBCK-CDFt-ERA5-1976-2005/day/tasmaxAdjust/v20260512/tasmaxAdjust_EUR-11_CNRM-CERFACS-CNRM-CM5_rcp85_r1i1p1_CNRM-ALADIN63_SBCK-CDFt-ERA5-1976-2005_day_20060101-21001231.nc,CNRM_CNRM-CERFACS-CNRM-CM5_rcp85_r1i1p1_CNRM-ALADIN63_SBCK-CDFt-ERA5-1976-2005_day_tasmaxAdjust_v20260512,noleap,92,2.874490654285295
3355,2029,9,75,25807065.712185346,11.22222222222222,31.0,418826.5040835656,1520103.7392394478,2867451.745798372,14424675.0195017,7.416770404429656,16.583533142000306,90.2090517047997,231.1496302960652,/bdd/CORDEX-Adjust/bias-adjusted-output/EUR-11/CNRM/CNRM-CERFACS-CNRM-CM5/rcp85/r1i1p1/CNRM-ALADIN63/SBCK-CDFt-ERA5-1976-2005/day/tasmaxAdjust/v20260512/tasmaxAdjust_EUR-11_CNRM-CERFACS-CNRM-CM5_rcp85_r1i1p1_CNRM-ALADIN63_SBCK-CDFt-ERA5-1976-2005_day_20060101-21001231.nc,CNRM_CNRM-CERFACS-CNRM-CM5_rcp85_r1i1p1_CNRM-ALADIN63_SBCK-CDFt-ERA5-1976-2005_day_tasmaxAdjust_v20260512,noleap,92,3.270586233129234
3356,2030,8,92,36992760.06352394,26.75,92.0,654527.9172874439,2717921.908251444,4624095.007940493,16615375.343730325,8.842233725939584,37.3707454531744,285.993667449751,1719.0542908460225,/bdd/CORDEX-Adjust/bias-adjusted-output/EUR-11/CNRM/CNRM-CERFACS-CNRM-CM5/rcp85/r1i1p1/CNRM-ALADIN63/SBCK-CDFt-ERA5-1976-2005/day/tasmaxAdjust/v20260512/tasmaxAdjust_EUR-11_CNRM-CERFACS-CNRM-CM5_rcp85_r1i1p1_CNRM-ALADIN63_SBCK-CDFt-ERA5-1976-2005_day_20060101-21001231.nc,CNRM_CNRM-CERFACS-CNRM-CM5_rcp85_r1i1p1_CNRM-ALADIN63_SBCK-CDFt-ERA5-1976-2005_day_tasmaxAdjust_v20260512,noleap,92,4.688173895418389
3357,2031,11,64,17772800.77220539,10.363636363636363,17.0,317318.0475717065,1311533.705652719,1615709.161109581,7014158.415821415,6.736469716632033,11.253824240515778,65.51156498264187,101.69638324422309,/bdd/CORDEX-Adjust/bias-adjusted-output/EUR-11/CNRM/CNRM-CERFACS-CNRM-CM5/rcp85/r1i1p1/CNRM-ALADIN63/SBCK-CDFt-ERA5-1976-2005/day/tasmaxAdjust/v20260512/tasmaxAdjust_EUR-11_CNRM-CERFACS-CNRM-CM5_rcp85_r1i1p1_CNRM-ALADIN63_SBCK-CDFt-ERA5-1976-2005_day_20060101-21001231.nc,CNRM_CNRM-CERFACS-CNRM-CM5_rcp85_r1i1p1_CNRM-ALADIN63_SBCK-CDFt-ERA5-1976-2005_day_tasmaxAdjust_v20260512,noleap,92,2.2523861557138387
3358,2032,7,81,38619194.46885228,25.285714285714285,43.0,814765.2690319326,2461495.712399708,5517027.781264612,16266394.566175705,12.711573971371116,24.4484486554637,340.7985467516904,880.1441515966932,/bdd/CORDEX-Adjust/bias-adjusted-output/EUR-11/CNRM/CNRM-CERFACS-CNRM-CM5/rcp85/r1i1p1/CNRM-ALADIN63/SBCK-CDFt-ERA5-1976-2005/day/tasmaxAdjust/v20260512/tasmaxAdjust_EUR-11_CNRM-CERFACS-CNRM-CM5_rcp85_r1i1p1_CNRM-ALADIN63_SBCK-CDFt-ERA5-1976-2005_day_20060101-21001231.nc,CNRM_CNRM-CERFACS-CNRM-CM5_rcp85_r1i1p1_CNRM-ALADIN63_SBCK-CDFt-ERA5-1976-2005_day_tasmaxAdjust_v20260512,noleap,92,4.894295507014199
3359,2033,6,92,29028990.5982466,27.5,92.0,631060.5981640174,1959618.962913068,4838165.099707766,19092734.76643161,13.151622971713492,52.75055849018784,291.9060391541372,791.2583773528175,/bdd/CORDEX-Adjust/bias-adjusted-output/EUR-11/CNRM/CNRM-CERFACS-CNRM-CM5/rcp85/r1i1p1/CNRM-ALADIN63/SBCK-CDFt-ERA5-1976-2005/day/tasmaxAdjust/v20260512/tasmaxAdjust_EUR-11_CNRM-CERFACS-CNRM-CM5_rcp85_r1i1p1_CNRM-ALADIN63_SBCK-CDFt-ERA5-1976-2005_day_20060101-21001231.nc,CNRM_CNRM-CERFACS-CNRM-CM5_rcp85_r1i1p1_CNRM-ALADIN63_SBCK-CDFt-ERA5-1976-2005_day_tasmaxAdjust_v20260512,noleap,92,3.678907864656404
3360,2034,7,92,26961981.355271813,23.857142857142858,92.0,661368.3134051802,2190224.6169842444,3851711.622181688,13390569.783044605,9.130564152335724,29.606792181807133,173.30551966424338,450.1929474152827,/bdd/CORDEX-Adjust/bias-adjusted-output/EUR-11/CNRM/CNRM-CERFACS-CNRM-CM5/rcp85/r1i1p1/CNRM-ALADIN63/SBCK-CDFt-ERA5-1976-2005/day/tasmaxAdjust/v20260512/tasmaxAdjust_EUR-11_CNRM-CERFACS-CNRM-CM5_rcp85_r1i1p1_CNRM-ALADIN63_SBCK-CDFt-ERA5-1976-2005_day_20060101-21001231.nc,CNRM_CNRM-CERFACS-CNRM-CM5_rcp85_r1i1p1_CNRM-ALADIN63_SBCK-CDFt-ERA5-1976-2005_day_tasmaxAdjust_v20260512,noleap,92,3.4169512342816386
3361,2035,7,92,28074553.33107057,21.857142857142858,92.0,571937.785912885,1921555.5486259896,4010650.475867224,17195182.007640116,6.558477225663666,17.276077281688494,103.74811766283791,431.9019320422123,/bdd/CORDEX-Adjust/bias-adjusted-output/EUR-11/CNRM/CNRM-CERFACS-CNRM-CM5/rcp85/r1i1p1/CNRM-ALADIN63/SBCK-CDFt-ERA5-1976-2005/day/tasmaxAdjust/v20260512/tasmaxAdjust_EUR-11_CNRM-CERFACS-CNRM-CM5_rcp85_r1i1p1_CNRM-ALADIN63_SBCK-CDFt-ERA5-1976-2005_day_20060101-21001231.nc,CNRM_CNRM-CERFACS-CNRM-CM5_rcp85_r1i1p1_CNRM-ALADIN63_SBCK-CDFt-ERA5-1976-2005_day_tasmaxAdjust_v20260512,noleap,92,3.5579499292899857
3362,2036,7,92,25544244.88075714,31.857142857142858,92.0,515807.890732794,2090866.158495248,3649177.840108163,16608027.475824732,6.34384938989925,16.470201421579716,223.60806188376776,922.331279608464,/bdd/CORDEX-Adjust/bias-adjusted-output/EUR-11/CNRM/CNRM-CERFACS-CNRM-CM5/rcp85/r1i1p1/CNRM-ALADIN63/SBCK-CDFt-ERA5-1976-2005/day/tasmaxAdjust/v20260512/tasmaxAdjust_EUR-11_CNRM-CERFACS-CNRM-CM5_rcp85_r1i1p1_CNRM-ALADIN63_SBCK-CDFt-ERA5-1976-2005_day_20060101-21001231.nc,CNRM_CNRM-CERFACS-CNRM-CM5_rcp85_r1i1p1_CNRM-ALADIN63_SBCK-CDFt-ERA5-1976-2005_day_tasmaxAdjust_v20260512,noleap,92,3.237278370754055
3363,2037,6,92,40728120.269887365,28.166666666666668,92.0,813869.2548829451,4057598.869183205,6788020.044981227,35954386.5176835,3.752765241475539,5.710592557003189,130.37952885897394,525.3745152442933,/bdd/CORDEX-Adjust/bias-adjusted-output/EUR-11/CNRM/CNRM-CERFACS-CNRM-CM5/rcp85/r1i1p1/CNRM-ALADIN63/SBCK-CDFt-ERA5-1976-2005/day/tasmaxAdjust/v20260512/tasmaxAdjust_EUR-11_CNRM-CERFACS-CNRM-CM5_rcp85_r1i1p1_CNRM-ALADIN63_SBCK-CDFt-ERA5-1976-2005_day_20060101-21001231.nc,CNRM_CNRM-CERFACS-CNRM-CM5_rcp85_r1i1p1_CNRM-ALADIN63_SBCK-CDFt-ERA5-1976-2005_day_tasmaxAdjust_v20260512,noleap,92,5.161564315040662
3364,2038,11,92,33505351.667746183,21.09090909090909,92.0,480195.1055344358,1551212.7569325657,3045941.0607041987,9796491.73086178,7.76110069316234,16.046610442986605,98.59546697360548,198.6139321253437,/bdd/CORDEX-Adjust/bias-adjusted-output/EUR-11/CNRM/CNRM-CERFACS-CNRM-CM5/rcp85/r1i1p1/CNRM-ALADIN63/SBCK-CDFt-ERA5-1976-2005/day/tasmaxAdjust/v20260512/tasmaxAdjust_EUR-11_CNRM-CERFACS-CNRM-CM5_rcp85_r1i1p1_CNRM-ALADIN63_SBCK-CDFt-ERA5-1976-2005_day_20060101-21001231.nc,CNRM_CNRM-CERFACS-CNRM-CM5_rcp85_r1i1p1_CNRM-ALADIN63_SBCK-CDFt-ERA5-1976-2005_day_tasmaxAdjust_v20260512,noleap,92,4.24620695443662
3365,2039,7,92,67237165.23675561,23.142857142857142,92.0,1010879.4830326622,4627602.555203642,9605309.319536516,51596794.16076202,11.39349124542099,42.02093907952445,181.61032521536168,504.25126895429344,/bdd/CORDEX-Adjust/bias-adjusted-output/EUR-11/CNRM/CNRM-CERFACS-CNRM-CM5/rcp85/r1i1p1/CNRM-ALADIN63/SBCK-CDFt-ERA5-1976-2005/day/tasmaxAdjust/v20260512/tasmaxAdjust_EUR-11_CNRM-CERFACS-CNRM-CM5_rcp85_r1i1p1_CNRM-ALADIN63_SBCK-CDFt-ERA5-1976-2005_day_20060101-21001231.nc,CNRM_CNRM-CERFACS-CNRM-CM5_rcp85_r1i1p1_CNRM-ALADIN63_SBCK-CDFt-ERA5-1976-2005_day_tasmaxAdjust_v20260512,noleap,92,8.521113924010962
3366,2040,6,92,25850317.12664339,23.83333333333333,92.0,621789.3131901511,2032693.918814984,4308386.187773898,15120436.206777228,9.860840483952984,21.95876086637581,120.20944099578374,268.00561125697607,/bdd/CORDEX-Adjust/bias-adjusted-output/EUR-11/CNRM/CNRM-CERFACS-CNRM-CM5/rcp85/r1i1p1/CNRM-ALADIN63/SBCK-CDFt-ERA5-1976-2005/day/tasmaxAdjust/v20260512/tasmaxAdjust_EUR-11_CNRM-CERFACS-CNRM-CM5_rcp85_r1i1p1_CNRM-ALADIN63_SBCK-CDFt-ERA5-1976-2005_day_20060101-21001231.nc,CNRM_CNRM-CERFACS-CNRM-CM5_rcp85_r1i1p1_CNRM-ALADIN63_SBCK-CDFt-ERA5-1976-2005_day_tasmaxAdjust_v20260512,noleap,92,3.2760675800699306
3367,2041,8,92,35437005.314879425,26.0,92.0,652945.8787076741,1913383.335590159,4429625.664359928,16693411.089101097,10.891877125518834,26.14975816896714,270.83447554618834,961.2366399108276,/bdd/CORDEX-Adjust/bias-adjusted-output/EUR-11/CNRM/CNRM-CERFACS-CNRM-CM5/rcp85/r1i1p1/CNRM-ALADIN63/SBCK-CDFt-ERA5-1976-2005/day/tasmaxAdjust/v20260512/tasmaxAdjust_EUR-11_CNRM-CERFACS-CNRM-CM5_rcp85_r1i1p1_CNRM-ALADIN63_SBCK-CDFt-ERA5-1976-2005_day_20060101-21001231.nc,CNRM_CNRM-CERFACS-CNRM-CM5_rcp85_r1i1p1_CNRM-ALADIN63_SBCK-CDFt-ERA5-1976-2005_day_tasmaxAdjust_v20260512,noleap,92,4.491009672263811
3368,2042,4,92,31243158.302426785,44.75,92.0,943538.2803148088,2470239.487455761,7810789.575606696,22522323.011979457,8.30402127686642,12.87871403302531,310.6568863535098,856.6606285495013,/bdd/CORDEX-Adjust/bias-adjusted-output/EUR-11/CNRM/CNRM-CERFACS-CNRM-CM5/rcp85/r1i1p1/CNRM-ALADIN63/SBCK-CDFt-ERA5-1976-2005/day/tasmaxAdjust/v20260512/tasmaxAdjust_EUR-11_CNRM-CERFACS-CNRM-CM5_rcp85_r1i1p1_CNRM-ALADIN63_SBCK-CDFt-ERA5-1976-2005_day_20060101-21001231.nc,CNRM_CNRM-CERFACS-CNRM-CM5_rcp85_r1i1p1_CNRM-ALADIN63_SBCK-CDFt-ERA5-1976-2005_day_tasmaxAdjust_v20260512,noleap,92,3.959514210681702
3369,2043,9,73,15794269.313230744,15.88888888888889,35.0,286389.6031633605,539929.755112601,1754918.8125811936,4092724.408006737,6.041793833003899,9.711452103496576,107.47157454824126,333.16505287647453,/bdd/CORDEX-Adjust/bias-adjusted-output/EUR-11/CNRM/CNRM-CERFACS-CNRM-CM5/rcp85/r1i1p1/CNRM-ALADIN63/SBCK-CDFt-ERA5-1976-2005/day/tasmaxAdjust/v20260512/tasmaxAdjust_EUR-11_CNRM-CERFACS-CNRM-CM5_rcp85_r1i1p1_CNRM-ALADIN63_SBCK-CDFt-ERA5-1976-2005_day_20060101-21001231.nc,CNRM_CNRM-CERFACS-CNRM-CM5_rcp85_r1i1p1_CNRM-ALADIN63_SBCK-CDFt-ERA5-1976-2005_day_tasmaxAdjust_v20260512,noleap,92,2.001642509624691
3370,2044,8,87,67279510.6824877,19.75,79.0,640646.5413345238,3528406.5626297235,8409938.835310962,58507983.51046224,9.24592819348184,21.750794000612416,100.13532308003232,282.7603220079614,/bdd/CORDEX-Adjust/bias-adjusted-output/EUR-11/CNRM/CNRM-CERFACS-CNRM-CM5/rcp85/r1i1p1/CNRM-ALADIN63/SBCK-CDFt-ERA5-1976-2005/day/tasmaxAdjust/v20260512/tasmaxAdjust_EUR-11_CNRM-CERFACS-CNRM-CM5_rcp85_r1i1p1_CNRM-ALADIN63_SBCK-CDFt-ERA5-1976-2005_day_20060101-21001231.nc,CNRM_CNRM-CERFACS-CNRM-CM5_rcp85_r1i1p1_CNRM-ALADIN63_SBCK-CDFt-ERA5-1976-2005_day_tasmaxAdjust_v20260512,noleap,92,8.526480455541188
3371,2045,5,56,8100316.080536517,14.6,29.0,269368.8230976373,605455.9368747538,1620063.2161073035,4639066.3177139945,7.200090774784014,12.41831761229994,101.90348922292644,299.5123722772621,/bdd/CORDEX-Adjust/bias-adjusted-output/EUR-11/CNRM/CNRM-CERFACS-CNRM-CM5/rcp85/r1i1p1/CNRM-ALADIN63/SBCK-CDFt-ERA5-1976-2005/day/tasmaxAdjust/v20260512/tasmaxAdjust_EUR-11_CNRM-CERFACS-CNRM-CM5_rcp85_r1i1p1_CNRM-ALADIN63_SBCK-CDFt-ERA5-1976-2005_day_20060101-21001231.nc,CNRM_CNRM-CERFACS-CNRM-CM5_rcp85_r1i1p1_CNRM-ALADIN63_SBCK-CDFt-ERA5-1976-2005_day_tasmaxAdjust_v20260512,noleap,92,1.0265708838215173
3372,2046,5,86,42481523.66541692,27.0,52.0,1208344.2277708363,3985999.9899618425,8496304.733083384,29304944.968601927,21.96337169084308,47.31133179185632,507.301861917381,1346.4813983876186,/bdd/CORDEX-Adjust/bias-adjusted-output/EUR-11/CNRM/CNRM-CERFACS-CNRM-CM5/rcp85/r1i1p1/CNRM-ALADIN63/SBCK-CDFt-ERA5-1976-2005/day/tasmaxAdjust/v20260512/tasmaxAdjust_EUR-11_CNRM-CERFACS-CNRM-CM5_rcp85_r1i1p1_CNRM-ALADIN63_SBCK-CDFt-ERA5-1976-2005_day_20060101-21001231.nc,CNRM_CNRM-CERFACS-CNRM-CM5_rcp85_r1i1p1_CNRM-ALADIN63_SBCK-CDFt-ERA5-1976-2005_day_tasmaxAdjust_v20260512,noleap,92,5.383776986194255
3373,2047,10,92,39077160.09851147,22.3,92.0,632034.1931096833,1818127.7121211533,3907716.0098511474,13723581.595786478,17.310949465841368,45.22561721669746,302.137545348958,723.6098754671593,/bdd/CORDEX-Adjust/bias-adjusted-output/EUR-11/CNRM/CNRM-CERFACS-CNRM-CM5/rcp85/r1i1p1/CNRM-ALADIN63/SBCK-CDFt-ERA5-1976-2005/day/tasmaxAdjust/v20260512/tasmaxAdjust_EUR-11_CNRM-CERFACS-CNRM-CM5_rcp85_r1i1p1_CNRM-ALADIN63_SBCK-CDFt-ERA5-1976-2005_day_20060101-21001231.nc,CNRM_CNRM-CERFACS-CNRM-CM5_rcp85_r1i1p1_CNRM-ALADIN63_SBCK-CDFt-ERA5-1976-2005_day_tasmaxAdjust_v20260512,noleap,92,4.952334499138068
3374,2048,4,92,18064952.294698417,39.75,92.0,780954.93838318,1404349.8965512211,4516238.073674604,8241640.132348173,14.808570235796804,40.72506507080363,319.9224938833417,936.6764966284836,/bdd/CORDEX-Adjust/bias-adjusted-output/EUR-11/CNRM/CNRM-CERFACS-CNRM-CM5/rcp85/r1i1p1/CNRM-ALADIN63/SBCK-CDFt-ERA5-1976-2005/day/tasmaxAdjust/v20260512/tasmaxAdjust_EUR-11_CNRM-CERFACS-CNRM-CM5_rcp85_r1i1p1_CNRM-ALADIN63_SBCK-CDFt-ERA5-1976-2005_day_20060101-21001231.nc,CNRM_CNRM-CERFACS-CNRM-CM5_rcp85_r1i1p1_CNRM-ALADIN63_SBCK-CDFt-ERA5-1976-2005_day_tasmaxAdjust_v20260512,noleap,92,2.2894111611177763
3375,2049,7,89,40590524.905592695,28.285714285714285,70.0,858211.6025456464,3381484.8867359506,5798646.41508467,23452567.3559444,7.930143764124514,19.398703421274405,324.5644586237925,1357.9092394892084,/bdd/CORDEX-Adjust/bias-adjusted-output/EUR-11/CNRM/CNRM-CERFACS-CNRM-CM5/rcp85/r1i1p1/CNRM-ALADIN63/SBCK-CDFt-ERA5-1976-2005/day/tasmaxAdjust/v20260512/tasmaxAdjust_EUR-11_CNRM-CERFACS-CNRM-CM5_rcp85_r1i1p1_CNRM-ALADIN63_SBCK-CDFt-ERA5-1976-2005_day_20060101-21001231.nc,CNRM_CNRM-CERFACS-CNRM-CM5_rcp85_r1i1p1_CNRM-ALADIN63_SBCK-CDFt-ERA5-1976-2005_day_tasmaxAdjust_v20260512,noleap,92,5.1441265517078065
3376,2050,3,92,123624031.06642978,36.66666666666666,92.0,2412152.4587062025,6893124.796443196,41208010.3554766,121931030.6321491,10.871909108449438,15.933122134087409,272.3020920007543,574.0298524771399,/bdd/CORDEX-Adjust/bias-adjusted-output/EUR-11/CNRM/CNRM-CERFACS-CNRM-CM5/rcp85/r1i1p1/CNRM-ALADIN63/SBCK-CDFt-ERA5-1976-2005/day/tasmaxAdjust/v20260512/tasmaxAdjust_EUR-11_CNRM-CERFACS-CNRM-CM5_rcp85_r1i1p1_CNRM-ALADIN63_SBCK-CDFt-ERA5-1976-2005_day_20060101-21001231.nc,CNRM_CNRM-CERFACS-CNRM-CM5_rcp85_r1i1p1_CNRM-ALADIN63_SBCK-CDFt-ERA5-1976-2005_day_tasmaxAdjust_v20260512,noleap,92,15.667145525145711
3377,2051,8,92,33194004.64306995,19.375,56.0,562129.4300108083,1778012.5386169136,4149250.580383744,17062632.350271862,14.17924908372265,28.69675462021533,317.6201745511938,896.6221821507671,/bdd/CORDEX-Adjust/bias-adjusted-output/EUR-11/CNRM/CNRM-CERFACS-CNRM-CM5/rcp85/r1i1p1/CNRM-ALADIN63/SBCK-CDFt-ERA5-1976-2005/day/tasmaxAdjust/v20260512/tasmaxAdjust_EUR-11_CNRM-CERFACS-CNRM-CM5_rcp85_r1i1p1_CNRM-ALADIN63_SBCK-CDFt-ERA5-1976-2005_day_20060101-21001231.nc,CNRM_CNRM-CERFACS-CNRM-CM5_rcp85_r1i1p1_CNRM-ALADIN63_SBCK-CDFt-ERA5-1976-2005_day_tasmaxAdjust_v20260512,noleap,92,4.206749260796114
3378,2052,8,88,18327982.13140232,23.75,52.0,330475.92536693416,985643.560586279,2290997.76642529,7131247.74768061,14.89718927593884,35.68139627256839,426.7585485955676,1498.6186434478725,/bdd/CORDEX-Adjust/bias-adjusted-output/EUR-11/CNRM/CNRM-CERFACS-CNRM-CM5/rcp85/r1i1p1/CNRM-ALADIN63/SBCK-CDFt-ERA5-1976-2005/day/tasmaxAdjust/v20260512/tasmaxAdjust_EUR-11_CNRM-CERFACS-CNRM-CM5_rcp85_r1i1p1_CNRM-ALADIN63_SBCK-CDFt-ERA5-1976-2005_day_20060101-21001231.nc,CNRM_CNRM-CERFACS-CNRM-CM5_rcp85_r1i1p1_CNRM-ALADIN63_SBCK-CDFt-ERA5-1976-2005_day_tasmaxAdjust_v20260512,noleap,92,2.322745511191517
3379,2053,10,92,56468630.56287289,24.4,80.0,719623.3129553763,3034475.762138085,5646863.056287289,28476024.40390378,11.350696546616971,32.05387118604321,391.36710379248257,1698.8551728602902,/bdd/CORDEX-Adjust/bias-adjusted-output/EUR-11/CNRM/CNRM-CERFACS-CNRM-CM5/rcp85/r1i1p1/CNRM-ALADIN63/SBCK-CDFt-ERA5-1976-2005/day/tasmaxAdjust/v20260512/tasmaxAdjust_EUR-11_CNRM-CERFACS-CNRM-CM5_rcp85_r1i1p1_CNRM-ALADIN63_SBCK-CDFt-ERA5-1976-2005_day_20060101-21001231.nc,CNRM_CNRM-CERFACS-CNRM-CM5_rcp85_r1i1p1_CNRM-ALADIN63_SBCK-CDFt-ERA5-1976-2005_day_tasmaxAdjust_v20260512,noleap,92,7.15639382571842
3380,2054,6,92,127627560.27655368,21.33333333333333,92.0,1475598.7819704374,7403450.454434149,21271260.046092283,120764923.81974064,6.781977134016615,22.68242602401938,141.8952759523739,591.3496730242578,/bdd/CORDEX-Adjust/bias-adjusted-output/EUR-11/CNRM/CNRM-CERFACS-CNRM-CM5/rcp85/r1i1p1/CNRM-ALADIN63/SBCK-CDFt-ERA5-1976-2005/day/tasmaxAdjust/v20260512/tasmaxAdjust_EUR-11_CNRM-CERFACS-CNRM-CM5_rcp85_r1i1p1_CNRM-ALADIN63_SBCK-CDFt-ERA5-1976-2005_day_20060101-21001231.nc,CNRM_CNRM-CERFACS-CNRM-CM5_rcp85_r1i1p1_CNRM-ALADIN63_SBCK-CDFt-ERA5-1976-2005_day_tasmaxAdjust_v20260512,noleap,92,16.174521592792928
3381,2055,8,92,71569547.46654688,23.0,92.0,1078110.5194724132,4266775.978303622,8946193.43331836,49173434.20035793,20.802222395752832,68.51470142948223,384.8113012574862,1233.26462573068,/bdd/CORDEX-Adjust/bias-adjusted-output/EUR-11/CNRM/CNRM-CERFACS-CNRM-CM5/rcp85/r1i1p1/CNRM-ALADIN63/SBCK-CDFt-ERA5-1976-2005/day/tasmaxAdjust/v20260512/tasmaxAdjust_EUR-11_CNRM-CERFACS-CNRM-CM5_rcp85_r1i1p1_CNRM-ALADIN63_SBCK-CDFt-ERA5-1976-2005_day_20060101-21001231.nc,CNRM_CNRM-CERFACS-CNRM-CM5_rcp85_r1i1p1_CNRM-ALADIN63_SBCK-CDFt-ERA5-1976-2005_day_tasmaxAdjust_v20260512,noleap,92,9.070166258570588
3382,2056,6,92,104053491.64033878,25.666666666666668,92.0,1674084.2578965232,7657305.191366792,17342248.60672313,89583000.70352903,9.959334701645204,13.78588344063344,296.397831852711,1132.897796595619,/bdd/CORDEX-Adjust/bias-adjusted-output/EUR-11/CNRM/CNRM-CERFACS-CNRM-CM5/rcp85/r1i1p1/CNRM-ALADIN63/SBCK-CDFt-ERA5-1976-2005/day/tasmaxAdjust/v20260512/tasmaxAdjust_EUR-11_CNRM-CERFACS-CNRM-CM5_rcp85_r1i1p1_CNRM-ALADIN63_SBCK-CDFt-ERA5-1976-2005_day_20060101-21001231.nc,CNRM_CNRM-CERFACS-CNRM-CM5_rcp85_r1i1p1_CNRM-ALADIN63_SBCK-CDFt-ERA5-1976-2005_day_tasmaxAdjust_v20260512,noleap,92,13.186927993415097
3383,2057,12,89,27740355.18714567,20.416666666666668,54.0,364207.43235221057,1188100.9494064625,2311696.2655954724,8945407.910376454,9.71414385474226,38.499160554402486,253.29059051710595,1847.95970661132,/bdd/CORDEX-Adjust/bias-adjusted-output/EUR-11/CNRM/CNRM-CERFACS-CNRM-CM5/rcp85/r1i1p1/CNRM-ALADIN63/SBCK-CDFt-ERA5-1976-2005/day/tasmaxAdjust/v20260512/tasmaxAdjust_EUR-11_CNRM-CERFACS-CNRM-CM5_rcp85_r1i1p1_CNRM-ALADIN63_SBCK-CDFt-ERA5-1976-2005_day_20060101-21001231.nc,CNRM_CNRM-CERFACS-CNRM-CM5_rcp85_r1i1p1_CNRM-ALADIN63_SBCK-CDFt-ERA5-1976-2005_day_tasmaxAdjust_v20260512,noleap,92,3.5155962630170308
3384,2058,7,92,53961439.96502685,33.0,92.0,990034.659415854,4100019.7035067407,7708777.137860978,33183592.149645235,12.13251981665537,31.610752031087724,522.6405932255574,2023.0881299896143,/bdd/CORDEX-Adjust/bias-adjusted-output/EUR-11/CNRM/CNRM-CERFACS-CNRM-CM5/rcp85/r1i1p1/CNRM-ALADIN63/SBCK-CDFt-ERA5-1976-2005/day/tasmaxAdjust/v20260512/tasmaxAdjust_EUR-11_CNRM-CERFACS-CNRM-CM5_rcp85_r1i1p1_CNRM-ALADIN63_SBCK-CDFt-ERA5-1976-2005_day_20060101-21001231.nc,CNRM_CNRM-CERFACS-CNRM-CM5_rcp85_r1i1p1_CNRM-ALADIN63_SBCK-CDFt-ERA5-1976-2005_day_tasmaxAdjust_v20260512,noleap,92,6.838652043502765
3385,2059,10,92,37478550.137848586,27.8,92.0,438446.51822825626,2033060.366865735,3747855.0137848575,21723520.767104007,4.576082456442227,10.526983451255676,174.61504946746828,736.712613839626,/bdd/CORDEX-Adjust/bias-adjusted-output/EUR-11/CNRM/CNRM-CERFACS-CNRM-CM5/rcp85/r1i1p1/CNRM-ALADIN63/SBCK-CDFt-ERA5-1976-2005/day/tasmaxAdjust/v20260512/tasmaxAdjust_EUR-11_CNRM-CERFACS-CNRM-CM5_rcp85_r1i1p1_CNRM-ALADIN63_SBCK-CDFt-ERA5-1976-2005_day_20060101-21001231.nc,CNRM_CNRM-CERFACS-CNRM-CM5_rcp85_r1i1p1_CNRM-ALADIN63_SBCK-CDFt-ERA5-1976-2005_day_tasmaxAdjust_v20260512,noleap,92,4.749739140649924
3386,2060,5,92,103100628.54759432,38.2,92.0,1216422.6149167796,5542434.452212784,20620125.709518865,99870971.7378838,3.9458579114213137,8.942635618967255,187.3541106831683,822.7224769449874,/bdd/CORDEX-Adjust/bias-adjusted-output/EUR-11/CNRM/CNRM-CERFACS-CNRM-CM5/rcp85/r1i1p1/CNRM-ALADIN63/SBCK-CDFt-ERA5-1976-2005/day/tasmaxAdjust/v20260512/tasmaxAdjust_EUR-11_CNRM-CERFACS-CNRM-CM5_rcp85_r1i1p1_CNRM-ALADIN63_SBCK-CDFt-ERA5-1976-2005_day_20060101-21001231.nc,CNRM_CNRM-CERFACS-CNRM-CM5_rcp85_r1i1p1_CNRM-ALADIN63_SBCK-CDFt-ERA5-1976-2005_day_tasmaxAdjust_v20260512,noleap,92,13.066169556638787
3387,2061,5,92,75790202.31226574,46.4,92.0,1595034.21184796,4632553.813174967,15158040.462453147,37055202.6481768,5.262364702243003,12.9955888443507,379.8315107081256,1143.6118183028616,/bdd/CORDEX-Adjust/bias-adjusted-output/EUR-11/CNRM/CNRM-CERFACS-CNRM-CM5/rcp85/r1i1p1/CNRM-ALADIN63/SBCK-CDFt-ERA5-1976-2005/day/tasmaxAdjust/v20260512/tasmaxAdjust_EUR-11_CNRM-CERFACS-CNRM-CM5_rcp85_r1i1p1_CNRM-ALADIN63_SBCK-CDFt-ERA5-1976-2005_day_20060101-21001231.nc,CNRM_CNRM-CERFACS-CNRM-CM5_rcp85_r1i1p1_CNRM-ALADIN63_SBCK-CDFt-ERA5-1976-2005_day_tasmaxAdjust_v20260512,noleap,92,9.605059135860408
3388,2062,3,92,146372923.7654231,37.333333333333336,92.0,2624192.532387106,6973823.265081323,48790974.58847436,141005373.47171992,11.560286353386225,28.39503703482109,209.66990423774385,316.61589310086987,/bdd/CORDEX-Adjust/bias-adjusted-output/EUR-11/CNRM/CNRM-CERFACS-CNRM-CM5/rcp85/r1i1p1/CNRM-ALADIN63/SBCK-CDFt-ERA5-1976-2005/day/tasmaxAdjust/v20260512/tasmaxAdjust_EUR-11_CNRM-CERFACS-CNRM-CM5_rcp85_r1i1p1_CNRM-ALADIN63_SBCK-CDFt-ERA5-1976-2005_day_20060101-21001231.nc,CNRM_CNRM-CERFACS-CNRM-CM5_rcp85_r1i1p1_CNRM-ALADIN63_SBCK-CDFt-ERA5-1976-2005_day_tasmaxAdjust_v20260512,noleap,92,18.55016276197675
3389,2063,3,92,44305575.07502551,43.0,92.0,1932121.1967494683,5368383.080787131,14768525.0250085,41756869.90412532,7.3681228892022945,11.721041336700726,350.7483180043019,926.6306561454116,/bdd/CORDEX-Adjust/bias-adjusted-output/EUR-11/CNRM/CNRM-CERFACS-CNRM-CM5/rcp85/r1i1p1/CNRM-ALADIN63/SBCK-CDFt-ERA5-1976-2005/day/tasmaxAdjust/v20260512/tasmaxAdjust_EUR-11_CNRM-CERFACS-CNRM-CM5_rcp85_r1i1p1_CNRM-ALADIN63_SBCK-CDFt-ERA5-1976-2005_day_20060101-21001231.nc,CNRM_CNRM-CERFACS-CNRM-CM5_rcp85_r1i1p1_CNRM-ALADIN63_SBCK-CDFt-ERA5-1976-2005_day_tasmaxAdjust_v20260512,noleap,92,5.614943035652137
3390,2064,4,92,131865267.80793674,28.5,92.0,2032419.4991956635,7576506.014287392,32966316.951984186,129094122.97519408,4.406901996117427,6.810688522930564,146.06906267005726,473.0388098181502,/bdd/CORDEX-Adjust/bias-adjusted-output/EUR-11/CNRM/CNRM-CERFACS-CNRM-CM5/rcp85/r1i1p1/CNRM-ALADIN63/SBCK-CDFt-ERA5-1976-2005/day/tasmaxAdjust/v20260512/tasmaxAdjust_EUR-11_CNRM-CERFACS-CNRM-CM5_rcp85_r1i1p1_CNRM-ALADIN63_SBCK-CDFt-ERA5-1976-2005_day_20060101-21001231.nc,CNRM_CNRM-CERFACS-CNRM-CM5_rcp85_r1i1p1_CNRM-ALADIN63_SBCK-CDFt-ERA5-1976-2005_day_tasmaxAdjust_v20260512,noleap,92,16.71157559446602
3391,2065,1,92,166491752.77895153,92.0,92.0,8163097.097513197,8163097.097513197,166491752.77895153,166491752.77895153,3.564449590257404,3.564449590257404,327.9293623036812,327.9293623036812,/bdd/CORDEX-Adjust/bias-adjusted-output/EUR-11/CNRM/CNRM-CERFACS-CNRM-CM5/rcp85/r1i1p1/CNRM-ALADIN63/SBCK-CDFt-ERA5-1976-2005/day/tasmaxAdjust/v20260512/tasmaxAdjust_EUR-11_CNRM-CERFACS-CNRM-CM5_rcp85_r1i1p1_CNRM-ALADIN63_SBCK-CDFt-ERA5-1976-2005_day_20060101-21001231.nc,CNRM_CNRM-CERFACS-CNRM-CM5_rcp85_r1i1p1_CNRM-ALADIN63_SBCK-CDFt-ERA5-1976-2005_day_tasmaxAdjust_v20260512,noleap,92,21.099866239782756
3392,2066,8,92,66537856.15145542,25.25,92.0,960877.1956708428,5339502.78744912,8317232.018931927,51832274.100962125,6.870471223939783,16.75148814950588,159.34482880395498,546.2599959239097,/bdd/CORDEX-Adjust/bias-adjusted-output/EUR-11/CNRM/CNRM-CERFACS-CNRM-CM5/rcp85/r1i1p1/CNRM-ALADIN63/SBCK-CDFt-ERA5-1976-2005/day/tasmaxAdjust/v20260512/tasmaxAdjust_EUR-11_CNRM-CERFACS-CNRM-CM5_rcp85_r1i1p1_CNRM-ALADIN63_SBCK-CDFt-ERA5-1976-2005_day_20060101-21001231.nc,CNRM_CNRM-CERFACS-CNRM-CM5_rcp85_r1i1p1_CNRM-ALADIN63_SBCK-CDFt-ERA5-1976-2005_day_tasmaxAdjust_v20260512,noleap,92,8.432488944612196
3393,2067,3,92,97750991.09582396,42.0,92.0,2157763.302235114,6295344.898046722,32583663.698607992,96383860.4178706,2.107100880394005,2.4475291374824977,95.93923868880132,225.1726806483898,/bdd/CORDEX-Adjust/bias-adjusted-output/EUR-11/CNRM/CNRM-CERFACS-CNRM-CM5/rcp85/r1i1p1/CNRM-ALADIN63/SBCK-CDFt-ERA5-1976-2005/day/tasmaxAdjust/v20260512/tasmaxAdjust_EUR-11_CNRM-CERFACS-CNRM-CM5_rcp85_r1i1p1_CNRM-ALADIN63_SBCK-CDFt-ERA5-1976-2005_day_20060101-21001231.nc,CNRM_CNRM-CERFACS-CNRM-CM5_rcp85_r1i1p1_CNRM-ALADIN63_SBCK-CDFt-ERA5-1976-2005_day_tasmaxAdjust_v20260512,noleap,92,12.38819822905266
3394,2068,8,92,101977095.33514296,27.375,92.0,1096322.892734734,6515984.572263977,12747136.91689287,86038940.3081253,15.41995042430613,44.667055864294525,327.6425571624189,970.2029907337192,/bdd/CORDEX-Adjust/bias-adjusted-output/EUR-11/CNRM/CNRM-CERFACS-CNRM-CM5/rcp85/r1i1p1/CNRM-ALADIN63/SBCK-CDFt-ERA5-1976-2005/day/tasmaxAdjust/v20260512/tasmaxAdjust_EUR-11_CNRM-CERFACS-CNRM-CM5_rcp85_r1i1p1_CNRM-ALADIN63_SBCK-CDFt-ERA5-1976-2005_day_20060101-21001231.nc,CNRM_CNRM-CERFACS-CNRM-CM5_rcp85_r1i1p1_CNRM-ALADIN63_SBCK-CDFt-ERA5-1976-2005_day_tasmaxAdjust_v20260512,noleap,92,12.923781719986291
3395,2069,3,92,88396699.06349188,45.333333333333336,92.0,2525484.601704757,6741129.32430074,29465566.35449729,83486948.76784404,11.391560334586444,11.839326269373275,528.730462350399,1089.2180167823417,/bdd/CORDEX-Adjust/bias-adjusted-output/EUR-11/CNRM/CNRM-CERFACS-CNRM-CM5/rcp85/r1i1p1/CNRM-ALADIN63/SBCK-CDFt-ERA5-1976-2005/day/tasmaxAdjust/v20260512/tasmaxAdjust_EUR-11_CNRM-CERFACS-CNRM-CM5_rcp85_r1i1p1_CNRM-ALADIN63_SBCK-CDFt-ERA5-1976-2005_day_20060101-21001231.nc,CNRM_CNRM-CERFACS-CNRM-CM5_rcp85_r1i1p1_CNRM-ALADIN63_SBCK-CDFt-ERA5-1976-2005_day_tasmaxAdjust_v20260512,noleap,92,11.20270821314705
3396,2070,4,92,97996000.95946856,41.75,92.0,1621069.165781679,4020258.22461304,24499000.239867143,77791912.03741236,6.319686049451353,10.3027262076948,230.8978249427243,471.9999153435778,/bdd/CORDEX-Adjust/bias-adjusted-output/EUR-11/CNRM/CNRM-CERFACS-CNRM-CM5/rcp85/r1i1p1/CNRM-ALADIN63/SBCK-CDFt-ERA5-1976-2005/day/tasmaxAdjust/v20260512/tasmaxAdjust_EUR-11_CNRM-CERFACS-CNRM-CM5_rcp85_r1i1p1_CNRM-ALADIN63_SBCK-CDFt-ERA5-1976-2005_day_20060101-21001231.nc,CNRM_CNRM-CERFACS-CNRM-CM5_rcp85_r1i1p1_CNRM-ALADIN63_SBCK-CDFt-ERA5-1976-2005_day_tasmaxAdjust_v20260512,noleap,92,12.419248868282775
3397,2071,8,92,73639049.01325077,27.25,92.0,831606.8751671873,4356194.834824303,9204881.126656346,60435793.77210383,7.637465321114071,27.186270427252463,232.08213684128376,924.3331945265836,/bdd/CORDEX-Adjust/bias-adjusted-output/EUR-11/CNRM/CNRM-CERFACS-CNRM-CM5/rcp85/r1i1p1/CNRM-ALADIN63/SBCK-CDFt-ERA5-1976-2005/day/tasmaxAdjust/v20260512/tasmaxAdjust_EUR-11_CNRM-CERFACS-CNRM-CM5_rcp85_r1i1p1_CNRM-ALADIN63_SBCK-CDFt-ERA5-1976-2005_day_20060101-21001231.nc,CNRM_CNRM-CERFACS-CNRM-CM5_rcp85_r1i1p1_CNRM-ALADIN63_SBCK-CDFt-ERA5-1976-2005_day_tasmaxAdjust_v20260512,noleap,92,9.33243874408193
3398,2072,4,92,122986662.18002485,28.0,92.0,2052156.759730984,7305751.501630934,30746665.54500621,118939665.5698142,7.999249287195006,9.346906517565085,156.74673969585348,445.9460697826543,/bdd/CORDEX-Adjust/bias-adjusted-output/EUR-11/CNRM/CNRM-CERFACS-CNRM-CM5/rcp85/r1i1p1/CNRM-ALADIN63/SBCK-CDFt-ERA5-1976-2005/day/tasmaxAdjust/v20260512/tasmaxAdjust_EUR-11_CNRM-CERFACS-CNRM-CM5_rcp85_r1i1p1_CNRM-ALADIN63_SBCK-CDFt-ERA5-1976-2005_day_20060101-21001231.nc,CNRM_CNRM-CERFACS-CNRM-CM5_rcp85_r1i1p1_CNRM-ALADIN63_SBCK-CDFt-ERA5-1976-2005_day_tasmaxAdjust_v20260512,noleap,92,15.586370363469094
3399,2073,4,92,118368078.6904343,29.5,92.0,2070852.998443178,7602889.251325928,29592019.672608577,115505342.98269431,12.295039503986157,25.6042674463579,233.1074484245299,560.0600159633383,/bdd/CORDEX-Adjust/bias-adjusted-output/EUR-11/CNRM/CNRM-CERFACS-CNRM-CM5/rcp85/r1i1p1/CNRM-ALADIN63/SBCK-CDFt-ERA5-1976-2005/day/tasmaxAdjust/v20260512/tasmaxAdjust_EUR-11_CNRM-CERFACS-CNRM-CM5_rcp85_r1i1p1_CNRM-ALADIN63_SBCK-CDFt-ERA5-1976-2005_day_20060101-21001231.nc,CNRM_CNRM-CERFACS-CNRM-CM5_rcp85_r1i1p1_CNRM-ALADIN63_SBCK-CDFt-ERA5-1976-2005_day_tasmaxAdjust_v20260512,noleap,92,15.00104711339187
3400,2074,2,92,172369588.3803184,49.0,92.0,4176675.378822031,8271029.735027645,86184794.1901592,172005646.25900424,7.939268458922298,11.77956788424669,223.8912791982437,377.10515109100726,/bdd/CORDEX-Adjust/bias-adjusted-output/EUR-11/CNRM/CNRM-CERFACS-CNRM-CM5/rcp85/r1i1p1/CNRM-ALADIN63/SBCK-CDFt-ERA5-1976-2005/day/tasmaxAdjust/v20260512/tasmaxAdjust_EUR-11_CNRM-CERFACS-CNRM-CM5_rcp85_r1i1p1_CNRM-ALADIN63_SBCK-CDFt-ERA5-1976-2005_day_20060101-21001231.nc,CNRM_CNRM-CERFACS-CNRM-CM5_rcp85_r1i1p1_CNRM-ALADIN63_SBCK-CDFt-ERA5-1976-2005_day_tasmaxAdjust_v20260512,noleap,92,21.844777281310055
3401,2075,3,92,215931507.97306776,34.666666666666664,92.0,2376442.7185448576,6773231.200096363,71977169.32435592,214309625.9663536,7.335952845099805,15.219819596854135,179.80275481483363,450.0346616233225,/bdd/CORDEX-Adjust/bias-adjusted-output/EUR-11/CNRM/CNRM-CERFACS-CNRM-CM5/rcp85/r1i1p1/CNRM-ALADIN63/SBCK-CDFt-ERA5-1976-2005/day/tasmaxAdjust/v20260512/tasmaxAdjust_EUR-11_CNRM-CERFACS-CNRM-CM5_rcp85_r1i1p1_CNRM-ALADIN63_SBCK-CDFt-ERA5-1976-2005_day_20060101-21001231.nc,CNRM_CNRM-CERFACS-CNRM-CM5_rcp85_r1i1p1_CNRM-ALADIN63_SBCK-CDFt-ERA5-1976-2005_day_tasmaxAdjust_v20260512,noleap,92,27.36547522107843
3402,2076,2,92,112360502.44829772,53.5,92.0,3041394.2208104003,6016851.998518324,56180251.22414886,111908694.8025279,3.552302320565376,6.747610690108192,313.067546377646,620.7801834899536,/bdd/CORDEX-Adjust/bias-adjusted-output/EUR-11/CNRM/CNRM-CERFACS-CNRM-CM5/rcp85/r1i1p1/CNRM-ALADIN63/SBCK-CDFt-ERA5-1976-2005/day/tasmaxAdjust/v20260512/tasmaxAdjust_EUR-11_CNRM-CERFACS-CNRM-CM5_rcp85_r1i1p1_CNRM-ALADIN63_SBCK-CDFt-ERA5-1976-2005_day_20060101-21001231.nc,CNRM_CNRM-CERFACS-CNRM-CM5_rcp85_r1i1p1_CNRM-ALADIN63_SBCK-CDFt-ERA5-1976-2005_day_tasmaxAdjust_v20260512,noleap,92,14.239693754930478
3403,2077,2,92,166476110.01363587,54.5,92.0,4209091.293681596,8371247.595189091,83238055.00681794,166141696.60811722,6.498592480345872,10.187337855748156,492.50124175643566,937.2350827288304,/bdd/CORDEX-Adjust/bias-adjusted-output/EUR-11/CNRM/CNRM-CERFACS-CNRM-CM5/rcp85/r1i1p1/CNRM-ALADIN63/SBCK-CDFt-ERA5-1976-2005/day/tasmaxAdjust/v20260512/tasmaxAdjust_EUR-11_CNRM-CERFACS-CNRM-CM5_rcp85_r1i1p1_CNRM-ALADIN63_SBCK-CDFt-ERA5-1976-2005_day_20060101-21001231.nc,CNRM_CNRM-CERFACS-CNRM-CM5_rcp85_r1i1p1_CNRM-ALADIN63_SBCK-CDFt-ERA5-1976-2005_day_tasmaxAdjust_v20260512,noleap,92,21.09788379770817
3404,2078,2,92,128287570.64846335,92.0,92.0,2448874.934556768,4587788.67502287,64143785.32423168,125010308.9409175,8.805739886183785,11.692649755083176,810.1280695289081,1075.723777467652,/bdd/CORDEX-Adjust/bias-adjusted-output/EUR-11/CNRM/CNRM-CERFACS-CNRM-CM5/rcp85/r1i1p1/CNRM-ALADIN63/SBCK-CDFt-ERA5-1976-2005/day/tasmaxAdjust/v20260512/tasmaxAdjust_EUR-11_CNRM-CERFACS-CNRM-CM5_rcp85_r1i1p1_CNRM-ALADIN63_SBCK-CDFt-ERA5-1976-2005_day_20060101-21001231.nc,CNRM_CNRM-CERFACS-CNRM-CM5_rcp85_r1i1p1_CNRM-ALADIN63_SBCK-CDFt-ERA5-1976-2005_day_tasmaxAdjust_v20260512,noleap,92,16.25816615975627
3405,2079,3,92,124893365.31320114,35.0,92.0,2766083.415858596,7648090.563722428,41631121.771067046,121839229.02497175,12.64438402962731,27.828968469090967,350.64768945469024,852.0860143869221,/bdd/CORDEX-Adjust/bias-adjusted-output/EUR-11/CNRM/CNRM-CERFACS-CNRM-CM5/rcp85/r1i1p1/CNRM-ALADIN63/SBCK-CDFt-ERA5-1976-2005/day/tasmaxAdjust/v20260512/tasmaxAdjust_EUR-11_CNRM-CERFACS-CNRM-CM5_rcp85_r1i1p1_CNRM-ALADIN63_SBCK-CDFt-ERA5-1976-2005_day_20060101-21001231.nc,CNRM_CNRM-CERFACS-CNRM-CM5_rcp85_r1i1p1_CNRM-ALADIN63_SBCK-CDFt-ERA5-1976-2005_day_tasmaxAdjust_v20260512,noleap,92,15.828011047752168
3406,2080,1,92,116455382.12029047,92.0,92.0,7589192.74415351,7589192.74415351,116455382.12029047,116455382.12029047,7.99840502367299,7.99840502367299,735.8532621779151,735.8532621779151,/bdd/CORDEX-Adjust/bias-adjusted-output/EUR-11/CNRM/CNRM-CERFACS-CNRM-CM5/rcp85/r1i1p1/CNRM-ALADIN63/SBCK-CDFt-ERA5-1976-2005/day/tasmaxAdjust/v20260512/tasmaxAdjust_EUR-11_CNRM-CERFACS-CNRM-CM5_rcp85_r1i1p1_CNRM-ALADIN63_SBCK-CDFt-ERA5-1976-2005_day_20060101-21001231.nc,CNRM_CNRM-CERFACS-CNRM-CM5_rcp85_r1i1p1_CNRM-ALADIN63_SBCK-CDFt-ERA5-1976-2005_day_tasmaxAdjust_v20260512,noleap,92,14.75864686765172
3407,2081,3,92,167657871.3730027,63.66666666666666,92.0,2390823.4511758746,6669529.124924181,55885957.12433424,162633519.42910948,3.309131923260639,5.942249725336006,220.9890084319193,546.6869747309125,/bdd/CORDEX-Adjust/bias-adjusted-output/EUR-11/CNRM/CNRM-CERFACS-CNRM-CM5/rcp85/r1i1p1/CNRM-ALADIN63/SBCK-CDFt-ERA5-1976-2005/day/tasmaxAdjust/v20260512/tasmaxAdjust_EUR-11_CNRM-CERFACS-CNRM-CM5_rcp85_r1i1p1_CNRM-ALADIN63_SBCK-CDFt-ERA5-1976-2005_day_20060101-21001231.nc,CNRM_CNRM-CERFACS-CNRM-CM5_rcp85_r1i1p1_CNRM-ALADIN63_SBCK-CDFt-ERA5-1976-2005_day_tasmaxAdjust_v20260512,noleap,92,21.247651015566042
3408,2082,3,92,104766300.71341838,44.333333333333336,92.0,2351219.045982161,6925344.977022558,34922100.23780613,104100757.50851798,2.2486306217052614,3.8250463140555766,136.74816810586518,268.7177906975392,/bdd/CORDEX-Adjust/bias-adjusted-output/EUR-11/CNRM/CNRM-CERFACS-CNRM-CM5/rcp85/r1i1p1/CNRM-ALADIN63/SBCK-CDFt-ERA5-1976-2005/day/tasmaxAdjust/v20260512/tasmaxAdjust_EUR-11_CNRM-CERFACS-CNRM-CM5_rcp85_r1i1p1_CNRM-ALADIN63_SBCK-CDFt-ERA5-1976-2005_day_20060101-21001231.nc,CNRM_CNRM-CERFACS-CNRM-CM5_rcp85_r1i1p1_CNRM-ALADIN63_SBCK-CDFt-ERA5-1976-2005_day_tasmaxAdjust_v20260512,noleap,92,13.27726385597552
3409,2083,2,92,92844502.48843,51.0,92.0,3431866.647845219,6722541.348205623,46422251.24421501,92108451.80757068,9.77742971605822,10.17984740037868,515.1480405761081,936.5459608348384,/bdd/CORDEX-Adjust/bias-adjusted-output/EUR-11/CNRM/CNRM-CERFACS-CNRM-CM5/rcp85/r1i1p1/CNRM-ALADIN63/SBCK-CDFt-ERA5-1976-2005/day/tasmaxAdjust/v20260512/tasmaxAdjust_EUR-11_CNRM-CERFACS-CNRM-CM5_rcp85_r1i1p1_CNRM-ALADIN63_SBCK-CDFt-ERA5-1976-2005_day_20060101-21001231.nc,CNRM_CNRM-CERFACS-CNRM-CM5_rcp85_r1i1p1_CNRM-ALADIN63_SBCK-CDFt-ERA5-1976-2005_day_tasmaxAdjust_v20260512,noleap,92,11.766388129783174
3410,2084,1,92,172947815.60552034,92.0,92.0,8120689.264308539,8120689.264308539,172947815.60552034,172947815.60552034,4.24743411010515,4.24743411010515,390.7639381296738,390.7639381296738,/bdd/CORDEX-Adjust/bias-adjusted-output/EUR-11/CNRM/CNRM-CERFACS-CNRM-CM5/rcp85/r1i1p1/CNRM-ALADIN63/SBCK-CDFt-ERA5-1976-2005/day/tasmaxAdjust/v20260512/tasmaxAdjust_EUR-11_CNRM-CERFACS-CNRM-CM5_rcp85_r1i1p1_CNRM-ALADIN63_SBCK-CDFt-ERA5-1976-2005_day_20060101-21001231.nc,CNRM_CNRM-CERFACS-CNRM-CM5_rcp85_r1i1p1_CNRM-ALADIN63_SBCK-CDFt-ERA5-1976-2005_day_tasmaxAdjust_v20260512,noleap,92,21.918057290105203
3411,2085,2,92,187549623.60039297,48.0,92.0,4175630.41937578,8227022.552386439,93774811.80019648,187052670.45493248,2.088743052417226,4.177486104834452,192.1643608223848,384.3287216447696,/bdd/CORDEX-Adjust/bias-adjusted-output/EUR-11/CNRM/CNRM-CERFACS-CNRM-CM5/rcp85/r1i1p1/CNRM-ALADIN63/SBCK-CDFt-ERA5-1976-2005/day/tasmaxAdjust/v20260512/tasmaxAdjust_EUR-11_CNRM-CERFACS-CNRM-CM5_rcp85_r1i1p1_CNRM-ALADIN63_SBCK-CDFt-ERA5-1976-2005_day_20060101-21001231.nc,CNRM_CNRM-CERFACS-CNRM-CM5_rcp85_r1i1p1_CNRM-ALADIN63_SBCK-CDFt-ERA5-1976-2005_day_tasmaxAdjust_v20260512,noleap,92,23.768576552520905
3412,2086,2,92,145350280.51745382,48.5,92.0,3933094.5824935497,7770097.174283976,72675140.25872691,144920682.9243825,2.128027528715013,2.63593462300276,125.30329374419512,242.50598531625388,/bdd/CORDEX-Adjust/bias-adjusted-output/EUR-11/CNRM/CNRM-CERFACS-CNRM-CM5/rcp85/r1i1p1/CNRM-ALADIN63/SBCK-CDFt-ERA5-1976-2005/day/tasmaxAdjust/v20260512/tasmaxAdjust_EUR-11_CNRM-CERFACS-CNRM-CM5_rcp85_r1i1p1_CNRM-ALADIN63_SBCK-CDFt-ERA5-1976-2005_day_20060101-21001231.nc,CNRM_CNRM-CERFACS-CNRM-CM5_rcp85_r1i1p1_CNRM-ALADIN63_SBCK-CDFt-ERA5-1976-2005_day_tasmaxAdjust_v20260512,noleap,92,18.420560932558708
3413,2087,1,92,124200136.92479752,92.0,92.0,8227048.337253379,8227048.337253379,124200136.92479752,124200136.92479752,8.994133080533205,8.994133080533205,827.4602434090549,827.4602434090549,/bdd/CORDEX-Adjust/bias-adjusted-output/EUR-11/CNRM/CNRM-CERFACS-CNRM-CM5/rcp85/r1i1p1/CNRM-ALADIN63/SBCK-CDFt-ERA5-1976-2005/day/tasmaxAdjust/v20260512/tasmaxAdjust_EUR-11_CNRM-CERFACS-CNRM-CM5_rcp85_r1i1p1_CNRM-ALADIN63_SBCK-CDFt-ERA5-1976-2005_day_20060101-21001231.nc,CNRM_CNRM-CERFACS-CNRM-CM5_rcp85_r1i1p1_CNRM-ALADIN63_SBCK-CDFt-ERA5-1976-2005_day_tasmaxAdjust_v20260512,noleap,92,15.740156688453322
3414,2088,1,92,238563798.3867572,92.0,92.0,8457708.838386834,8457708.838386834,238563798.3867572,238563798.3867572,4.903553436405489,4.903553436405489,451.126916149305,451.126916149305,/bdd/CORDEX-Adjust/bias-adjusted-output/EUR-11/CNRM/CNRM-CERFACS-CNRM-CM5/rcp85/r1i1p1/CNRM-ALADIN63/SBCK-CDFt-ERA5-1976-2005/day/tasmaxAdjust/v20260512/tasmaxAdjust_EUR-11_CNRM-CERFACS-CNRM-CM5_rcp85_r1i1p1_CNRM-ALADIN63_SBCK-CDFt-ERA5-1976-2005_day_20060101-21001231.nc,CNRM_CNRM-CERFACS-CNRM-CM5_rcp85_r1i1p1_CNRM-ALADIN63_SBCK-CDFt-ERA5-1976-2005_day_tasmaxAdjust_v20260512,noleap,92,30.233715193678062
3415,2089,2,92,260680748.21858412,48.0,92.0,4274172.464548604,8445461.901908819,130340374.10929208,260269216.10983065,1.1626482916017526,2.3252965832035053,106.96364282736124,213.92728565472248,/bdd/CORDEX-Adjust/bias-adjusted-output/EUR-11/CNRM/CNRM-CERFACS-CNRM-CM5/rcp85/r1i1p1/CNRM-ALADIN63/SBCK-CDFt-ERA5-1976-2005/day/tasmaxAdjust/v20260512/tasmaxAdjust_EUR-11_CNRM-CERFACS-CNRM-CM5_rcp85_r1i1p1_CNRM-ALADIN63_SBCK-CDFt-ERA5-1976-2005_day_20060101-21001231.nc,CNRM_CNRM-CERFACS-CNRM-CM5_rcp85_r1i1p1_CNRM-ALADIN63_SBCK-CDFt-ERA5-1976-2005_day_tasmaxAdjust_v20260512,noleap,92,33.03664492019201
3416,2090,3,92,242261360.49233663,35.333333333333336,92.0,2841291.683577107,8312994.829546649,80753786.83077888,241355411.46350816,1.1802013679758965,3.023043569837289,94.07909590314718,278.12000842503056,/bdd/CORDEX-Adjust/bias-adjusted-output/EUR-11/CNRM/CNRM-CERFACS-CNRM-CM5/rcp85/r1i1p1/CNRM-ALADIN63/SBCK-CDFt-ERA5-1976-2005/day/tasmaxAdjust/v20260512/tasmaxAdjust_EUR-11_CNRM-CERFACS-CNRM-CM5_rcp85_r1i1p1_CNRM-ALADIN63_SBCK-CDFt-ERA5-1976-2005_day_20060101-21001231.nc,CNRM_CNRM-CERFACS-CNRM-CM5_rcp85_r1i1p1_CNRM-ALADIN63_SBCK-CDFt-ERA5-1976-2005_day_tasmaxAdjust_v20260512,noleap,92,30.70231537680304
3417,2091,1,92,283566838.6997532,92.0,92.0,8484101.766077144,8484101.766077144,283566838.6997532,283566838.6997532,2.455653426429803,2.455653426429803,225.92011523154187,225.92011523154187,/bdd/CORDEX-Adjust/bias-adjusted-output/EUR-11/CNRM/CNRM-CERFACS-CNRM-CM5/rcp85/r1i1p1/CNRM-ALADIN63/SBCK-CDFt-ERA5-1976-2005/day/tasmaxAdjust/v20260512/tasmaxAdjust_EUR-11_CNRM-CERFACS-CNRM-CM5_rcp85_r1i1p1_CNRM-ALADIN63_SBCK-CDFt-ERA5-1976-2005_day_20060101-21001231.nc,CNRM_CNRM-CERFACS-CNRM-CM5_rcp85_r1i1p1_CNRM-ALADIN63_SBCK-CDFt-ERA5-1976-2005_day_tasmaxAdjust_v20260512,noleap,92,35.937049533898985
3418,2092,3,92,195757350.9141993,36.0,92.0,2981659.7330250195,8054478.074400359,65252450.30473311,191585991.78337115,11.417037317466594,24.435760855516715,136.67201134623326,244.3576085551672,/bdd/CORDEX-Adjust/bias-adjusted-output/EUR-11/CNRM/CNRM-CERFACS-CNRM-CM5/rcp85/r1i1p1/CNRM-ALADIN63/SBCK-CDFt-ERA5-1976-2005/day/tasmaxAdjust/v20260512/tasmaxAdjust_EUR-11_CNRM-CERFACS-CNRM-CM5_rcp85_r1i1p1_CNRM-ALADIN63_SBCK-CDFt-ERA5-1976-2005_day_20060101-21001231.nc,CNRM_CNRM-CERFACS-CNRM-CM5_rcp85_r1i1p1_CNRM-ALADIN63_SBCK-CDFt-ERA5-1976-2005_day_tasmaxAdjust_v20260512,noleap,92,24.80875989832216
3419,2093,1,92,337943064.3817232,92.0,92.0,8554158.947129885,8554158.947129885,337943064.3817232,337943064.3817232,2.217838871649401,2.217838871649401,204.0411761917449,204.0411761917449,/bdd/CORDEX-Adjust/bias-adjusted-output/EUR-11/CNRM/CNRM-CERFACS-CNRM-CM5/rcp85/r1i1p1/CNRM-ALADIN63/SBCK-CDFt-ERA5-1976-2005/day/tasmaxAdjust/v20260512/tasmaxAdjust_EUR-11_CNRM-CERFACS-CNRM-CM5_rcp85_r1i1p1_CNRM-ALADIN63_SBCK-CDFt-ERA5-1976-2005_day_20060101-21001231.nc,CNRM_CNRM-CERFACS-CNRM-CM5_rcp85_r1i1p1_CNRM-ALADIN63_SBCK-CDFt-ERA5-1976-2005_day_tasmaxAdjust_v20260512,noleap,92,42.82826828415805
3420,2094,1,92,239286121.1511939,92.0,92.0,8486393.623463115,8486393.623463115,239286121.1511939,239286121.1511939,2.4076194845032286,2.4076194845032286,221.50099257429704,221.50099257429704,/bdd/CORDEX-Adjust/bias-adjusted-output/EUR-11/CNRM/CNRM-CERFACS-CNRM-CM5/rcp85/r1i1p1/CNRM-ALADIN63/SBCK-CDFt-ERA5-1976-2005/day/tasmaxAdjust/v20260512/tasmaxAdjust_EUR-11_CNRM-CERFACS-CNRM-CM5_rcp85_r1i1p1_CNRM-ALADIN63_SBCK-CDFt-ERA5-1976-2005_day_20060101-21001231.nc,CNRM_CNRM-CERFACS-CNRM-CM5_rcp85_r1i1p1_CNRM-ALADIN63_SBCK-CDFt-ERA5-1976-2005_day_tasmaxAdjust_v20260512,noleap,92,30.325256747281617
3421,2095,2,92,332381921.93164945,52.5,92.0,4339371.647405976,8501905.40004458,166190960.96582472,331492461.69745994,4.471215474255103,7.065617580932271,132.2599291846448,172.66682981717005,/bdd/CORDEX-Adjust/bias-adjusted-output/EUR-11/CNRM/CNRM-CERFACS-CNRM-CM5/rcp85/r1i1p1/CNRM-ALADIN63/SBCK-CDFt-ERA5-1976-2005/day/tasmaxAdjust/v20260512/tasmaxAdjust_EUR-11_CNRM-CERFACS-CNRM-CM5_rcp85_r1i1p1_CNRM-ALADIN63_SBCK-CDFt-ERA5-1976-2005_day_20060101-21001231.nc,CNRM_CNRM-CERFACS-CNRM-CM5_rcp85_r1i1p1_CNRM-ALADIN63_SBCK-CDFt-ERA5-1976-2005_day_tasmaxAdjust_v20260512,noleap,92,42.12349246266301
3422,2096,2,92,217869938.255932,53.5,92.0,4103287.468431709,8158325.854288483,108934969.127966,217593423.9288026,2.884562569168035,3.115616754354133,163.21968358015465,286.63674140058026,/bdd/CORDEX-Adjust/bias-adjusted-output/EUR-11/CNRM/CNRM-CERFACS-CNRM-CM5/rcp85/r1i1p1/CNRM-ALADIN63/SBCK-CDFt-ERA5-1976-2005/day/tasmaxAdjust/v20260512/tasmaxAdjust_EUR-11_CNRM-CERFACS-CNRM-CM5_rcp85_r1i1p1_CNRM-ALADIN63_SBCK-CDFt-ERA5-1976-2005_day_20060101-21001231.nc,CNRM_CNRM-CERFACS-CNRM-CM5_rcp85_r1i1p1_CNRM-ALADIN63_SBCK-CDFt-ERA5-1976-2005_day_tasmaxAdjust_v20260512,noleap,92,27.611136756865626
3423,2097,1,92,318038250.7987469,92.0,92.0,8570352.464327753,8570352.464327753,318038250.7987469,318038250.7987469,1.8197165510974769,1.8197165510974769,167.41392270096785,167.41392270096785,/bdd/CORDEX-Adjust/bias-adjusted-output/EUR-11/CNRM/CNRM-CERFACS-CNRM-CM5/rcp85/r1i1p1/CNRM-ALADIN63/SBCK-CDFt-ERA5-1976-2005/day/tasmaxAdjust/v20260512/tasmaxAdjust_EUR-11_CNRM-CERFACS-CNRM-CM5_rcp85_r1i1p1_CNRM-ALADIN63_SBCK-CDFt-ERA5-1976-2005_day_20060101-21001231.nc,CNRM_CNRM-CERFACS-CNRM-CM5_rcp85_r1i1p1_CNRM-ALADIN63_SBCK-CDFt-ERA5-1976-2005_day_tasmaxAdjust_v20260512,noleap,92,40.30568745286472
3424,2098,1,92,165279903.9785258,92.0,92.0,7578554.677871198,7578554.677871198,165279903.9785258,165279903.9785258,7.015520330720494,7.015520330720494,645.4278704262855,645.4278704262855,/bdd/CORDEX-Adjust/bias-adjusted-output/EUR-11/CNRM/CNRM-CERFACS-CNRM-CM5/rcp85/r1i1p1/CNRM-ALADIN63/SBCK-CDFt-ERA5-1976-2005/day/tasmaxAdjust/v20260512/tasmaxAdjust_EUR-11_CNRM-CERFACS-CNRM-CM5_rcp85_r1i1p1_CNRM-ALADIN63_SBCK-CDFt-ERA5-1976-2005_day_20060101-21001231.nc,CNRM_CNRM-CERFACS-CNRM-CM5_rcp85_r1i1p1_CNRM-ALADIN63_SBCK-CDFt-ERA5-1976-2005_day_tasmaxAdjust_v20260512,noleap,92,20.946285974303944
3425,2099,1,92,279993840.81009066,92.0,92.0,8566244.974880531,8566244.974880531,279993840.81009066,279993840.81009066,4.546091034965297,4.546091034965297,418.2403752168073,418.2403752168073,/bdd/CORDEX-Adjust/bias-adjusted-output/EUR-11/CNRM/CNRM-CERFACS-CNRM-CM5/rcp85/r1i1p1/CNRM-ALADIN63/SBCK-CDFt-ERA5-1976-2005/day/tasmaxAdjust/v20260512/tasmaxAdjust_EUR-11_CNRM-CERFACS-CNRM-CM5_rcp85_r1i1p1_CNRM-ALADIN63_SBCK-CDFt-ERA5-1976-2005_day_20060101-21001231.nc,CNRM_CNRM-CERFACS-CNRM-CM5_rcp85_r1i1p1_CNRM-ALADIN63_SBCK-CDFt-ERA5-1976-2005_day_tasmaxAdjust_v20260512,noleap,92,35.48423564799438
3551,1975,4,27,3615340.0310636247,9.5,16.0,186239.9548851836,267712.9338546755,903835.0077659062,1203620.9781655888,11.118927462776195,24.59205115651215,127.45711431490892,393.4728185041944,/bdd/CORDEX-Adjust/bias-adjusted-output/EUR-11/CNRM/MOHC-HadGEM2-ES/historical/r1i1p1/CNRM-ALADIN63/SBCK-CDFt-ERA5-1976-2005/day/tasmaxAdjust/v20260512/tasmaxAdjust_EUR-11_MOHC-HadGEM2-ES_historical_r1i1p1_CNRM-ALADIN63_SBCK-CDFt-ERA5-1976-2005_day_19510101-20051231.nc,CNRM_MOHC-HadGEM2-ES_rcp85_r1i1p1_CNRM-ALADIN63_SBCK-CDFt-ERA5-1976-2005_day_tasmaxAdjust_v20260512,noleap,92,0.4581799986696909
3552,1976,1,4,252292.71946035,4.0,4.0,63073.1798650875,63073.1798650875,252292.71946035,252292.71946035,3.5415479271085643e-13,3.5415479271085643e-13,1.4166191708434253e-12,1.4166191708434253e-12,/bdd/CORDEX-Adjust/bias-adjusted-output/EUR-11/CNRM/MOHC-HadGEM2-ES/historical/r1i1p1/CNRM-ALADIN63/SBCK-CDFt-ERA5-1976-2005/day/tasmaxAdjust/v20260512/tasmaxAdjust_EUR-11_MOHC-HadGEM2-ES_historical_r1i1p1_CNRM-ALADIN63_SBCK-CDFt-ERA5-1976-2005_day_19510101-20051231.nc,CNRM_MOHC-HadGEM2-ES_rcp85_r1i1p1_CNRM-ALADIN63_SBCK-CDFt-ERA5-1976-2005_day_tasmaxAdjust_v20260512,noleap,92,0.03197361157553635
3553,1977,0,0,0.0,,,,,,,,,,,/bdd/CORDEX-Adjust/bias-adjusted-output/EUR-11/CNRM/MOHC-HadGEM2-ES/historical/r1i1p1/CNRM-ALADIN63/SBCK-CDFt-ERA5-1976-2005/day/tasmaxAdjust/v20260512/tasmaxAdjust_EUR-11_MOHC-HadGEM2-ES_historical_r1i1p1_CNRM-ALADIN63_SBCK-CDFt-ERA5-1976-2005_day_19510101-20051231.nc,CNRM_MOHC-HadGEM2-ES_rcp85_r1i1p1_CNRM-ALADIN63_SBCK-CDFt-ERA5-1976-2005_day_tasmaxAdjust_v20260512,noleap,92,0.0
3554,1978,1,7,323489.18567599804,7.0,7.0,62140.8505855935,62140.8505855935,323489.18567599804,323489.18567599804,0.9243633523574682,0.9243633523574682,6.470543466502278,6.470543466502278,/bdd/CORDEX-Adjust/bias-adjusted-output/EUR-11/CNRM/MOHC-HadGEM2-ES/historical/r1i1p1/CNRM-ALADIN63/SBCK-CDFt-ERA5-1976-2005/day/tasmaxAdjust/v20260512/tasmaxAdjust_EUR-11_MOHC-HadGEM2-ES_historical_r1i1p1_CNRM-ALADIN63_SBCK-CDFt-ERA5-1976-2005_day_19510101-20051231.nc,CNRM_MOHC-HadGEM2-ES_rcp85_r1i1p1_CNRM-ALADIN63_SBCK-CDFt-ERA5-1976-2005_day_tasmaxAdjust_v20260512,noleap,92,0.04099649642611439
3555,1979,1,12,3639400.057687626,12.0,12.0,575175.8164962637,575175.8164962637,3639400.057687626,3639400.057687626,14.596658526714242,14.596658526714242,175.1599023205709,175.1599023205709,/bdd/CORDEX-Adjust/bias-adjusted-output/EUR-11/CNRM/MOHC-HadGEM2-ES/historical/r1i1p1/CNRM-ALADIN63/SBCK-CDFt-ERA5-1976-2005/day/tasmaxAdjust/v20260512/tasmaxAdjust_EUR-11_MOHC-HadGEM2-ES_historical_r1i1p1_CNRM-ALADIN63_SBCK-CDFt-ERA5-1976-2005_day_19510101-20051231.nc,CNRM_MOHC-HadGEM2-ES_rcp85_r1i1p1_CNRM-ALADIN63_SBCK-CDFt-ERA5-1976-2005_day_tasmaxAdjust_v20260512,noleap,92,0.4612291787943429
3556,1980,0,0,0.0,,,,,,,,,,,/bdd/CORDEX-Adjust/bias-adjusted-output/EUR-11/CNRM/MOHC-HadGEM2-ES/historical/r1i1p1/CNRM-ALADIN63/SBCK-CDFt-ERA5-1976-2005/day/tasmaxAdjust/v20260512/tasmaxAdjust_EUR-11_MOHC-HadGEM2-ES_historical_r1i1p1_CNRM-ALADIN63_SBCK-CDFt-ERA5-1976-2005_day_19510101-20051231.nc,CNRM_MOHC-HadGEM2-ES_rcp85_r1i1p1_CNRM-ALADIN63_SBCK-CDFt-ERA5-1976-2005_day_tasmaxAdjust_v20260512,noleap,92,0.0
3557,1981,0,0,0.0,,,,,,,,,,,/bdd/CORDEX-Adjust/bias-adjusted-output/EUR-11/CNRM/MOHC-HadGEM2-ES/historical/r1i1p1/CNRM-ALADIN63/SBCK-CDFt-ERA5-1976-2005/day/tasmaxAdjust/v20260512/tasmaxAdjust_EUR-11_MOHC-HadGEM2-ES_historical_r1i1p1_CNRM-ALADIN63_SBCK-CDFt-ERA5-1976-2005_day_19510101-20051231.nc,CNRM_MOHC-HadGEM2-ES_rcp85_r1i1p1_CNRM-ALADIN63_SBCK-CDFt-ERA5-1976-2005_day_tasmaxAdjust_v20260512,noleap,92,0.0
3558,1982,4,35,6596498.082447952,11.0,13.0,313727.7488305737,593507.6574290905,1649124.520611988,3175965.3820875045,18.393526624239097,36.5513562830062,218.0269632693476,475.1676316790806,/bdd/CORDEX-Adjust/bias-adjusted-output/EUR-11/CNRM/MOHC-HadGEM2-ES/historical/r1i1p1/CNRM-ALADIN63/SBCK-CDFt-ERA5-1976-2005/day/tasmaxAdjust/v20260512/tasmaxAdjust_EUR-11_MOHC-HadGEM2-ES_historical_r1i1p1_CNRM-ALADIN63_SBCK-CDFt-ERA5-1976-2005_day_19510101-20051231.nc,CNRM_MOHC-HadGEM2-ES_rcp85_r1i1p1_CNRM-ALADIN63_SBCK-CDFt-ERA5-1976-2005_day_tasmaxAdjust_v20260512,noleap,92,0.835988719365753
3559,1983,3,13,1798509.6306863094,11.0,13.0,88712.20197674884,129280.87327836726,599503.2102287698,879987.4292726802,5.890927960509981,9.193507634205456,67.72586242140966,119.51559924467092,/bdd/CORDEX-Adjust/bias-adjusted-output/EUR-11/CNRM/MOHC-HadGEM2-ES/historical/r1i1p1/CNRM-ALADIN63/SBCK-CDFt-ERA5-1976-2005/day/tasmaxAdjust/v20260512/tasmaxAdjust_EUR-11_MOHC-HadGEM2-ES_historical_r1i1p1_CNRM-ALADIN63_SBCK-CDFt-ERA5-1976-2005_day_19510101-20051231.nc,CNRM_MOHC-HadGEM2-ES_rcp85_r1i1p1_CNRM-ALADIN63_SBCK-CDFt-ERA5-1976-2005_day_tasmaxAdjust_v20260512,noleap,92,0.22792908360347186
3560,1984,4,17,2864751.3155488367,7.75,11.0,145227.86113126777,228847.37024757703,716187.8288872092,1026416.7492541164,2.127112374391432,4.434586013180337,17.21782878729657,26.60751607908202,/bdd/CORDEX-Adjust/bias-adjusted-output/EUR-11/CNRM/MOHC-HadGEM2-ES/historical/r1i1p1/CNRM-ALADIN63/SBCK-CDFt-ERA5-1976-2005/day/tasmaxAdjust/v20260512/tasmaxAdjust_EUR-11_MOHC-HadGEM2-ES_historical_r1i1p1_CNRM-ALADIN63_SBCK-CDFt-ERA5-1976-2005_day_19510101-20051231.nc,CNRM_MOHC-HadGEM2-ES_rcp85_r1i1p1_CNRM-ALADIN63_SBCK-CDFt-ERA5-1976-2005_day_tasmaxAdjust_v20260512,noleap,92,0.36305623887914235
3561,1985,2,23,4430615.275232289,11.5,15.0,316211.1713161856,393443.1839906919,2215307.6376161445,3309554.7763933195,8.853966802816904,11.763279969966703,91.6380221473701,94.10623975973364,/bdd/CORDEX-Adjust/bias-adjusted-output/EUR-11/CNRM/MOHC-HadGEM2-ES/historical/r1i1p1/CNRM-ALADIN63/SBCK-CDFt-ERA5-1976-2005/day/tasmaxAdjust/v20260512/tasmaxAdjust_EUR-11_MOHC-HadGEM2-ES_historical_r1i1p1_CNRM-ALADIN63_SBCK-CDFt-ERA5-1976-2005_day_19510101-20051231.nc,CNRM_MOHC-HadGEM2-ES_rcp85_r1i1p1_CNRM-ALADIN63_SBCK-CDFt-ERA5-1976-2005_day_tasmaxAdjust_v20260512,noleap,92,0.5615016245967368
3562,1986,2,33,26024974.88789629,16.5,27.0,1888671.404980063,3556344.8468970675,13012487.443948146,25083802.035420425,26.2467395389367,39.68564939073662,574.1797558363547,1071.5125335498888,/bdd/CORDEX-Adjust/bias-adjusted-output/EUR-11/CNRM/MOHC-HadGEM2-ES/historical/r1i1p1/CNRM-ALADIN63/SBCK-CDFt-ERA5-1976-2005/day/tasmaxAdjust/v20260512/tasmaxAdjust_EUR-11_MOHC-HadGEM2-ES_historical_r1i1p1_CNRM-ALADIN63_SBCK-CDFt-ERA5-1976-2005_day_19510101-20051231.nc,CNRM_MOHC-HadGEM2-ES_rcp85_r1i1p1_CNRM-ALADIN63_SBCK-CDFt-ERA5-1976-2005_day_tasmaxAdjust_v20260512,noleap,92,3.298202342535126
3563,1987,2,16,2124930.615787004,8.0,8.0,217951.02536721388,250292.10213311497,1062465.307893502,1174109.4080032103,17.07784278173333,31.29874277238592,136.62274225386665,250.3899421790873,/bdd/CORDEX-Adjust/bias-adjusted-output/EUR-11/CNRM/MOHC-HadGEM2-ES/historical/r1i1p1/CNRM-ALADIN63/SBCK-CDFt-ERA5-1976-2005/day/tasmaxAdjust/v20260512/tasmaxAdjust_EUR-11_MOHC-HadGEM2-ES_historical_r1i1p1_CNRM-ALADIN63_SBCK-CDFt-ERA5-1976-2005_day_19510101-20051231.nc,CNRM_MOHC-HadGEM2-ES_rcp85_r1i1p1_CNRM-ALADIN63_SBCK-CDFt-ERA5-1976-2005_day_tasmaxAdjust_v20260512,noleap,92,0.26929713342289524
3564,1988,2,16,1969774.0305296648,8.0,9.0,185494.2043998781,236229.1180164643,984887.0152648324,1398560.2478518824,12.840032083960882,23.66254274852104,91.89774600712688,165.63779923964725,/bdd/CORDEX-Adjust/bias-adjusted-output/EUR-11/CNRM/MOHC-HadGEM2-ES/historical/r1i1p1/CNRM-ALADIN63/SBCK-CDFt-ERA5-1976-2005/day/tasmaxAdjust/v20260512/tasmaxAdjust_EUR-11_MOHC-HadGEM2-ES_historical_r1i1p1_CNRM-ALADIN63_SBCK-CDFt-ERA5-1976-2005_day_19510101-20051231.nc,CNRM_MOHC-HadGEM2-ES_rcp85_r1i1p1_CNRM-ALADIN63_SBCK-CDFt-ERA5-1976-2005_day_tasmaxAdjust_v20260512,noleap,92,0.2496337979092265
3565,1989,0,0,0.0,,,,,,,,,,,/bdd/CORDEX-Adjust/bias-adjusted-output/EUR-11/CNRM/MOHC-HadGEM2-ES/historical/r1i1p1/CNRM-ALADIN63/SBCK-CDFt-ERA5-1976-2005/day/tasmaxAdjust/v20260512/tasmaxAdjust_EUR-11_MOHC-HadGEM2-ES_historical_r1i1p1_CNRM-ALADIN63_SBCK-CDFt-ERA5-1976-2005_day_19510101-20051231.nc,CNRM_MOHC-HadGEM2-ES_rcp85_r1i1p1_CNRM-ALADIN63_SBCK-CDFt-ERA5-1976-2005_day_tasmaxAdjust_v20260512,noleap,92,0.0
3566,1990,4,27,5982155.166603196,10.5,17.0,300159.5423206863,421728.5065433234,1495538.791650799,2356015.0230989256,7.15220442980522,13.79599234555599,85.39385970032879,234.5318698744518,/bdd/CORDEX-Adjust/bias-adjusted-output/EUR-11/CNRM/MOHC-HadGEM2-ES/historical/r1i1p1/CNRM-ALADIN63/SBCK-CDFt-ERA5-1976-2005/day/tasmaxAdjust/v20260512/tasmaxAdjust_EUR-11_MOHC-HadGEM2-ES_historical_r1i1p1_CNRM-ALADIN63_SBCK-CDFt-ERA5-1976-2005_day_19510101-20051231.nc,CNRM_MOHC-HadGEM2-ES_rcp85_r1i1p1_CNRM-ALADIN63_SBCK-CDFt-ERA5-1976-2005_day_tasmaxAdjust_v20260512,noleap,92,0.7581316896130984
3567,1991,1,7,505130.31955430086,7.0,7.0,90197.91994133798,90197.91994133798,505130.31955430086,505130.31955430086,0.3099877781487136,0.3099877781487136,2.1699144470409952,2.1699144470409952,/bdd/CORDEX-Adjust/bias-adjusted-output/EUR-11/CNRM/MOHC-HadGEM2-ES/historical/r1i1p1/CNRM-ALADIN63/SBCK-CDFt-ERA5-1976-2005/day/tasmaxAdjust/v20260512/tasmaxAdjust_EUR-11_MOHC-HadGEM2-ES_historical_r1i1p1_CNRM-ALADIN63_SBCK-CDFt-ERA5-1976-2005_day_19510101-20051231.nc,CNRM_MOHC-HadGEM2-ES_rcp85_r1i1p1_CNRM-ALADIN63_SBCK-CDFt-ERA5-1976-2005_day_tasmaxAdjust_v20260512,noleap,92,0.06401627707292605
3568,1992,1,5,405511.7264919548,5.0,5.0,87815.42550867196,87815.42550867196,405511.7264919548,405511.7264919548,1.9805812430340195,1.9805812430340195,9.902906215170097,9.902906215170097,/bdd/CORDEX-Adjust/bias-adjusted-output/EUR-11/CNRM/MOHC-HadGEM2-ES/historical/r1i1p1/CNRM-ALADIN63/SBCK-CDFt-ERA5-1976-2005/day/tasmaxAdjust/v20260512/tasmaxAdjust_EUR-11_MOHC-HadGEM2-ES_historical_r1i1p1_CNRM-ALADIN63_SBCK-CDFt-ERA5-1976-2005_day_19510101-20051231.nc,CNRM_MOHC-HadGEM2-ES_rcp85_r1i1p1_CNRM-ALADIN63_SBCK-CDFt-ERA5-1976-2005_day_tasmaxAdjust_v20260512,noleap,92,0.0513913935364931
3569,1993,5,38,6001377.283430741,9.6,13.0,214836.3683472191,402093.1526097708,1200275.4566861482,2496122.6628049016,13.278454850807098,24.10169523430449,134.83210672730874,313.3220380459584,/bdd/CORDEX-Adjust/bias-adjusted-output/EUR-11/CNRM/MOHC-HadGEM2-ES/historical/r1i1p1/CNRM-ALADIN63/SBCK-CDFt-ERA5-1976-2005/day/tasmaxAdjust/v20260512/tasmaxAdjust_EUR-11_MOHC-HadGEM2-ES_historical_r1i1p1_CNRM-ALADIN63_SBCK-CDFt-ERA5-1976-2005_day_19510101-20051231.nc,CNRM_MOHC-HadGEM2-ES_rcp85_r1i1p1_CNRM-ALADIN63_SBCK-CDFt-ERA5-1976-2005_day_tasmaxAdjust_v20260512,noleap,92,0.760567750782117
3570,1994,4,30,11284470.213870494,8.25,12.0,590229.1901532316,1135475.5780731705,2821117.5534676234,5510842.114912452,19.911320513086423,40.33047112899122,155.9140573640173,322.64376903192976,/bdd/CORDEX-Adjust/bias-adjusted-output/EUR-11/CNRM/MOHC-HadGEM2-ES/historical/r1i1p1/CNRM-ALADIN63/SBCK-CDFt-ERA5-1976-2005/day/tasmaxAdjust/v20260512/tasmaxAdjust_EUR-11_MOHC-HadGEM2-ES_historical_r1i1p1_CNRM-ALADIN63_SBCK-CDFt-ERA5-1976-2005_day_19510101-20051231.nc,CNRM_MOHC-HadGEM2-ES_rcp85_r1i1p1_CNRM-ALADIN63_SBCK-CDFt-ERA5-1976-2005_day_tasmaxAdjust_v20260512,noleap,92,1.4301057447308085
3571,1995,3,23,2170549.885884073,10.0,16.0,142444.38115322846,252116.81057876936,723516.6286280244,1097449.2199958162,2.485156695586044,2.7763026656142977,24.069145733084227,35.58959394123691,/bdd/CORDEX-Adjust/bias-adjusted-output/EUR-11/CNRM/MOHC-HadGEM2-ES/historical/r1i1p1/CNRM-ALADIN63/SBCK-CDFt-ERA5-1976-2005/day/tasmaxAdjust/v20260512/tasmaxAdjust_EUR-11_MOHC-HadGEM2-ES_historical_r1i1p1_CNRM-ALADIN63_SBCK-CDFt-ERA5-1976-2005_day_19510101-20051231.nc,CNRM_MOHC-HadGEM2-ES_rcp85_r1i1p1_CNRM-ALADIN63_SBCK-CDFt-ERA5-1976-2005_day_tasmaxAdjust_v20260512,noleap,92,0.27507856391983193
3572,1996,3,41,8052941.913139845,13.666666666666666,23.0,457180.5120506569,1145601.3914460256,2684313.971046615,6905025.193826551,11.036987119698423,15.569866945240548,142.6965106633548,259.64323082767095,/bdd/CORDEX-Adjust/bias-adjusted-output/EUR-11/CNRM/MOHC-HadGEM2-ES/historical/r1i1p1/CNRM-ALADIN63/SBCK-CDFt-ERA5-1976-2005/day/tasmaxAdjust/v20260512/tasmaxAdjust_EUR-11_MOHC-HadGEM2-ES_historical_r1i1p1_CNRM-ALADIN63_SBCK-CDFt-ERA5-1976-2005_day_19510101-20051231.nc,CNRM_MOHC-HadGEM2-ES_rcp85_r1i1p1_CNRM-ALADIN63_SBCK-CDFt-ERA5-1976-2005_day_tasmaxAdjust_v20260512,noleap,92,1.0205670513276761
3573,1997,4,29,6953597.143543424,11.0,19.0,274197.9556145704,660935.7691391943,1738399.285885856,4941796.720933594,3.307732344763777,5.39193318006602,41.565461784522455,102.44673042125436,/bdd/CORDEX-Adjust/bias-adjusted-output/EUR-11/CNRM/MOHC-HadGEM2-ES/historical/r1i1p1/CNRM-ALADIN63/SBCK-CDFt-ERA5-1976-2005/day/tasmaxAdjust/v20260512/tasmaxAdjust_EUR-11_MOHC-HadGEM2-ES_historical_r1i1p1_CNRM-ALADIN63_SBCK-CDFt-ERA5-1976-2005_day_19510101-20051231.nc,CNRM_MOHC-HadGEM2-ES_rcp85_r1i1p1_CNRM-ALADIN63_SBCK-CDFt-ERA5-1976-2005_day_tasmaxAdjust_v20260512,noleap,92,0.8812446692713933
3574,1998,6,48,14200600.502627304,10.833333333333334,14.0,459428.7153870513,890209.6673198245,2366766.750437884,4536647.1056800205,22.04741563409036,41.13938944068457,254.35680991434185,575.951452169584,/bdd/CORDEX-Adjust/bias-adjusted-output/EUR-11/CNRM/MOHC-HadGEM2-ES/historical/r1i1p1/CNRM-ALADIN63/SBCK-CDFt-ERA5-1976-2005/day/tasmaxAdjust/v20260512/tasmaxAdjust_EUR-11_MOHC-HadGEM2-ES_historical_r1i1p1_CNRM-ALADIN63_SBCK-CDFt-ERA5-1976-2005_day_19510101-20051231.nc,CNRM_MOHC-HadGEM2-ES_rcp85_r1i1p1_CNRM-ALADIN63_SBCK-CDFt-ERA5-1976-2005_day_tasmaxAdjust_v20260512,noleap,92,1.7996733539579162
3575,1999,11,75,29524748.95659838,9.636363636363637,19.0,395990.135127037,2246724.4488131376,2684068.086963489,17940594.905005574,9.101995488439576,26.08782264728248,116.32647800237385,495.668630298367,/bdd/CORDEX-Adjust/bias-adjusted-output/EUR-11/CNRM/MOHC-HadGEM2-ES/historical/r1i1p1/CNRM-ALADIN63/SBCK-CDFt-ERA5-1976-2005/day/tasmaxAdjust/v20260512/tasmaxAdjust_EUR-11_MOHC-HadGEM2-ES_historical_r1i1p1_CNRM-ALADIN63_SBCK-CDFt-ERA5-1976-2005_day_19510101-20051231.nc,CNRM_MOHC-HadGEM2-ES_rcp85_r1i1p1_CNRM-ALADIN63_SBCK-CDFt-ERA5-1976-2005_day_tasmaxAdjust_v20260512,noleap,92,3.7417364124606003
3576,2000,6,61,7781645.564314887,11.333333333333334,16.0,235169.1440928373,542076.1252069781,1296940.9273858145,3302248.5150146554,11.777088508085654,29.674035475161645,151.15763115139316,474.7845676025863,/bdd/CORDEX-Adjust/bias-adjusted-output/EUR-11/CNRM/MOHC-HadGEM2-ES/historical/r1i1p1/CNRM-ALADIN63/SBCK-CDFt-ERA5-1976-2005/day/tasmaxAdjust/v20260512/tasmaxAdjust_EUR-11_MOHC-HadGEM2-ES_historical_r1i1p1_CNRM-ALADIN63_SBCK-CDFt-ERA5-1976-2005_day_19510101-20051231.nc,CNRM_MOHC-HadGEM2-ES_rcp85_r1i1p1_CNRM-ALADIN63_SBCK-CDFt-ERA5-1976-2005_day_tasmaxAdjust_v20260512,noleap,92,0.9861850679801397
3577,2001,1,11,575176.0103724839,11.0,11.0,95897.16400656154,95897.16400656154,575176.0103724839,575176.0103724839,10.21686265705032,10.21686265705032,112.3854892275535,112.3854892275535,/bdd/CORDEX-Adjust/bias-adjusted-output/EUR-11/CNRM/MOHC-HadGEM2-ES/historical/r1i1p1/CNRM-ALADIN63/SBCK-CDFt-ERA5-1976-2005/day/tasmaxAdjust/v20260512/tasmaxAdjust_EUR-11_MOHC-HadGEM2-ES_historical_r1i1p1_CNRM-ALADIN63_SBCK-CDFt-ERA5-1976-2005_day_19510101-20051231.nc,CNRM_MOHC-HadGEM2-ES_rcp85_r1i1p1_CNRM-ALADIN63_SBCK-CDFt-ERA5-1976-2005_day_tasmaxAdjust_v20260512,noleap,92,0.07289332162479104
3578,2002,9,92,21265231.08131339,17.333333333333332,92.0,324437.7605676524,1635367.907703742,2362803.453479266,15395239.487143105,4.614485103544252,12.820844702872137,79.3182913816213,417.1348114496316,/bdd/CORDEX-Adjust/bias-adjusted-output/EUR-11/CNRM/MOHC-HadGEM2-ES/historical/r1i1p1/CNRM-ALADIN63/SBCK-CDFt-ERA5-1976-2005/day/tasmaxAdjust/v20260512/tasmaxAdjust_EUR-11_MOHC-HadGEM2-ES_historical_r1i1p1_CNRM-ALADIN63_SBCK-CDFt-ERA5-1976-2005_day_19510101-20051231.nc,CNRM_MOHC-HadGEM2-ES_rcp85_r1i1p1_CNRM-ALADIN63_SBCK-CDFt-ERA5-1976-2005_day_tasmaxAdjust_v20260512,noleap,92,2.6949895348240265
3579,2003,2,17,1479464.4974365851,8.5,10.0,157850.81184051224,235208.2846247899,739732.2487182926,1149021.6591717552,6.354315705087499,12.067606061940795,62.58161902852368,120.67606061940796,/bdd/CORDEX-Adjust/bias-adjusted-output/EUR-11/CNRM/MOHC-HadGEM2-ES/historical/r1i1p1/CNRM-ALADIN63/SBCK-CDFt-ERA5-1976-2005/day/tasmaxAdjust/v20260512/tasmaxAdjust_EUR-11_MOHC-HadGEM2-ES_historical_r1i1p1_CNRM-ALADIN63_SBCK-CDFt-ERA5-1976-2005_day_19510101-20051231.nc,CNRM_MOHC-HadGEM2-ES_rcp85_r1i1p1_CNRM-ALADIN63_SBCK-CDFt-ERA5-1976-2005_day_tasmaxAdjust_v20260512,noleap,92,0.1874957917216778
3580,2004,0,0,0.0,,,,,,,,,,,/bdd/CORDEX-Adjust/bias-adjusted-output/EUR-11/CNRM/MOHC-HadGEM2-ES/historical/r1i1p1/CNRM-ALADIN63/SBCK-CDFt-ERA5-1976-2005/day/tasmaxAdjust/v20260512/tasmaxAdjust_EUR-11_MOHC-HadGEM2-ES_historical_r1i1p1_CNRM-ALADIN63_SBCK-CDFt-ERA5-1976-2005_day_19510101-20051231.nc,CNRM_MOHC-HadGEM2-ES_rcp85_r1i1p1_CNRM-ALADIN63_SBCK-CDFt-ERA5-1976-2005_day_tasmaxAdjust_v20260512,noleap,92,0.0
3581,2005,3,20,7371798.390417181,10.333333333333334,12.0,424514.9593535795,889155.5263587389,2457266.1301390603,5002535.13277057,11.586057780210332,19.43041181068028,132.62209000089467,233.16494172816329,/bdd/CORDEX-Adjust/bias-adjusted-output/EUR-11/CNRM/MOHC-HadGEM2-ES/historical/r1i1p1/CNRM-ALADIN63/SBCK-CDFt-ERA5-1976-2005/day/tasmaxAdjust/v20260512/tasmaxAdjust_EUR-11_MOHC-HadGEM2-ES_historical_r1i1p1_CNRM-ALADIN63_SBCK-CDFt-ERA5-1976-2005_day_19510101-20051231.nc,CNRM_MOHC-HadGEM2-ES_rcp85_r1i1p1_CNRM-ALADIN63_SBCK-CDFt-ERA5-1976-2005_day_tasmaxAdjust_v20260512,noleap,92,0.9342442336525919
3582,2006,1,5,560977.6224940876,5.0,5.0,119847.5191765328,119847.5191765328,560977.6224940876,560977.6224940876,2.3063379353931586,2.3063379353931586,11.531689676965792,11.531689676965792,/bdd/CORDEX-Adjust/bias-adjusted-output/EUR-11/CNRM/MOHC-HadGEM2-ES/rcp85/r1i1p1/CNRM-ALADIN63/SBCK-CDFt-ERA5-1976-2005/day/tasmaxAdjust/v20260512/tasmaxAdjust_EUR-11_MOHC-HadGEM2-ES_rcp85_r1i1p1_CNRM-ALADIN63_SBCK-CDFt-ERA5-1976-2005_day_20060101-20991231.nc,CNRM_MOHC-HadGEM2-ES_rcp85_r1i1p1_CNRM-ALADIN63_SBCK-CDFt-ERA5-1976-2005_day_tasmaxAdjust_v20260512,noleap,92,0.07109392868157138
3583,2007,6,77,7603211.7658579955,17.0,31.0,211483.6811573503,581469.4854173936,1267201.960976333,3234468.3310847166,7.907769292908891,26.31093069137755,123.62508752280418,447.2858217534184,/bdd/CORDEX-Adjust/bias-adjusted-output/EUR-11/CNRM/MOHC-HadGEM2-ES/rcp85/r1i1p1/CNRM-ALADIN63/SBCK-CDFt-ERA5-1976-2005/day/tasmaxAdjust/v20260512/tasmaxAdjust_EUR-11_MOHC-HadGEM2-ES_rcp85_r1i1p1_CNRM-ALADIN63_SBCK-CDFt-ERA5-1976-2005_day_20060101-20991231.nc,CNRM_MOHC-HadGEM2-ES_rcp85_r1i1p1_CNRM-ALADIN63_SBCK-CDFt-ERA5-1976-2005_day_tasmaxAdjust_v20260512,noleap,92,0.9635717600098921
3584,2008,6,62,25158270.01307549,16.166666666666668,31.0,665327.3127893785,1525137.72858318,4193045.002179248,9390711.1415275,12.809005491684838,25.09242150800944,266.82433514628207,690.1425331906369,/bdd/CORDEX-Adjust/bias-adjusted-output/EUR-11/CNRM/MOHC-HadGEM2-ES/rcp85/r1i1p1/CNRM-ALADIN63/SBCK-CDFt-ERA5-1976-2005/day/tasmaxAdjust/v20260512/tasmaxAdjust_EUR-11_MOHC-HadGEM2-ES_rcp85_r1i1p1_CNRM-ALADIN63_SBCK-CDFt-ERA5-1976-2005_day_20060101-20991231.nc,CNRM_MOHC-HadGEM2-ES_rcp85_r1i1p1_CNRM-ALADIN63_SBCK-CDFt-ERA5-1976-2005_day_tasmaxAdjust_v20260512,noleap,92,3.1883629263307305
3585,2009,4,80,27694227.69377457,22.25,64.0,946720.4906485868,2539792.4501266284,6923556.923443642,20910692.546565488,10.80843709678066,14.143373900532138,250.52975834309083,711.1055589314419,/bdd/CORDEX-Adjust/bias-adjusted-output/EUR-11/CNRM/MOHC-HadGEM2-ES/rcp85/r1i1p1/CNRM-ALADIN63/SBCK-CDFt-ERA5-1976-2005/day/tasmaxAdjust/v20260512/tasmaxAdjust_EUR-11_MOHC-HadGEM2-ES_rcp85_r1i1p1_CNRM-ALADIN63_SBCK-CDFt-ERA5-1976-2005_day_20060101-20991231.nc,CNRM_MOHC-HadGEM2-ES_rcp85_r1i1p1_CNRM-ALADIN63_SBCK-CDFt-ERA5-1976-2005_day_tasmaxAdjust_v20260512,noleap,92,3.509750424266094
3586,2010,6,92,42501127.387040645,24.83333333333333,92.0,1014174.8535667434,4245485.579660779,7083521.231173441,31962652.246517688,11.81975640243901,29.53719662768614,255.8663604173153,609.6097408664948,/bdd/CORDEX-Adjust/bias-adjusted-output/EUR-11/CNRM/MOHC-HadGEM2-ES/rcp85/r1i1p1/CNRM-ALADIN63/SBCK-CDFt-ERA5-1976-2005/day/tasmaxAdjust/v20260512/tasmaxAdjust_EUR-11_MOHC-HadGEM2-ES_rcp85_r1i1p1_CNRM-ALADIN63_SBCK-CDFt-ERA5-1976-2005_day_20060101-20991231.nc,CNRM_MOHC-HadGEM2-ES_rcp85_r1i1p1_CNRM-ALADIN63_SBCK-CDFt-ERA5-1976-2005_day_tasmaxAdjust_v20260512,noleap,92,5.3862614089789185
3587,2011,4,92,18588966.446329527,31.0,92.0,746557.8231386477,2105017.8984388355,4647241.611582382,14058998.129851732,15.554028721366926,31.58153962803153,412.85524249370286,994.2707626399103,/bdd/CORDEX-Adjust/bias-adjusted-output/EUR-11/CNRM/MOHC-HadGEM2-ES/rcp85/r1i1p1/CNRM-ALADIN63/SBCK-CDFt-ERA5-1976-2005/day/tasmaxAdjust/v20260512/tasmaxAdjust_EUR-11_MOHC-HadGEM2-ES_rcp85_r1i1p1_CNRM-ALADIN63_SBCK-CDFt-ERA5-1976-2005_day_20060101-20991231.nc,CNRM_MOHC-HadGEM2-ES_rcp85_r1i1p1_CNRM-ALADIN63_SBCK-CDFt-ERA5-1976-2005_day_tasmaxAdjust_v20260512,noleap,92,2.3558206277887734
3588,2012,2,60,12211019.610126063,34.5,41.0,768823.439708729,956599.1286658144,6105509.805063032,7705840.93838074,4.966922348670007,6.594552235073559,160.77922676749216,184.6474625820597,/bdd/CORDEX-Adjust/bias-adjusted-output/EUR-11/CNRM/MOHC-HadGEM2-ES/rcp85/r1i1p1/CNRM-ALADIN63/SBCK-CDFt-ERA5-1976-2005/day/tasmaxAdjust/v20260512/tasmaxAdjust_EUR-11_MOHC-HadGEM2-ES_rcp85_r1i1p1_CNRM-ALADIN63_SBCK-CDFt-ERA5-1976-2005_day_20060101-20991231.nc,CNRM_MOHC-HadGEM2-ES_rcp85_r1i1p1_CNRM-ALADIN63_SBCK-CDFt-ERA5-1976-2005_day_tasmaxAdjust_v20260512,noleap,92,1.5475293888406783
3589,2013,2,92,20277500.018450588,51.5,92.0,1075294.8884572603,1888645.742770228,10138750.009225294,18936081.68922611,4.223152100531376,8.080405186178664,373.7110831460811,743.3972771284372,/bdd/CORDEX-Adjust/bias-adjusted-output/EUR-11/CNRM/MOHC-HadGEM2-ES/rcp85/r1i1p1/CNRM-ALADIN63/SBCK-CDFt-ERA5-1976-2005/day/tasmaxAdjust/v20260512/tasmaxAdjust_EUR-11_MOHC-HadGEM2-ES_rcp85_r1i1p1_CNRM-ALADIN63_SBCK-CDFt-ERA5-1976-2005_day_20060101-20991231.nc,CNRM_MOHC-HadGEM2-ES_rcp85_r1i1p1_CNRM-ALADIN63_SBCK-CDFt-ERA5-1976-2005_day_tasmaxAdjust_v20260512,noleap,92,2.569812203458227
3590,2014,7,92,15633681.308172029,22.0,92.0,437580.4413783126,1398339.8689611128,2233383.044024575,7536513.918916102,16.687762499886595,38.01070822847181,171.42346054411252,444.13703726606144,/bdd/CORDEX-Adjust/bias-adjusted-output/EUR-11/CNRM/MOHC-HadGEM2-ES/rcp85/r1i1p1/CNRM-ALADIN63/SBCK-CDFt-ERA5-1976-2005/day/tasmaxAdjust/v20260512/tasmaxAdjust_EUR-11_MOHC-HadGEM2-ES_rcp85_r1i1p1_CNRM-ALADIN63_SBCK-CDFt-ERA5-1976-2005_day_20060101-20991231.nc,CNRM_MOHC-HadGEM2-ES_rcp85_r1i1p1_CNRM-ALADIN63_SBCK-CDFt-ERA5-1976-2005_day_tasmaxAdjust_v20260512,noleap,92,1.9812908383262864
3591,2015,6,83,28263551.86079752,22.0,47.0,688405.5573425652,1790879.7314142955,4710591.976799587,15857228.084768496,5.1761650425960735,15.678887798006818,126.58349117466196,391.9721949501704,/bdd/CORDEX-Adjust/bias-adjusted-output/EUR-11/CNRM/MOHC-HadGEM2-ES/rcp85/r1i1p1/CNRM-ALADIN63/SBCK-CDFt-ERA5-1976-2005/day/tasmaxAdjust/v20260512/tasmaxAdjust_EUR-11_MOHC-HadGEM2-ES_rcp85_r1i1p1_CNRM-ALADIN63_SBCK-CDFt-ERA5-1976-2005_day_20060101-20991231.nc,CNRM_MOHC-HadGEM2-ES_rcp85_r1i1p1_CNRM-ALADIN63_SBCK-CDFt-ERA5-1976-2005_day_tasmaxAdjust_v20260512,noleap,92,3.5819021289046353
3592,2016,8,69,19484528.340017624,10.5,23.0,376165.116617397,2013289.6656359057,2435566.042502203,14781819.62457783,13.500514611422684,29.845087641534736,165.60740392444788,419.9954775637064,/bdd/CORDEX-Adjust/bias-adjusted-output/EUR-11/CNRM/MOHC-HadGEM2-ES/rcp85/r1i1p1/CNRM-ALADIN63/SBCK-CDFt-ERA5-1976-2005/day/tasmaxAdjust/v20260512/tasmaxAdjust_EUR-11_MOHC-HadGEM2-ES_rcp85_r1i1p1_CNRM-ALADIN63_SBCK-CDFt-ERA5-1976-2005_day_20060101-20991231.nc,CNRM_MOHC-HadGEM2-ES_rcp85_r1i1p1_CNRM-ALADIN63_SBCK-CDFt-ERA5-1976-2005_day_tasmaxAdjust_v20260512,noleap,92,2.4693171575018913
3593,2017,3,92,10439326.606438965,40.0,92.0,680117.5325988588,1198893.479660826,3479775.535479655,5707291.383243764,10.482124023980653,15.560644076359122,210.66807822245315,226.17259436840823,/bdd/CORDEX-Adjust/bias-adjusted-output/EUR-11/CNRM/MOHC-HadGEM2-ES/rcp85/r1i1p1/CNRM-ALADIN63/SBCK-CDFt-ERA5-1976-2005/day/tasmaxAdjust/v20260512/tasmaxAdjust_EUR-11_MOHC-HadGEM2-ES_rcp85_r1i1p1_CNRM-ALADIN63_SBCK-CDFt-ERA5-1976-2005_day_20060101-20991231.nc,CNRM_MOHC-HadGEM2-ES_rcp85_r1i1p1_CNRM-ALADIN63_SBCK-CDFt-ERA5-1976-2005_day_tasmaxAdjust_v20260512,noleap,92,1.3229988353940527
3594,2018,6,92,46428522.13676819,34.0,92.0,969017.812813258,2341556.617192963,7738087.022794698,25259755.73020155,8.772051070988779,19.43646200978861,342.1874827507067,1477.171112743934,/bdd/CORDEX-Adjust/bias-adjusted-output/EUR-11/CNRM/MOHC-HadGEM2-ES/rcp85/r1i1p1/CNRM-ALADIN63/SBCK-CDFt-ERA5-1976-2005/day/tasmaxAdjust/v20260512/tasmaxAdjust_EUR-11_MOHC-HadGEM2-ES_rcp85_r1i1p1_CNRM-ALADIN63_SBCK-CDFt-ERA5-1976-2005_day_20060101-20991231.nc,CNRM_MOHC-HadGEM2-ES_rcp85_r1i1p1_CNRM-ALADIN63_SBCK-CDFt-ERA5-1976-2005_day_tasmaxAdjust_v20260512,noleap,92,5.883988788905648
3595,2019,4,92,54743946.06853096,50.25,92.0,1409542.584044306,3177186.96723388,13685986.51713274,36685209.3662539,9.49138935508233,18.51284000904548,318.4170124218947,740.5136003618189,/bdd/CORDEX-Adjust/bias-adjusted-output/EUR-11/CNRM/MOHC-HadGEM2-ES/rcp85/r1i1p1/CNRM-ALADIN63/SBCK-CDFt-ERA5-1976-2005/day/tasmaxAdjust/v20260512/tasmaxAdjust_EUR-11_MOHC-HadGEM2-ES_rcp85_r1i1p1_CNRM-ALADIN63_SBCK-CDFt-ERA5-1976-2005_day_20060101-20991231.nc,CNRM_MOHC-HadGEM2-ES_rcp85_r1i1p1_CNRM-ALADIN63_SBCK-CDFt-ERA5-1976-2005_day_tasmaxAdjust_v20260512,noleap,92,6.93782076411604
3596,2020,8,89,38165732.39034469,21.75,68.0,677017.2427287784,1886858.581987167,4770716.548793087,15634837.642546551,4.437649229704309,12.854766339257257,143.15667828894857,605.547379491081,/bdd/CORDEX-Adjust/bias-adjusted-output/EUR-11/CNRM/MOHC-HadGEM2-ES/rcp85/r1i1p1/CNRM-ALADIN63/SBCK-CDFt-ERA5-1976-2005/day/tasmaxAdjust/v20260512/tasmaxAdjust_EUR-11_MOHC-HadGEM2-ES_rcp85_r1i1p1_CNRM-ALADIN63_SBCK-CDFt-ERA5-1976-2005_day_20060101-20991231.nc,CNRM_MOHC-HadGEM2-ES_rcp85_r1i1p1_CNRM-ALADIN63_SBCK-CDFt-ERA5-1976-2005_day_tasmaxAdjust_v20260512,noleap,92,4.836827259839053
3597,2021,4,42,19334471.11047437,12.75,22.0,679033.6416207145,2240735.5454923594,4833617.7776185945,17151864.333448716,10.368615198598976,24.515555267306137,167.18213697205854,539.342215880735,/bdd/CORDEX-Adjust/bias-adjusted-output/EUR-11/CNRM/MOHC-HadGEM2-ES/rcp85/r1i1p1/CNRM-ALADIN63/SBCK-CDFt-ERA5-1976-2005/day/tasmaxAdjust/v20260512/tasmaxAdjust_EUR-11_MOHC-HadGEM2-ES_rcp85_r1i1p1_CNRM-ALADIN63_SBCK-CDFt-ERA5-1976-2005_day_20060101-20991231.nc,CNRM_MOHC-HadGEM2-ES_rcp85_r1i1p1_CNRM-ALADIN63_SBCK-CDFt-ERA5-1976-2005_day_tasmaxAdjust_v20260512,noleap,92,2.4503000745603796
3598,2022,5,92,24307606.242509127,31.2,92.0,811405.6333844623,2440050.4209798174,4861521.248501825,16628474.700662872,12.428460168449714,26.698918228053905,392.3646901380508,1019.7396504107888,/bdd/CORDEX-Adjust/bias-adjusted-output/EUR-11/CNRM/MOHC-HadGEM2-ES/rcp85/r1i1p1/CNRM-ALADIN63/SBCK-CDFt-ERA5-1976-2005/day/tasmaxAdjust/v20260512/tasmaxAdjust_EUR-11_MOHC-HadGEM2-ES_rcp85_r1i1p1_CNRM-ALADIN63_SBCK-CDFt-ERA5-1976-2005_day_20060101-20991231.nc,CNRM_MOHC-HadGEM2-ES_rcp85_r1i1p1_CNRM-ALADIN63_SBCK-CDFt-ERA5-1976-2005_day_tasmaxAdjust_v20260512,noleap,92,3.080556434571286
3599,2023,11,82,73600532.90922755,13.545454545454543,43.0,734104.4055113303,3983005.8439205326,6690957.537202504,49752991.979250446,8.894569977255621,23.73277709616091,133.22779428078974,631.4559727048072,/bdd/CORDEX-Adjust/bias-adjusted-output/EUR-11/CNRM/MOHC-HadGEM2-ES/rcp85/r1i1p1/CNRM-ALADIN63/SBCK-CDFt-ERA5-1976-2005/day/tasmaxAdjust/v20260512/tasmaxAdjust_EUR-11_MOHC-HadGEM2-ES_rcp85_r1i1p1_CNRM-ALADIN63_SBCK-CDFt-ERA5-1976-2005_day_20060101-20991231.nc,CNRM_MOHC-HadGEM2-ES_rcp85_r1i1p1_CNRM-ALADIN63_SBCK-CDFt-ERA5-1976-2005_day_tasmaxAdjust_v20260512,noleap,92,9.32755751345397
3600,2024,6,92,43636843.35702584,22.166666666666668,92.0,832421.0126535213,3556408.7999988794,7272807.226170973,37330645.956789486,6.876237142242444,13.33946907723337,199.1562546350721,878.9565145326229,/bdd/CORDEX-Adjust/bias-adjusted-output/EUR-11/CNRM/MOHC-HadGEM2-ES/rcp85/r1i1p1/CNRM-ALADIN63/SBCK-CDFt-ERA5-1976-2005/day/tasmaxAdjust/v20260512/tasmaxAdjust_EUR-11_MOHC-HadGEM2-ES_rcp85_r1i1p1_CNRM-ALADIN63_SBCK-CDFt-ERA5-1976-2005_day_20060101-20991231.nc,CNRM_MOHC-HadGEM2-ES_rcp85_r1i1p1_CNRM-ALADIN63_SBCK-CDFt-ERA5-1976-2005_day_tasmaxAdjust_v20260512,noleap,92,5.530193193305129
3601,2025,7,92,74392892.09005165,27.285714285714285,45.0,1334449.1240053768,4299460.581975834,10627556.01286452,39067259.89614662,16.854310852096095,43.30095194040377,528.3297255562219,1428.9314140333245,/bdd/CORDEX-Adjust/bias-adjusted-output/EUR-11/CNRM/MOHC-HadGEM2-ES/rcp85/r1i1p1/CNRM-ALADIN63/SBCK-CDFt-ERA5-1976-2005/day/tasmaxAdjust/v20260512/tasmaxAdjust_EUR-11_MOHC-HadGEM2-ES_rcp85_r1i1p1_CNRM-ALADIN63_SBCK-CDFt-ERA5-1976-2005_day_20060101-20991231.nc,CNRM_MOHC-HadGEM2-ES_rcp85_r1i1p1_CNRM-ALADIN63_SBCK-CDFt-ERA5-1976-2005_day_tasmaxAdjust_v20260512,noleap,92,9.427974936240368
3602,2026,4,90,12889774.066123605,32.0,63.0,569335.2858894817,1482242.0685560508,3222443.5165309007,8839802.751856815,25.87699997819216,38.20481605910748,1062.624408317172,2406.903411723771,/bdd/CORDEX-Adjust/bias-adjusted-output/EUR-11/CNRM/MOHC-HadGEM2-ES/rcp85/r1i1p1/CNRM-ALADIN63/SBCK-CDFt-ERA5-1976-2005/day/tasmaxAdjust/v20260512/tasmaxAdjust_EUR-11_MOHC-HadGEM2-ES_rcp85_r1i1p1_CNRM-ALADIN63_SBCK-CDFt-ERA5-1976-2005_day_20060101-20991231.nc,CNRM_MOHC-HadGEM2-ES_rcp85_r1i1p1_CNRM-ALADIN63_SBCK-CDFt-ERA5-1976-2005_day_tasmaxAdjust_v20260512,noleap,92,1.6335494348319004
3603,2027,5,82,18489999.33528445,33.4,56.0,466367.4645267663,1068448.585706525,3697999.86705689,11121928.27490474,6.17661977683761,11.106055491475338,200.9903448831364,399.81799769311215,/bdd/CORDEX-Adjust/bias-adjusted-output/EUR-11/CNRM/MOHC-HadGEM2-ES/rcp85/r1i1p1/CNRM-ALADIN63/SBCK-CDFt-ERA5-1976-2005/day/tasmaxAdjust/v20260512/tasmaxAdjust_EUR-11_MOHC-HadGEM2-ES_rcp85_r1i1p1_CNRM-ALADIN63_SBCK-CDFt-ERA5-1976-2005_day_20060101-20991231.nc,CNRM_MOHC-HadGEM2-ES_rcp85_r1i1p1_CNRM-ALADIN63_SBCK-CDFt-ERA5-1976-2005_day_tasmaxAdjust_v20260512,noleap,92,2.343278308002151
3604,2028,6,92,26044248.29361803,35.0,92.0,596905.8587368041,1617736.688829988,4340708.048936338,13387252.851376968,12.738909667032848,34.99593320674474,395.73763875431433,1049.877996202342,/bdd/CORDEX-Adjust/bias-adjusted-output/EUR-11/CNRM/MOHC-HadGEM2-ES/rcp85/r1i1p1/CNRM-ALADIN63/SBCK-CDFt-ERA5-1976-2005/day/tasmaxAdjust/v20260512/tasmaxAdjust_EUR-11_MOHC-HadGEM2-ES_rcp85_r1i1p1_CNRM-ALADIN63_SBCK-CDFt-ERA5-1976-2005_day_20060101-20991231.nc,CNRM_MOHC-HadGEM2-ES_rcp85_r1i1p1_CNRM-ALADIN63_SBCK-CDFt-ERA5-1976-2005_day_tasmaxAdjust_v20260512,noleap,92,3.300644903658581
3605,2029,8,92,40170065.6898171,22.625,53.0,701517.1542038096,2962857.8092332752,5021258.211227138,24058688.322210822,10.673408877812657,29.66765593540884,323.6858258444147,920.5898932441984,/bdd/CORDEX-Adjust/bias-adjusted-output/EUR-11/CNRM/MOHC-HadGEM2-ES/rcp85/r1i1p1/CNRM-ALADIN63/SBCK-CDFt-ERA5-1976-2005/day/tasmaxAdjust/v20260512/tasmaxAdjust_EUR-11_MOHC-HadGEM2-ES_rcp85_r1i1p1_CNRM-ALADIN63_SBCK-CDFt-ERA5-1976-2005_day_20060101-20991231.nc,CNRM_MOHC-HadGEM2-ES_rcp85_r1i1p1_CNRM-ALADIN63_SBCK-CDFt-ERA5-1976-2005_day_tasmaxAdjust_v20260512,noleap,92,5.090840829958407
3606,2030,5,92,40661460.32716271,41.6,92.0,640704.0227171185,1704339.5961539417,8132292.065432543,31536455.151497312,3.181187250626841,5.30900494239451,186.98583558688173,488.4284547002949,/bdd/CORDEX-Adjust/bias-adjusted-output/EUR-11/CNRM/MOHC-HadGEM2-ES/rcp85/r1i1p1/CNRM-ALADIN63/SBCK-CDFt-ERA5-1976-2005/day/tasmaxAdjust/v20260512/tasmaxAdjust_EUR-11_MOHC-HadGEM2-ES_rcp85_r1i1p1_CNRM-ALADIN63_SBCK-CDFt-ERA5-1976-2005_day_20060101-20991231.nc,CNRM_MOHC-HadGEM2-ES_rcp85_r1i1p1_CNRM-ALADIN63_SBCK-CDFt-ERA5-1976-2005_day_tasmaxAdjust_v20260512,noleap,92,5.153116353795944
3607,2031,5,88,17281836.96753319,24.4,77.0,434086.6964721333,779164.300760223,3456367.393506638,9768245.948614856,5.019999535824143,7.416449800089124,92.93519025850206,243.1870381215128,/bdd/CORDEX-Adjust/bias-adjusted-output/EUR-11/CNRM/MOHC-HadGEM2-ES/rcp85/r1i1p1/CNRM-ALADIN63/SBCK-CDFt-ERA5-1976-2005/day/tasmaxAdjust/v20260512/tasmaxAdjust_EUR-11_MOHC-HadGEM2-ES_rcp85_r1i1p1_CNRM-ALADIN63_SBCK-CDFt-ERA5-1976-2005_day_20060101-20991231.nc,CNRM_MOHC-HadGEM2-ES_rcp85_r1i1p1_CNRM-ALADIN63_SBCK-CDFt-ERA5-1976-2005_day_tasmaxAdjust_v20260512,noleap,92,2.1901652322491665
3608,2032,5,92,41473304.15263907,28.4,92.0,987825.3639147464,3091762.429830528,8294660.830527814,30893487.85921964,12.585079689181969,21.61157433263596,419.2515328121504,1411.454140111552,/bdd/CORDEX-Adjust/bias-adjusted-output/EUR-11/CNRM/MOHC-HadGEM2-ES/rcp85/r1i1p1/CNRM-ALADIN63/SBCK-CDFt-ERA5-1976-2005/day/tasmaxAdjust/v20260512/tasmaxAdjust_EUR-11_MOHC-HadGEM2-ES_rcp85_r1i1p1_CNRM-ALADIN63_SBCK-CDFt-ERA5-1976-2005_day_20060101-20991231.nc,CNRM_MOHC-HadGEM2-ES_rcp85_r1i1p1_CNRM-ALADIN63_SBCK-CDFt-ERA5-1976-2005_day_tasmaxAdjust_v20260512,noleap,92,5.25600310848035
3609,2033,8,92,48390078.99182677,23.0,92.0,693044.5185755456,4870969.27700682,6048759.873978347,45197308.6104774,6.391442892489844,21.26730662936377,193.35088550545387,808.1576519158232,/bdd/CORDEX-Adjust/bias-adjusted-output/EUR-11/CNRM/MOHC-HadGEM2-ES/rcp85/r1i1p1/CNRM-ALADIN63/SBCK-CDFt-ERA5-1976-2005/day/tasmaxAdjust/v20260512/tasmaxAdjust_EUR-11_MOHC-HadGEM2-ES_rcp85_r1i1p1_CNRM-ALADIN63_SBCK-CDFt-ERA5-1976-2005_day_20060101-20991231.nc,CNRM_MOHC-HadGEM2-ES_rcp85_r1i1p1_CNRM-ALADIN63_SBCK-CDFt-ERA5-1976-2005_day_tasmaxAdjust_v20260512,noleap,92,6.132581206083308
3610,2034,3,92,124469359.66242814,42.0,92.0,2652425.037212224,7680870.670773331,41489786.55414271,122774277.0128279,1.7793520417749615,3.4263016676082154,56.31597276170847,128.00808775778208,/bdd/CORDEX-Adjust/bias-adjusted-output/EUR-11/CNRM/MOHC-HadGEM2-ES/rcp85/r1i1p1/CNRM-ALADIN63/SBCK-CDFt-ERA5-1976-2005/day/tasmaxAdjust/v20260512/tasmaxAdjust_EUR-11_MOHC-HadGEM2-ES_rcp85_r1i1p1_CNRM-ALADIN63_SBCK-CDFt-ERA5-1976-2005_day_20060101-20991231.nc,CNRM_MOHC-HadGEM2-ES_rcp85_r1i1p1_CNRM-ALADIN63_SBCK-CDFt-ERA5-1976-2005_day_tasmaxAdjust_v20260512,noleap,92,15.774275878490657
3611,2035,6,92,37500358.36531448,32.166666666666664,86.0,956143.3951463004,2630638.312187478,6250059.727552413,21742812.010145176,7.071110706598137,13.58917799306237,147.74181800086538,317.89159346914454,/bdd/CORDEX-Adjust/bias-adjusted-output/EUR-11/CNRM/MOHC-HadGEM2-ES/rcp85/r1i1p1/CNRM-ALADIN63/SBCK-CDFt-ERA5-1976-2005/day/tasmaxAdjust/v20260512/tasmaxAdjust_EUR-11_MOHC-HadGEM2-ES_rcp85_r1i1p1_CNRM-ALADIN63_SBCK-CDFt-ERA5-1976-2005_day_20060101-20991231.nc,CNRM_MOHC-HadGEM2-ES_rcp85_r1i1p1_CNRM-ALADIN63_SBCK-CDFt-ERA5-1976-2005_day_tasmaxAdjust_v20260512,noleap,92,4.752502945311576
3612,2036,8,92,38992266.4122782,34.625,92.0,576688.3240435405,2763437.0371286874,4874033.301534775,26986457.09093972,8.96437914503999,20.1634501363448,363.2406035472514,1653.4029111802731,/bdd/CORDEX-Adjust/bias-adjusted-output/EUR-11/CNRM/MOHC-HadGEM2-ES/rcp85/r1i1p1/CNRM-ALADIN63/SBCK-CDFt-ERA5-1976-2005/day/tasmaxAdjust/v20260512/tasmaxAdjust_EUR-11_MOHC-HadGEM2-ES_rcp85_r1i1p1_CNRM-ALADIN63_SBCK-CDFt-ERA5-1976-2005_day_20060101-20991231.nc,CNRM_MOHC-HadGEM2-ES_rcp85_r1i1p1_CNRM-ALADIN63_SBCK-CDFt-ERA5-1976-2005_day_tasmaxAdjust_v20260512,noleap,92,4.941575735450222
3613,2037,5,92,56282865.3137606,44.0,92.0,1265425.1943577654,2983771.531806151,11256573.06275212,29861171.235277392,8.80818208215796,21.76776586148569,381.43563608344977,1464.7191580459266,/bdd/CORDEX-Adjust/bias-adjusted-output/EUR-11/CNRM/MOHC-HadGEM2-ES/rcp85/r1i1p1/CNRM-ALADIN63/SBCK-CDFt-ERA5-1976-2005/day/tasmaxAdjust/v20260512/tasmaxAdjust_EUR-11_MOHC-HadGEM2-ES_rcp85_r1i1p1_CNRM-ALADIN63_SBCK-CDFt-ERA5-1976-2005_day_20060101-20991231.nc,CNRM_MOHC-HadGEM2-ES_rcp85_r1i1p1_CNRM-ALADIN63_SBCK-CDFt-ERA5-1976-2005_day_tasmaxAdjust_v20260512,noleap,92,7.132851386871776
3614,2038,7,92,41767989.01970032,27.428571428571427,92.0,691090.8986777405,2679785.4700558432,5966855.574242903,25378999.329589352,8.77153763493048,14.805837398200929,209.28547901424025,618.0328632695263,/bdd/CORDEX-Adjust/bias-adjusted-output/EUR-11/CNRM/MOHC-HadGEM2-ES/rcp85/r1i1p1/CNRM-ALADIN63/SBCK-CDFt-ERA5-1976-2005/day/tasmaxAdjust/v20260512/tasmaxAdjust_EUR-11_MOHC-HadGEM2-ES_rcp85_r1i1p1_CNRM-ALADIN63_SBCK-CDFt-ERA5-1976-2005_day_20060101-20991231.nc,CNRM_MOHC-HadGEM2-ES_rcp85_r1i1p1_CNRM-ALADIN63_SBCK-CDFt-ERA5-1976-2005_day_tasmaxAdjust_v20260512,noleap,92,5.293349170216728
3615,2039,3,92,50551533.13945398,64.33333333333333,92.0,1923605.7097249168,4692762.817351768,16850511.04648466,45108967.65715811,4.13601050658565,9.361784525358704,341.1649082154191,861.2841763330008,/bdd/CORDEX-Adjust/bias-adjusted-output/EUR-11/CNRM/MOHC-HadGEM2-ES/rcp85/r1i1p1/CNRM-ALADIN63/SBCK-CDFt-ERA5-1976-2005/day/tasmaxAdjust/v20260512/tasmaxAdjust_EUR-11_MOHC-HadGEM2-ES_rcp85_r1i1p1_CNRM-ALADIN63_SBCK-CDFt-ERA5-1976-2005_day_20060101-20991231.nc,CNRM_MOHC-HadGEM2-ES_rcp85_r1i1p1_CNRM-ALADIN63_SBCK-CDFt-ERA5-1976-2005_day_tasmaxAdjust_v20260512,noleap,92,6.406507047076216
3616,2040,4,91,48112110.4782099,40.75,63.0,1528567.1232766637,2605382.8259328622,12028027.619552474,22684399.05497764,18.421280241239185,40.99541747341736,910.4402856704686,2582.7113008252936,/bdd/CORDEX-Adjust/bias-adjusted-output/EUR-11/CNRM/MOHC-HadGEM2-ES/rcp85/r1i1p1/CNRM-ALADIN63/SBCK-CDFt-ERA5-1976-2005/day/tasmaxAdjust/v20260512/tasmaxAdjust_EUR-11_MOHC-HadGEM2-ES_rcp85_r1i1p1_CNRM-ALADIN63_SBCK-CDFt-ERA5-1976-2005_day_20060101-20991231.nc,CNRM_MOHC-HadGEM2-ES_rcp85_r1i1p1_CNRM-ALADIN63_SBCK-CDFt-ERA5-1976-2005_day_tasmaxAdjust_v20260512,noleap,92,6.097353644607789
3617,2041,2,92,143635165.33936983,49.0,92.0,3955876.0783209032,7762444.736030813,71817582.66968492,142946486.55172437,6.884457090012588,9.969011482450338,204.7025585357936,349.5910481768851,/bdd/CORDEX-Adjust/bias-adjusted-output/EUR-11/CNRM/MOHC-HadGEM2-ES/rcp85/r1i1p1/CNRM-ALADIN63/SBCK-CDFt-ERA5-1976-2005/day/tasmaxAdjust/v20260512/tasmaxAdjust_EUR-11_MOHC-HadGEM2-ES_rcp85_r1i1p1_CNRM-ALADIN63_SBCK-CDFt-ERA5-1976-2005_day_20060101-20991231.nc,CNRM_MOHC-HadGEM2-ES_rcp85_r1i1p1_CNRM-ALADIN63_SBCK-CDFt-ERA5-1976-2005_day_tasmaxAdjust_v20260512,noleap,92,18.203200611465565
3618,2042,3,92,64338057.25669992,36.0,92.0,2173757.2645941284,6222029.489023535,21446019.08556664,63082569.981841326,10.209414516331528,15.20053061933005,474.0917990810999,1336.3487281070525,/bdd/CORDEX-Adjust/bias-adjusted-output/EUR-11/CNRM/MOHC-HadGEM2-ES/rcp85/r1i1p1/CNRM-ALADIN63/SBCK-CDFt-ERA5-1976-2005/day/tasmaxAdjust/v20260512/tasmaxAdjust_EUR-11_MOHC-HadGEM2-ES_rcp85_r1i1p1_CNRM-ALADIN63_SBCK-CDFt-ERA5-1976-2005_day_20060101-20991231.nc,CNRM_MOHC-HadGEM2-ES_rcp85_r1i1p1_CNRM-ALADIN63_SBCK-CDFt-ERA5-1976-2005_day_tasmaxAdjust_v20260512,noleap,92,8.153703589427739
3619,2043,4,92,41174691.65145206,28.0,92.0,1341588.765620373,4818397.531962035,10293672.912863014,38610271.72686091,6.7971766048632976,14.500777898034032,283.1008764327107,990.492873925396,/bdd/CORDEX-Adjust/bias-adjusted-output/EUR-11/CNRM/MOHC-HadGEM2-ES/rcp85/r1i1p1/CNRM-ALADIN63/SBCK-CDFt-ERA5-1976-2005/day/tasmaxAdjust/v20260512/tasmaxAdjust_EUR-11_MOHC-HadGEM2-ES_rcp85_r1i1p1_CNRM-ALADIN63_SBCK-CDFt-ERA5-1976-2005_day_20060101-20991231.nc,CNRM_MOHC-HadGEM2-ES_rcp85_r1i1p1_CNRM-ALADIN63_SBCK-CDFt-ERA5-1976-2005_day_tasmaxAdjust_v20260512,noleap,92,5.218159289027393
3620,2044,9,92,47194893.39302326,21.55555555555556,92.0,791549.6376787879,2939400.420044756,5243877.043669251,21970555.573657,13.286186033095472,32.80140480487325,341.44921440699574,1464.0887104019434,/bdd/CORDEX-Adjust/bias-adjusted-output/EUR-11/CNRM/MOHC-HadGEM2-ES/rcp85/r1i1p1/CNRM-ALADIN63/SBCK-CDFt-ERA5-1976-2005/day/tasmaxAdjust/v20260512/tasmaxAdjust_EUR-11_MOHC-HadGEM2-ES_rcp85_r1i1p1_CNRM-ALADIN63_SBCK-CDFt-ERA5-1976-2005_day_20060101-20991231.nc,CNRM_MOHC-HadGEM2-ES_rcp85_r1i1p1_CNRM-ALADIN63_SBCK-CDFt-ERA5-1976-2005_day_tasmaxAdjust_v20260512,noleap,92,5.98111270481796
3621,2045,4,92,60797773.03636053,34.0,92.0,1578760.7383123045,3213264.784885472,15199443.259090131,35911626.88784686,9.077801273571126,13.927886013542157,293.5496489809008,831.6665878057242,/bdd/CORDEX-Adjust/bias-adjusted-output/EUR-11/CNRM/MOHC-HadGEM2-ES/rcp85/r1i1p1/CNRM-ALADIN63/SBCK-CDFt-ERA5-1976-2005/day/tasmaxAdjust/v20260512/tasmaxAdjust_EUR-11_MOHC-HadGEM2-ES_rcp85_r1i1p1_CNRM-ALADIN63_SBCK-CDFt-ERA5-1976-2005_day_20060101-20991231.nc,CNRM_MOHC-HadGEM2-ES_rcp85_r1i1p1_CNRM-ALADIN63_SBCK-CDFt-ERA5-1976-2005_day_tasmaxAdjust_v20260512,noleap,92,7.70503557883173
3622,2046,6,92,96534762.30096608,21.83333333333333,92.0,1329984.6843223711,7069505.168954991,16089127.050161012,92199036.305755,5.912890367954393,8.716460175445468,146.01750000758628,677.1471107328562,/bdd/CORDEX-Adjust/bias-adjusted-output/EUR-11/CNRM/MOHC-HadGEM2-ES/rcp85/r1i1p1/CNRM-ALADIN63/SBCK-CDFt-ERA5-1976-2005/day/tasmaxAdjust/v20260512/tasmaxAdjust_EUR-11_MOHC-HadGEM2-ES_rcp85_r1i1p1_CNRM-ALADIN63_SBCK-CDFt-ERA5-1976-2005_day_20060101-20991231.nc,CNRM_MOHC-HadGEM2-ES_rcp85_r1i1p1_CNRM-ALADIN63_SBCK-CDFt-ERA5-1976-2005_day_tasmaxAdjust_v20260512,noleap,92,12.234062877240103
3623,2047,5,92,95017480.93971302,41.2,92.0,1718752.654381564,6738001.952242833,19003496.1879426,84966223.66622263,4.112379399448835,12.63586198899156,112.41208725985317,272.47032154429684,/bdd/CORDEX-Adjust/bias-adjusted-output/EUR-11/CNRM/MOHC-HadGEM2-ES/rcp85/r1i1p1/CNRM-ALADIN63/SBCK-CDFt-ERA5-1976-2005/day/tasmaxAdjust/v20260512/tasmaxAdjust_EUR-11_MOHC-HadGEM2-ES_rcp85_r1i1p1_CNRM-ALADIN63_SBCK-CDFt-ERA5-1976-2005_day_20060101-20991231.nc,CNRM_MOHC-HadGEM2-ES_rcp85_r1i1p1_CNRM-ALADIN63_SBCK-CDFt-ERA5-1976-2005_day_tasmaxAdjust_v20260512,noleap,92,12.04177447114073
3624,2048,6,92,62761166.01408619,24.5,92.0,1291490.7804171697,3765272.78816464,10460194.33568103,38456905.89786166,13.20608944833925,25.24936945224221,219.13875938925503,498.2891012010692,/bdd/CORDEX-Adjust/bias-adjusted-output/EUR-11/CNRM/MOHC-HadGEM2-ES/rcp85/r1i1p1/CNRM-ALADIN63/SBCK-CDFt-ERA5-1976-2005/day/tasmaxAdjust/v20260512/tasmaxAdjust_EUR-11_MOHC-HadGEM2-ES_rcp85_r1i1p1_CNRM-ALADIN63_SBCK-CDFt-ERA5-1976-2005_day_20060101-20991231.nc,CNRM_MOHC-HadGEM2-ES_rcp85_r1i1p1_CNRM-ALADIN63_SBCK-CDFt-ERA5-1976-2005_day_tasmaxAdjust_v20260512,noleap,92,7.953860691875873
3625,2049,5,92,107180447.4636179,36.8,92.0,1124519.3897305643,5293727.424689762,21436089.49272358,105500964.52858612,2.1784103010917533,5.062789834923055,100.00120592440264,339.2069189398447,/bdd/CORDEX-Adjust/bias-adjusted-output/EUR-11/CNRM/MOHC-HadGEM2-ES/rcp85/r1i1p1/CNRM-ALADIN63/SBCK-CDFt-ERA5-1976-2005/day/tasmaxAdjust/v20260512/tasmaxAdjust_EUR-11_MOHC-HadGEM2-ES_rcp85_r1i1p1_CNRM-ALADIN63_SBCK-CDFt-ERA5-1976-2005_day_20060101-20991231.nc,CNRM_MOHC-HadGEM2-ES_rcp85_r1i1p1_CNRM-ALADIN63_SBCK-CDFt-ERA5-1976-2005_day_tasmaxAdjust_v20260512,noleap,92,13.583213986610792
3626,2050,9,92,47729900.28548604,39.333333333333336,92.0,629264.8156335904,3151154.1231716443,5303322.253942894,31913555.95226025,4.639904605205329,10.931701154561264,140.80869013209565,519.8941501995206,/bdd/CORDEX-Adjust/bias-adjusted-output/EUR-11/CNRM/MOHC-HadGEM2-ES/rcp85/r1i1p1/CNRM-ALADIN63/SBCK-CDFt-ERA5-1976-2005/day/tasmaxAdjust/v20260512/tasmaxAdjust_EUR-11_MOHC-HadGEM2-ES_rcp85_r1i1p1_CNRM-ALADIN63_SBCK-CDFt-ERA5-1976-2005_day_20060101-20991231.nc,CNRM_MOHC-HadGEM2-ES_rcp85_r1i1p1_CNRM-ALADIN63_SBCK-CDFt-ERA5-1976-2005_day_tasmaxAdjust_v20260512,noleap,92,6.048915305727052
3627,2051,6,92,101440410.39123525,24.166666666666668,92.0,1058446.8773170116,5396653.105505876,16906735.065205872,96903776.37048727,16.262780881890706,64.65762565669874,291.2470906443384,1163.8372618205774,/bdd/CORDEX-Adjust/bias-adjusted-output/EUR-11/CNRM/MOHC-HadGEM2-ES/rcp85/r1i1p1/CNRM-ALADIN63/SBCK-CDFt-ERA5-1976-2005/day/tasmaxAdjust/v20260512/tasmaxAdjust_EUR-11_MOHC-HadGEM2-ES_rcp85_r1i1p1_CNRM-ALADIN63_SBCK-CDFt-ERA5-1976-2005_day_20060101-20991231.nc,CNRM_MOHC-HadGEM2-ES_rcp85_r1i1p1_CNRM-ALADIN63_SBCK-CDFt-ERA5-1976-2005_day_tasmaxAdjust_v20260512,noleap,92,12.855766455924579
3628,2052,6,92,70914367.74652062,35.5,92.0,911526.078457205,4684718.034939542,11819061.29108677,61392507.46365735,1.969095486838702,3.296830307190924,43.624457618448965,103.18595737507984,/bdd/CORDEX-Adjust/bias-adjusted-output/EUR-11/CNRM/MOHC-HadGEM2-ES/rcp85/r1i1p1/CNRM-ALADIN63/SBCK-CDFt-ERA5-1976-2005/day/tasmaxAdjust/v20260512/tasmaxAdjust_EUR-11_MOHC-HadGEM2-ES_rcp85_r1i1p1_CNRM-ALADIN63_SBCK-CDFt-ERA5-1976-2005_day_20060101-20991231.nc,CNRM_MOHC-HadGEM2-ES_rcp85_r1i1p1_CNRM-ALADIN63_SBCK-CDFt-ERA5-1976-2005_day_tasmaxAdjust_v20260512,noleap,92,8.987133890751586
3629,2053,4,92,76393851.78846316,48.75,92.0,2128197.881479788,3978458.602854887,19098462.94711579,40448745.60123213,10.132079589409988,19.707775293987424,661.4817999818603,1734.2842258708934,/bdd/CORDEX-Adjust/bias-adjusted-output/EUR-11/CNRM/MOHC-HadGEM2-ES/rcp85/r1i1p1/CNRM-ALADIN63/SBCK-CDFt-ERA5-1976-2005/day/tasmaxAdjust/v20260512/tasmaxAdjust_EUR-11_MOHC-HadGEM2-ES_rcp85_r1i1p1_CNRM-ALADIN63_SBCK-CDFt-ERA5-1976-2005_day_20060101-20991231.nc,CNRM_MOHC-HadGEM2-ES_rcp85_r1i1p1_CNRM-ALADIN63_SBCK-CDFt-ERA5-1976-2005_day_tasmaxAdjust_v20260512,noleap,92,9.681560962472751
3630,2054,3,92,111387326.68810588,39.333333333333336,92.0,2418460.574500846,7068379.427662133,37129108.89603529,110451277.23709874,4.910241362099359,8.083204916837913,263.13409058692304,611.5717635903351,/bdd/CORDEX-Adjust/bias-adjusted-output/EUR-11/CNRM/MOHC-HadGEM2-ES/rcp85/r1i1p1/CNRM-ALADIN63/SBCK-CDFt-ERA5-1976-2005/day/tasmaxAdjust/v20260512/tasmaxAdjust_EUR-11_MOHC-HadGEM2-ES_rcp85_r1i1p1_CNRM-ALADIN63_SBCK-CDFt-ERA5-1976-2005_day_20060101-20991231.nc,CNRM_MOHC-HadGEM2-ES_rcp85_r1i1p1_CNRM-ALADIN63_SBCK-CDFt-ERA5-1976-2005_day_tasmaxAdjust_v20260512,noleap,92,14.116361049105047
3631,2055,4,89,109699409.96964678,28.5,89.0,2089654.4034398613,7555151.901643331,27424852.49241169,106109920.55037904,7.986209188338079,10.726864914019728,213.59210610746388,643.5328042623426,/bdd/CORDEX-Adjust/bias-adjusted-output/EUR-11/CNRM/MOHC-HadGEM2-ES/rcp85/r1i1p1/CNRM-ALADIN63/SBCK-CDFt-ERA5-1976-2005/day/tasmaxAdjust/v20260512/tasmaxAdjust_EUR-11_MOHC-HadGEM2-ES_rcp85_r1i1p1_CNRM-ALADIN63_SBCK-CDFt-ERA5-1976-2005_day_20060101-20991231.nc,CNRM_MOHC-HadGEM2-ES_rcp85_r1i1p1_CNRM-ALADIN63_SBCK-CDFt-ERA5-1976-2005_day_tasmaxAdjust_v20260512,noleap,92,13.902447648657725
3632,2056,6,92,61106161.18136981,39.333333333333336,92.0,759108.1003618074,2911987.0212707184,10184360.196894968,50137321.46322705,7.642331615334498,16.336668414081934,197.13620765066,397.5617200258578,/bdd/CORDEX-Adjust/bias-adjusted-output/EUR-11/CNRM/MOHC-HadGEM2-ES/rcp85/r1i1p1/CNRM-ALADIN63/SBCK-CDFt-ERA5-1976-2005/day/tasmaxAdjust/v20260512/tasmaxAdjust_EUR-11_MOHC-HadGEM2-ES_rcp85_r1i1p1_CNRM-ALADIN63_SBCK-CDFt-ERA5-1976-2005_day_20060101-20991231.nc,CNRM_MOHC-HadGEM2-ES_rcp85_r1i1p1_CNRM-ALADIN63_SBCK-CDFt-ERA5-1976-2005_day_tasmaxAdjust_v20260512,noleap,92,7.744118287140228
3633,2057,5,92,89442873.5346542,36.8,92.0,1397547.729303691,5799233.650182455,17888574.70693084,83582066.64347008,14.76464602360494,31.20328889761307,688.6988601255939,1997.0104894472363,/bdd/CORDEX-Adjust/bias-adjusted-output/EUR-11/CNRM/MOHC-HadGEM2-ES/rcp85/r1i1p1/CNRM-ALADIN63/SBCK-CDFt-ERA5-1976-2005/day/tasmaxAdjust/v20260512/tasmaxAdjust_EUR-11_MOHC-HadGEM2-ES_rcp85_r1i1p1_CNRM-ALADIN63_SBCK-CDFt-ERA5-1976-2005_day_20060101-20991231.nc,CNRM_MOHC-HadGEM2-ES_rcp85_r1i1p1_CNRM-ALADIN63_SBCK-CDFt-ERA5-1976-2005_day_tasmaxAdjust_v20260512,noleap,92,11.335292206267164
3634,2058,3,92,96717215.24856196,56.66666666666666,92.0,2184723.3244212745,5937715.727174529,32239071.749520656,93562256.4473735,8.940828652949014,14.999937377108942,395.41535965658267,998.0669313305132,/bdd/CORDEX-Adjust/bias-adjusted-output/EUR-11/CNRM/MOHC-HadGEM2-ES/rcp85/r1i1p1/CNRM-ALADIN63/SBCK-CDFt-ERA5-1976-2005/day/tasmaxAdjust/v20260512/tasmaxAdjust_EUR-11_MOHC-HadGEM2-ES_rcp85_r1i1p1_CNRM-ALADIN63_SBCK-CDFt-ERA5-1976-2005_day_20060101-20991231.nc,CNRM_MOHC-HadGEM2-ES_rcp85_r1i1p1_CNRM-ALADIN63_SBCK-CDFt-ERA5-1976-2005_day_tasmaxAdjust_v20260512,noleap,92,12.257185540825956
3635,2059,2,92,192142901.8810643,48.0,92.0,4223439.044358319,8300859.192469762,96071450.94053216,191558826.2960768,4.302818203064038,8.605636406128076,395.8592746818915,791.718549363783,/bdd/CORDEX-Adjust/bias-adjusted-output/EUR-11/CNRM/MOHC-HadGEM2-ES/rcp85/r1i1p1/CNRM-ALADIN63/SBCK-CDFt-ERA5-1976-2005/day/tasmaxAdjust/v20260512/tasmaxAdjust_EUR-11_MOHC-HadGEM2-ES_rcp85_r1i1p1_CNRM-ALADIN63_SBCK-CDFt-ERA5-1976-2005_day_20060101-20991231.nc,CNRM_MOHC-HadGEM2-ES_rcp85_r1i1p1_CNRM-ALADIN63_SBCK-CDFt-ERA5-1976-2005_day_tasmaxAdjust_v20260512,noleap,92,24.350692817780846
3636,2060,3,92,109744563.68837176,42.66666666666666,92.0,2534124.2140780496,7417257.106420286,36581521.22945725,108610214.45818923,7.44374134005004,15.87862526073821,521.2256130255321,1460.8335239879152,/bdd/CORDEX-Adjust/bias-adjusted-output/EUR-11/CNRM/MOHC-HadGEM2-ES/rcp85/r1i1p1/CNRM-ALADIN63/SBCK-CDFt-ERA5-1976-2005/day/tasmaxAdjust/v20260512/tasmaxAdjust_EUR-11_MOHC-HadGEM2-ES_rcp85_r1i1p1_CNRM-ALADIN63_SBCK-CDFt-ERA5-1976-2005_day_20060101-20991231.nc,CNRM_MOHC-HadGEM2-ES_rcp85_r1i1p1_CNRM-ALADIN63_SBCK-CDFt-ERA5-1976-2005_day_tasmaxAdjust_v20260512,noleap,92,13.908170078804705
3637,2061,2,92,88672527.9693634,52.0,92.0,2615058.846273253,5150509.261571256,44336263.9846817,88250186.82262799,4.474454677905507,7.009043059742326,334.0551785245591,644.831961496294,/bdd/CORDEX-Adjust/bias-adjusted-output/EUR-11/CNRM/MOHC-HadGEM2-ES/rcp85/r1i1p1/CNRM-ALADIN63/SBCK-CDFt-ERA5-1976-2005/day/tasmaxAdjust/v20260512/tasmaxAdjust_EUR-11_MOHC-HadGEM2-ES_rcp85_r1i1p1_CNRM-ALADIN63_SBCK-CDFt-ERA5-1976-2005_day_20060101-20991231.nc,CNRM_MOHC-HadGEM2-ES_rcp85_r1i1p1_CNRM-ALADIN63_SBCK-CDFt-ERA5-1976-2005_day_tasmaxAdjust_v20260512,noleap,92,11.237664617424214
3638,2062,2,92,235194519.2642432,48.0,92.0,4159847.9152998007,8211820.646727095,117597259.63212156,234763018.5287531,0.7318279441131714,1.4636558882263428,67.32817085841177,134.65634171682353,/bdd/CORDEX-Adjust/bias-adjusted-output/EUR-11/CNRM/MOHC-HadGEM2-ES/rcp85/r1i1p1/CNRM-ALADIN63/SBCK-CDFt-ERA5-1976-2005/day/tasmaxAdjust/v20260512/tasmaxAdjust_EUR-11_MOHC-HadGEM2-ES_rcp85_r1i1p1_CNRM-ALADIN63_SBCK-CDFt-ERA5-1976-2005_day_20060101-20991231.nc,CNRM_MOHC-HadGEM2-ES_rcp85_r1i1p1_CNRM-ALADIN63_SBCK-CDFt-ERA5-1976-2005_day_tasmaxAdjust_v20260512,noleap,92,29.806719035472405
3639,2063,6,92,132969218.24871328,23.0,92.0,1219447.1062311667,6733477.446351269,22161536.374785542,130122786.153389,3.1410940489113464,6.609967672697207,104.8838608424893,527.6409665261506,/bdd/CORDEX-Adjust/bias-adjusted-output/EUR-11/CNRM/MOHC-HadGEM2-ES/rcp85/r1i1p1/CNRM-ALADIN63/SBCK-CDFt-ERA5-1976-2005/day/tasmaxAdjust/v20260512/tasmaxAdjust_EUR-11_MOHC-HadGEM2-ES_rcp85_r1i1p1_CNRM-ALADIN63_SBCK-CDFt-ERA5-1976-2005_day_20060101-20991231.nc,CNRM_MOHC-HadGEM2-ES_rcp85_r1i1p1_CNRM-ALADIN63_SBCK-CDFt-ERA5-1976-2005_day_tasmaxAdjust_v20260512,noleap,92,16.851481663366982
3640,2064,3,92,114357944.6133908,35.0,92.0,2623140.027975746,7653611.892362721,38119314.871130265,113389972.74180049,4.068618553414534,7.000358300693864,129.00119566929973,328.17051996056307,/bdd/CORDEX-Adjust/bias-adjusted-output/EUR-11/CNRM/MOHC-HadGEM2-ES/rcp85/r1i1p1/CNRM-ALADIN63/SBCK-CDFt-ERA5-1976-2005/day/tasmaxAdjust/v20260512/tasmaxAdjust_EUR-11_MOHC-HadGEM2-ES_rcp85_r1i1p1_CNRM-ALADIN63_SBCK-CDFt-ERA5-1976-2005_day_20060101-20991231.nc,CNRM_MOHC-HadGEM2-ES_rcp85_r1i1p1_CNRM-ALADIN63_SBCK-CDFt-ERA5-1976-2005_day_tasmaxAdjust_v20260512,noleap,92,14.492833996424135
3641,2065,2,92,190558968.38662624,49.0,92.0,4412349.416179015,8533417.952945124,95279484.19331312,189219007.8849615,5.647270012394464,6.932060196140238,331.962208508397,637.7495380449019,/bdd/CORDEX-Adjust/bias-adjusted-output/EUR-11/CNRM/MOHC-HadGEM2-ES/rcp85/r1i1p1/CNRM-ALADIN63/SBCK-CDFt-ERA5-1976-2005/day/tasmaxAdjust/v20260512/tasmaxAdjust_EUR-11_MOHC-HadGEM2-ES_rcp85_r1i1p1_CNRM-ALADIN63_SBCK-CDFt-ERA5-1976-2005_day_20060101-20991231.nc,CNRM_MOHC-HadGEM2-ES_rcp85_r1i1p1_CNRM-ALADIN63_SBCK-CDFt-ERA5-1976-2005_day_tasmaxAdjust_v20260512,noleap,92,24.149957440156907
3642,2066,4,92,159160301.53621158,32.0,92.0,2046998.121147618,7703350.719445934,39790075.384052895,156769886.73589215,6.623324474314215,16.545694749885122,191.51335734228348,587.7871323327404,/bdd/CORDEX-Adjust/bias-adjusted-output/EUR-11/CNRM/MOHC-HadGEM2-ES/rcp85/r1i1p1/CNRM-ALADIN63/SBCK-CDFt-ERA5-1976-2005/day/tasmaxAdjust/v20260512/tasmaxAdjust_EUR-11_MOHC-HadGEM2-ES_rcp85_r1i1p1_CNRM-ALADIN63_SBCK-CDFt-ERA5-1976-2005_day_20060101-20991231.nc,CNRM_MOHC-HadGEM2-ES_rcp85_r1i1p1_CNRM-ALADIN63_SBCK-CDFt-ERA5-1976-2005_day_tasmaxAdjust_v20260512,noleap,92,20.170735288950105
3643,2067,2,92,156705092.9354974,56.5,92.0,4145924.226923749,8247660.280657177,78352546.4677487,156375129.57151473,1.967712758552,3.6035545098553454,169.2481530294568,331.5270149066919,/bdd/CORDEX-Adjust/bias-adjusted-output/EUR-11/CNRM/MOHC-HadGEM2-ES/rcp85/r1i1p1/CNRM-ALADIN63/SBCK-CDFt-ERA5-1976-2005/day/tasmaxAdjust/v20260512/tasmaxAdjust_EUR-11_MOHC-HadGEM2-ES_rcp85_r1i1p1_CNRM-ALADIN63_SBCK-CDFt-ERA5-1976-2005_day_20060101-20991231.nc,CNRM_MOHC-HadGEM2-ES_rcp85_r1i1p1_CNRM-ALADIN63_SBCK-CDFt-ERA5-1976-2005_day_tasmaxAdjust_v20260512,noleap,92,19.859581299631405
3644,2068,1,92,240033651.40400267,92.0,92.0,8568344.431357421,8568344.431357421,240033651.40400267,240033651.40400267,4.581712003223192,4.581712003223192,421.5175042965337,421.5175042965337,/bdd/CORDEX-Adjust/bias-adjusted-output/EUR-11/CNRM/MOHC-HadGEM2-ES/rcp85/r1i1p1/CNRM-ALADIN63/SBCK-CDFt-ERA5-1976-2005/day/tasmaxAdjust/v20260512/tasmaxAdjust_EUR-11_MOHC-HadGEM2-ES_rcp85_r1i1p1_CNRM-ALADIN63_SBCK-CDFt-ERA5-1976-2005_day_20060101-20991231.nc,CNRM_MOHC-HadGEM2-ES_rcp85_r1i1p1_CNRM-ALADIN63_SBCK-CDFt-ERA5-1976-2005_day_tasmaxAdjust_v20260512,noleap,92,30.41999290136246
3645,2069,2,92,215495656.37288365,59.0,92.0,4303693.54974978,8553586.990913786,107747828.18644182,214988183.1595735,5.768085426595039,10.587826044060378,499.36848054546346,974.0799960535549,/bdd/CORDEX-Adjust/bias-adjusted-output/EUR-11/CNRM/MOHC-HadGEM2-ES/rcp85/r1i1p1/CNRM-ALADIN63/SBCK-CDFt-ERA5-1976-2005/day/tasmaxAdjust/v20260512/tasmaxAdjust_EUR-11_MOHC-HadGEM2-ES_rcp85_r1i1p1_CNRM-ALADIN63_SBCK-CDFt-ERA5-1976-2005_day_20060101-20991231.nc,CNRM_MOHC-HadGEM2-ES_rcp85_r1i1p1_CNRM-ALADIN63_SBCK-CDFt-ERA5-1976-2005_day_tasmaxAdjust_v20260512,noleap,92,27.310238788577834
3646,2070,2,92,137756262.73483217,70.5,92.0,2054910.6686920875,4098570.354901336,68878131.36741608,137420279.94555688,2.703815105542569,5.366914236177797,247.8755962494085,493.7561097283573,/bdd/CORDEX-Adjust/bias-adjusted-output/EUR-11/CNRM/MOHC-HadGEM2-ES/rcp85/r1i1p1/CNRM-ALADIN63/SBCK-CDFt-ERA5-1976-2005/day/tasmaxAdjust/v20260512/tasmaxAdjust_EUR-11_MOHC-HadGEM2-ES_rcp85_r1i1p1_CNRM-ALADIN63_SBCK-CDFt-ERA5-1976-2005_day_20060101-20991231.nc,CNRM_MOHC-HadGEM2-ES_rcp85_r1i1p1_CNRM-ALADIN63_SBCK-CDFt-ERA5-1976-2005_day_tasmaxAdjust_v20260512,noleap,92,17.458154346278203
3647,2071,1,92,262143939.5660224,92.0,92.0,8503928.826316457,8503928.826316457,262143939.5660224,262143939.5660224,8.063294883409013,8.063294883409013,741.8231292736292,741.8231292736292,/bdd/CORDEX-Adjust/bias-adjusted-output/EUR-11/CNRM/MOHC-HadGEM2-ES/rcp85/r1i1p1/CNRM-ALADIN63/SBCK-CDFt-ERA5-1976-2005/day/tasmaxAdjust/v20260512/tasmaxAdjust_EUR-11_MOHC-HadGEM2-ES_rcp85_r1i1p1_CNRM-ALADIN63_SBCK-CDFt-ERA5-1976-2005_day_20060101-20991231.nc,CNRM_MOHC-HadGEM2-ES_rcp85_r1i1p1_CNRM-ALADIN63_SBCK-CDFt-ERA5-1976-2005_day_tasmaxAdjust_v20260512,noleap,92,33.222078379800934
3648,2072,2,92,153815498.93962198,92.0,92.0,3966745.264704669,4656910.015434273,76907749.46981099,116221749.2935547,4.797356344017163,4.888957998875269,441.35678364957903,449.7841358965248,/bdd/CORDEX-Adjust/bias-adjusted-output/EUR-11/CNRM/MOHC-HadGEM2-ES/rcp85/r1i1p1/CNRM-ALADIN63/SBCK-CDFt-ERA5-1976-2005/day/tasmaxAdjust/v20260512/tasmaxAdjust_EUR-11_MOHC-HadGEM2-ES_rcp85_r1i1p1_CNRM-ALADIN63_SBCK-CDFt-ERA5-1976-2005_day_20060101-20991231.nc,CNRM_MOHC-HadGEM2-ES_rcp85_r1i1p1_CNRM-ALADIN63_SBCK-CDFt-ERA5-1976-2005_day_tasmaxAdjust_v20260512,noleap,92,19.493376693201444
3649,2073,1,92,204296361.12861657,92.0,92.0,8509222.6897166,8509222.6897166,204296361.12861657,204296361.12861657,10.933039482190969,10.933039482190969,1005.8396323615692,1005.8396323615692,/bdd/CORDEX-Adjust/bias-adjusted-output/EUR-11/CNRM/MOHC-HadGEM2-ES/rcp85/r1i1p1/CNRM-ALADIN63/SBCK-CDFt-ERA5-1976-2005/day/tasmaxAdjust/v20260512/tasmaxAdjust_EUR-11_MOHC-HadGEM2-ES_rcp85_r1i1p1_CNRM-ALADIN63_SBCK-CDFt-ERA5-1976-2005_day_20060101-20991231.nc,CNRM_MOHC-HadGEM2-ES_rcp85_r1i1p1_CNRM-ALADIN63_SBCK-CDFt-ERA5-1976-2005_day_tasmaxAdjust_v20260512,noleap,92,25.89092745519541
3650,2074,1,92,164122276.4379614,92.0,92.0,7513987.357922029,7513987.357922029,164122276.4379614,164122276.4379614,11.594423488088395,11.594423488088395,1066.6869609041323,1066.6869609041323,/bdd/CORDEX-Adjust/bias-adjusted-output/EUR-11/CNRM/MOHC-HadGEM2-ES/rcp85/r1i1p1/CNRM-ALADIN63/SBCK-CDFt-ERA5-1976-2005/day/tasmaxAdjust/v20260512/tasmaxAdjust_EUR-11_MOHC-HadGEM2-ES_rcp85_r1i1p1_CNRM-ALADIN63_SBCK-CDFt-ERA5-1976-2005_day_20060101-20991231.nc,CNRM_MOHC-HadGEM2-ES_rcp85_r1i1p1_CNRM-ALADIN63_SBCK-CDFt-ERA5-1976-2005_day_tasmaxAdjust_v20260512,noleap,92,20.7995772884159
3651,2075,3,92,212895562.2197207,33.666666666666664,92.0,2842639.1209715228,8397344.240084682,70965187.40657356,212367878.6453911,1.128036922734471,2.2381892041243447,70.54767153327836,205.91340677943973,/bdd/CORDEX-Adjust/bias-adjusted-output/EUR-11/CNRM/MOHC-HadGEM2-ES/rcp85/r1i1p1/CNRM-ALADIN63/SBCK-CDFt-ERA5-1976-2005/day/tasmaxAdjust/v20260512/tasmaxAdjust_EUR-11_MOHC-HadGEM2-ES_rcp85_r1i1p1_CNRM-ALADIN63_SBCK-CDFt-ERA5-1976-2005_day_20060101-20991231.nc,CNRM_MOHC-HadGEM2-ES_rcp85_r1i1p1_CNRM-ALADIN63_SBCK-CDFt-ERA5-1976-2005_day_tasmaxAdjust_v20260512,noleap,92,26.98072313433748
3652,2076,1,92,222442202.30639,92.0,92.0,8541826.144898504,8541826.144898504,222442202.30639,222442202.30639,3.5125601198238106,3.5125601198238106,323.15553102379056,323.15553102379056,/bdd/CORDEX-Adjust/bias-adjusted-output/EUR-11/CNRM/MOHC-HadGEM2-ES/rcp85/r1i1p1/CNRM-ALADIN63/SBCK-CDFt-ERA5-1976-2005/day/tasmaxAdjust/v20260512/tasmaxAdjust_EUR-11_MOHC-HadGEM2-ES_rcp85_r1i1p1_CNRM-ALADIN63_SBCK-CDFt-ERA5-1976-2005_day_20060101-20991231.nc,CNRM_MOHC-HadGEM2-ES_rcp85_r1i1p1_CNRM-ALADIN63_SBCK-CDFt-ERA5-1976-2005_day_tasmaxAdjust_v20260512,noleap,92,28.190589842483135
3653,2077,2,92,170752767.4774554,49.5,92.0,3416270.449700795,6685418.246575005,85376383.7387277,170022131.6079021,3.222570162177321,3.7939394998707647,183.8004198797488,349.0424339881104,/bdd/CORDEX-Adjust/bias-adjusted-output/EUR-11/CNRM/MOHC-HadGEM2-ES/rcp85/r1i1p1/CNRM-ALADIN63/SBCK-CDFt-ERA5-1976-2005/day/tasmaxAdjust/v20260512/tasmaxAdjust_EUR-11_MOHC-HadGEM2-ES_rcp85_r1i1p1_CNRM-ALADIN63_SBCK-CDFt-ERA5-1976-2005_day_20060101-20991231.nc,CNRM_MOHC-HadGEM2-ES_rcp85_r1i1p1_CNRM-ALADIN63_SBCK-CDFt-ERA5-1976-2005_day_tasmaxAdjust_v20260512,noleap,92,21.63987401003879
3654,2078,2,92,215323273.8125022,49.5,92.0,4255229.205942214,8429396.518346742,107661636.9062511,214964577.4738086,13.162337184634916,15.46437252666597,553.6991886031085,999.1477695195553,/bdd/CORDEX-Adjust/bias-adjusted-output/EUR-11/CNRM/MOHC-HadGEM2-ES/rcp85/r1i1p1/CNRM-ALADIN63/SBCK-CDFt-ERA5-1976-2005/day/tasmaxAdjust/v20260512/tasmaxAdjust_EUR-11_MOHC-HadGEM2-ES_rcp85_r1i1p1_CNRM-ALADIN63_SBCK-CDFt-ERA5-1976-2005_day_20060101-20991231.nc,CNRM_MOHC-HadGEM2-ES_rcp85_r1i1p1_CNRM-ALADIN63_SBCK-CDFt-ERA5-1976-2005_day_tasmaxAdjust_v20260512,noleap,92,27.288392367326274
3655,2079,1,92,249902660.53156525,92.0,92.0,8460782.642710969,8460782.642710969,249902660.53156525,249902660.53156525,3.492764066923192,3.492764066923192,321.33429415693365,321.33429415693365,/bdd/CORDEX-Adjust/bias-adjusted-output/EUR-11/CNRM/MOHC-HadGEM2-ES/rcp85/r1i1p1/CNRM-ALADIN63/SBCK-CDFt-ERA5-1976-2005/day/tasmaxAdjust/v20260512/tasmaxAdjust_EUR-11_MOHC-HadGEM2-ES_rcp85_r1i1p1_CNRM-ALADIN63_SBCK-CDFt-ERA5-1976-2005_day_20060101-20991231.nc,CNRM_MOHC-HadGEM2-ES_rcp85_r1i1p1_CNRM-ALADIN63_SBCK-CDFt-ERA5-1976-2005_day_tasmaxAdjust_v20260512,noleap,92,31.670714147520734
3656,2080,2,92,261945276.08773428,51.0,92.0,4301008.191117332,8471024.775725216,130972638.04386714,261280928.32785863,5.813790230788117,7.321472496910516,234.6883288591755,396.16193274924586,/bdd/CORDEX-Adjust/bias-adjusted-output/EUR-11/CNRM/MOHC-HadGEM2-ES/rcp85/r1i1p1/CNRM-ALADIN63/SBCK-CDFt-ERA5-1976-2005/day/tasmaxAdjust/v20260512/tasmaxAdjust_EUR-11_MOHC-HadGEM2-ES_rcp85_r1i1p1_CNRM-ALADIN63_SBCK-CDFt-ERA5-1976-2005_day_20060101-20991231.nc,CNRM_MOHC-HadGEM2-ES_rcp85_r1i1p1_CNRM-ALADIN63_SBCK-CDFt-ERA5-1976-2005_day_tasmaxAdjust_v20260512,noleap,92,33.196901319984796
3657,2081,3,92,298834676.1301386,39.66666666666666,92.0,2908913.313788617,8556208.413897712,99611558.7100462,297828547.0824386,1.1208494081487868,2.599614328763834,85.57066594898761,239.1645182462727,/bdd/CORDEX-Adjust/bias-adjusted-output/EUR-11/CNRM/MOHC-HadGEM2-ES/rcp85/r1i1p1/CNRM-ALADIN63/SBCK-CDFt-ERA5-1976-2005/day/tasmaxAdjust/v20260512/tasmaxAdjust_EUR-11_MOHC-HadGEM2-ES_rcp85_r1i1p1_CNRM-ALADIN63_SBCK-CDFt-ERA5-1976-2005_day_20060101-20991231.nc,CNRM_MOHC-HadGEM2-ES_rcp85_r1i1p1_CNRM-ALADIN63_SBCK-CDFt-ERA5-1976-2005_day_tasmaxAdjust_v20260512,noleap,92,37.87197617245503
3658,2082,2,92,337978191.8855927,48.0,92.0,4329091.119003444,8539219.73440155,168989095.94279635,337502341.87117136,2.140948261589488,4.281896523178976,196.9672400662329,393.9344801324658,/bdd/CORDEX-Adjust/bias-adjusted-output/EUR-11/CNRM/MOHC-HadGEM2-ES/rcp85/r1i1p1/CNRM-ALADIN63/SBCK-CDFt-ERA5-1976-2005/day/tasmaxAdjust/v20260512/tasmaxAdjust_EUR-11_MOHC-HadGEM2-ES_rcp85_r1i1p1_CNRM-ALADIN63_SBCK-CDFt-ERA5-1976-2005_day_20060101-20991231.nc,CNRM_MOHC-HadGEM2-ES_rcp85_r1i1p1_CNRM-ALADIN63_SBCK-CDFt-ERA5-1976-2005_day_tasmaxAdjust_v20260512,noleap,92,42.832720070030994
3659,2083,1,92,304558994.81930125,92.0,92.0,8553265.526328038,8553265.526328038,304558994.81930125,304558994.81930125,0.7877297765801583,0.7877297765801583,72.47113944537456,72.47113944537456,/bdd/CORDEX-Adjust/bias-adjusted-output/EUR-11/CNRM/MOHC-HadGEM2-ES/rcp85/r1i1p1/CNRM-ALADIN63/SBCK-CDFt-ERA5-1976-2005/day/tasmaxAdjust/v20260512/tasmaxAdjust_EUR-11_MOHC-HadGEM2-ES_rcp85_r1i1p1_CNRM-ALADIN63_SBCK-CDFt-ERA5-1976-2005_day_20060101-20991231.nc,CNRM_MOHC-HadGEM2-ES_rcp85_r1i1p1_CNRM-ALADIN63_SBCK-CDFt-ERA5-1976-2005_day_tasmaxAdjust_v20260512,noleap,92,38.597431677843225
3660,2084,1,92,274720057.8370267,92.0,92.0,8362347.199577537,8362347.199577537,274720057.8370267,274720057.8370267,6.877962522205956,6.877962522205956,632.772552042948,632.772552042948,/bdd/CORDEX-Adjust/bias-adjusted-output/EUR-11/CNRM/MOHC-HadGEM2-ES/rcp85/r1i1p1/CNRM-ALADIN63/SBCK-CDFt-ERA5-1976-2005/day/tasmaxAdjust/v20260512/tasmaxAdjust_EUR-11_MOHC-HadGEM2-ES_rcp85_r1i1p1_CNRM-ALADIN63_SBCK-CDFt-ERA5-1976-2005_day_20060101-20991231.nc,CNRM_MOHC-HadGEM2-ES_rcp85_r1i1p1_CNRM-ALADIN63_SBCK-CDFt-ERA5-1976-2005_day_tasmaxAdjust_v20260512,noleap,92,34.815877525433
3661,2085,1,92,379873202.8574003,92.0,92.0,8569292.238861077,8569292.238861077,379873202.8574003,379873202.8574003,1.5148077670617988,1.5148077670617988,139.36231456968548,139.36231456968548,/bdd/CORDEX-Adjust/bias-adjusted-output/EUR-11/CNRM/MOHC-HadGEM2-ES/rcp85/r1i1p1/CNRM-ALADIN63/SBCK-CDFt-ERA5-1976-2005/day/tasmaxAdjust/v20260512/tasmaxAdjust_EUR-11_MOHC-HadGEM2-ES_rcp85_r1i1p1_CNRM-ALADIN63_SBCK-CDFt-ERA5-1976-2005_day_20060101-20991231.nc,CNRM_MOHC-HadGEM2-ES_rcp85_r1i1p1_CNRM-ALADIN63_SBCK-CDFt-ERA5-1976-2005_day_tasmaxAdjust_v20260512,noleap,92,48.142167011784416
3662,2086,4,92,273572892.2253904,26.75,92.0,2215497.4255660726,8467057.106934298,68393223.0563476,271991432.3997604,1.3004905672807432,4.6857693896868255,108.53673826099342,431.090783851188,/bdd/CORDEX-Adjust/bias-adjusted-output/EUR-11/CNRM/MOHC-HadGEM2-ES/rcp85/r1i1p1/CNRM-ALADIN63/SBCK-CDFt-ERA5-1976-2005/day/tasmaxAdjust/v20260512/tasmaxAdjust_EUR-11_MOHC-HadGEM2-ES_rcp85_r1i1p1_CNRM-ALADIN63_SBCK-CDFt-ERA5-1976-2005_day_20060101-20991231.nc,CNRM_MOHC-HadGEM2-ES_rcp85_r1i1p1_CNRM-ALADIN63_SBCK-CDFt-ERA5-1976-2005_day_tasmaxAdjust_v20260512,noleap,92,34.67049470282231
3663,2087,1,92,234549874.11822423,92.0,92.0,8483330.894059028,8483330.894059028,234549874.11822423,234549874.11822423,5.214047257255032,5.214047257255032,479.69234766746297,479.69234766746297,/bdd/CORDEX-Adjust/bias-adjusted-output/EUR-11/CNRM/MOHC-HadGEM2-ES/rcp85/r1i1p1/CNRM-ALADIN63/SBCK-CDFt-ERA5-1976-2005/day/tasmaxAdjust/v20260512/tasmaxAdjust_EUR-11_MOHC-HadGEM2-ES_rcp85_r1i1p1_CNRM-ALADIN63_SBCK-CDFt-ERA5-1976-2005_day_20060101-20991231.nc,CNRM_MOHC-HadGEM2-ES_rcp85_r1i1p1_CNRM-ALADIN63_SBCK-CDFt-ERA5-1976-2005_day_tasmaxAdjust_v20260512,noleap,92,29.725021737401523
3664,2088,4,92,253482473.8699934,46.0,92.0,2172211.075361789,8528257.566652391,63370618.46749835,252182200.95465705,3.083117286744616,5.674800529332166,69.86776596730742,142.33581342992483,/bdd/CORDEX-Adjust/bias-adjusted-output/EUR-11/CNRM/MOHC-HadGEM2-ES/rcp85/r1i1p1/CNRM-ALADIN63/SBCK-CDFt-ERA5-1976-2005/day/tasmaxAdjust/v20260512/tasmaxAdjust_EUR-11_MOHC-HadGEM2-ES_rcp85_r1i1p1_CNRM-ALADIN63_SBCK-CDFt-ERA5-1976-2005_day_20060101-20991231.nc,CNRM_MOHC-HadGEM2-ES_rcp85_r1i1p1_CNRM-ALADIN63_SBCK-CDFt-ERA5-1976-2005_day_tasmaxAdjust_v20260512,noleap,92,32.12439177024664
3665,2089,1,92,261736848.4641096,92.0,92.0,8494460.516198184,8494460.516198184,261736848.4641096,261736848.4641096,3.693964514773053,3.693964514773053,339.8447353591208,339.8447353591208,/bdd/CORDEX-Adjust/bias-adjusted-output/EUR-11/CNRM/MOHC-HadGEM2-ES/rcp85/r1i1p1/CNRM-ALADIN63/SBCK-CDFt-ERA5-1976-2005/day/tasmaxAdjust/v20260512/tasmaxAdjust_EUR-11_MOHC-HadGEM2-ES_rcp85_r1i1p1_CNRM-ALADIN63_SBCK-CDFt-ERA5-1976-2005_day_20060101-20991231.nc,CNRM_MOHC-HadGEM2-ES_rcp85_r1i1p1_CNRM-ALADIN63_SBCK-CDFt-ERA5-1976-2005_day_tasmaxAdjust_v20260512,noleap,92,33.17048682854151
3666,2090,1,92,326075338.7642599,92.0,92.0,7684356.636989062,7684356.636989062,326075338.7642599,326075338.7642599,3.6483641508975295,3.6483641508975295,335.6495018825728,335.6495018825728,/bdd/CORDEX-Adjust/bias-adjusted-output/EUR-11/CNRM/MOHC-HadGEM2-ES/rcp85/r1i1p1/CNRM-ALADIN63/SBCK-CDFt-ERA5-1976-2005/day/tasmaxAdjust/v20260512/tasmaxAdjust_EUR-11_MOHC-HadGEM2-ES_rcp85_r1i1p1_CNRM-ALADIN63_SBCK-CDFt-ERA5-1976-2005_day_20060101-20991231.nc,CNRM_MOHC-HadGEM2-ES_rcp85_r1i1p1_CNRM-ALADIN63_SBCK-CDFt-ERA5-1976-2005_day_tasmaxAdjust_v20260512,noleap,92,41.32424529851874
3667,2091,3,92,331852761.292873,34.666666666666664,92.0,2928726.7483431413,8471152.968343098,110617587.09762436,330474922.01421,4.743057791503701,9.46091768165385,135.91294600463382,353.9905211472717,/bdd/CORDEX-Adjust/bias-adjusted-output/EUR-11/CNRM/MOHC-HadGEM2-ES/rcp85/r1i1p1/CNRM-ALADIN63/SBCK-CDFt-ERA5-1976-2005/day/tasmaxAdjust/v20260512/tasmaxAdjust_EUR-11_MOHC-HadGEM2-ES_rcp85_r1i1p1_CNRM-ALADIN63_SBCK-CDFt-ERA5-1976-2005_day_20060101-20991231.nc,CNRM_MOHC-HadGEM2-ES_rcp85_r1i1p1_CNRM-ALADIN63_SBCK-CDFt-ERA5-1976-2005_day_tasmaxAdjust_v20260512,noleap,92,42.056430770349856
3668,2092,1,92,261481432.6729073,92.0,92.0,8252168.305637909,8252168.305637909,261481432.6729073,261481432.6729073,2.981445108468201,2.981445108468201,274.2929499790745,274.2929499790745,/bdd/CORDEX-Adjust/bias-adjusted-output/EUR-11/CNRM/MOHC-HadGEM2-ES/rcp85/r1i1p1/CNRM-ALADIN63/SBCK-CDFt-ERA5-1976-2005/day/tasmaxAdjust/v20260512/tasmaxAdjust_EUR-11_MOHC-HadGEM2-ES_rcp85_r1i1p1_CNRM-ALADIN63_SBCK-CDFt-ERA5-1976-2005_day_20060101-20991231.nc,CNRM_MOHC-HadGEM2-ES_rcp85_r1i1p1_CNRM-ALADIN63_SBCK-CDFt-ERA5-1976-2005_day_tasmaxAdjust_v20260512,noleap,92,33.13811742321096
3669,2093,1,92,425814026.04496646,92.0,92.0,8501921.680462135,8501921.680462135,425814026.04496646,425814026.04496646,1.3931187853421982,1.3931187853421982,128.16692825148223,128.16692825148223,/bdd/CORDEX-Adjust/bias-adjusted-output/EUR-11/CNRM/MOHC-HadGEM2-ES/rcp85/r1i1p1/CNRM-ALADIN63/SBCK-CDFt-ERA5-1976-2005/day/tasmaxAdjust/v20260512/tasmaxAdjust_EUR-11_MOHC-HadGEM2-ES_rcp85_r1i1p1_CNRM-ALADIN63_SBCK-CDFt-ERA5-1976-2005_day_20060101-20991231.nc,CNRM_MOHC-HadGEM2-ES_rcp85_r1i1p1_CNRM-ALADIN63_SBCK-CDFt-ERA5-1976-2005_day_tasmaxAdjust_v20260512,noleap,92,53.964348639544326
3670,2094,1,92,305803279.5786726,92.0,92.0,8566513.822624996,8566513.822624996,305803279.5786726,305803279.5786726,5.545823059231739,5.545823059231739,510.21572144932,510.21572144932,/bdd/CORDEX-Adjust/bias-adjusted-output/EUR-11/CNRM/MOHC-HadGEM2-ES/rcp85/r1i1p1/CNRM-ALADIN63/SBCK-CDFt-ERA5-1976-2005/day/tasmaxAdjust/v20260512/tasmaxAdjust_EUR-11_MOHC-HadGEM2-ES_rcp85_r1i1p1_CNRM-ALADIN63_SBCK-CDFt-ERA5-1976-2005_day_20060101-20991231.nc,CNRM_MOHC-HadGEM2-ES_rcp85_r1i1p1_CNRM-ALADIN63_SBCK-CDFt-ERA5-1976-2005_day_tasmaxAdjust_v20260512,noleap,92,38.75512262378331
3671,2095,1,92,308754708.21541184,92.0,92.0,8552107.483931659,8552107.483931659,308754708.21541184,308754708.21541184,3.3277778354983067,3.3277778354983067,306.1555608658442,306.1555608658442,/bdd/CORDEX-Adjust/bias-adjusted-output/EUR-11/CNRM/MOHC-HadGEM2-ES/rcp85/r1i1p1/CNRM-ALADIN63/SBCK-CDFt-ERA5-1976-2005/day/tasmaxAdjust/v20260512/tasmaxAdjust_EUR-11_MOHC-HadGEM2-ES_rcp85_r1i1p1_CNRM-ALADIN63_SBCK-CDFt-ERA5-1976-2005_day_20060101-20991231.nc,CNRM_MOHC-HadGEM2-ES_rcp85_r1i1p1_CNRM-ALADIN63_SBCK-CDFt-ERA5-1976-2005_day_tasmaxAdjust_v20260512,noleap,92,39.12916367033378
3672,2096,1,92,383005252.6054802,92.0,92.0,8552390.209629335,8552390.209629335,383005252.6054802,383005252.6054802,4.600440761202912,4.600440761202912,423.2405500306679,423.2405500306679,/bdd/CORDEX-Adjust/bias-adjusted-output/EUR-11/CNRM/MOHC-HadGEM2-ES/rcp85/r1i1p1/CNRM-ALADIN63/SBCK-CDFt-ERA5-1976-2005/day/tasmaxAdjust/v20260512/tasmaxAdjust_EUR-11_MOHC-HadGEM2-ES_rcp85_r1i1p1_CNRM-ALADIN63_SBCK-CDFt-ERA5-1976-2005_day_20060101-20991231.nc,CNRM_MOHC-HadGEM2-ES_rcp85_r1i1p1_CNRM-ALADIN63_SBCK-CDFt-ERA5-1976-2005_day_tasmaxAdjust_v20260512,noleap,92,48.539098569280675
3673,2097,1,92,301376358.9063418,92.0,92.0,8522452.016132116,8522452.016132116,301376358.9063418,301376358.9063418,2.8365164185330816,2.8365164185330816,260.9595105050435,260.9595105050435,/bdd/CORDEX-Adjust/bias-adjusted-output/EUR-11/CNRM/MOHC-HadGEM2-ES/rcp85/r1i1p1/CNRM-ALADIN63/SBCK-CDFt-ERA5-1976-2005/day/tasmaxAdjust/v20260512/tasmaxAdjust_EUR-11_MOHC-HadGEM2-ES_rcp85_r1i1p1_CNRM-ALADIN63_SBCK-CDFt-ERA5-1976-2005_day_20060101-20991231.nc,CNRM_MOHC-HadGEM2-ES_rcp85_r1i1p1_CNRM-ALADIN63_SBCK-CDFt-ERA5-1976-2005_day_tasmaxAdjust_v20260512,noleap,92,38.194089224343244
3674,2098,1,92,281376482.7704237,92.0,92.0,8525430.294569321,8525430.294569321,281376482.7704237,281376482.7704237,4.1619299397778695,4.1619299397778695,382.897554459564,382.897554459564,/bdd/CORDEX-Adjust/bias-adjusted-output/EUR-11/CNRM/MOHC-HadGEM2-ES/rcp85/r1i1p1/CNRM-ALADIN63/SBCK-CDFt-ERA5-1976-2005/day/tasmaxAdjust/v20260512/tasmaxAdjust_EUR-11_MOHC-HadGEM2-ES_rcp85_r1i1p1_CNRM-ALADIN63_SBCK-CDFt-ERA5-1976-2005_day_20060101-20991231.nc,CNRM_MOHC-HadGEM2-ES_rcp85_r1i1p1_CNRM-ALADIN63_SBCK-CDFt-ERA5-1976-2005_day_tasmaxAdjust_v20260512,noleap,92,35.65946090650476
3675,2099,3,92,254584909.92316905,34.333333333333336,92.0,2932069.7981368094,8479225.839940414,84861636.64105634,253224729.5840481,2.9478540724936644,4.3450754984492175,75.99612381668958,191.7794276187691,/bdd/CORDEX-Adjust/bias-adjusted-output/EUR-11/CNRM/MOHC-HadGEM2-ES/rcp85/r1i1p1/CNRM-ALADIN63/SBCK-CDFt-ERA5-1976-2005/day/tasmaxAdjust/v20260512/tasmaxAdjust_EUR-11_MOHC-HadGEM2-ES_rcp85_r1i1p1_CNRM-ALADIN63_SBCK-CDFt-ERA5-1976-2005_day_20060101-20991231.nc,CNRM_MOHC-HadGEM2-ES_rcp85_r1i1p1_CNRM-ALADIN63_SBCK-CDFt-ERA5-1976-2005_day_tasmaxAdjust_v20260512,noleap,92,32.264105917474126
3926,1975,4,28,4606931.314225637,9.25,14.0,244479.1406263495,370011.8035191473,1151732.828556409,1692579.0622444348,13.087796737787412,27.696451601013536,109.94776171019332,249.26806440912185,/bdd/CORDEX-Adjust/bias-adjusted-output/EUR-11/CLMcom/MOHC-HadGEM2-ES/historical/r1i1p1/CLMcom-CCLM4-8-17/SBCK-CDFt-ERA5-1976-2005/day/tasmaxAdjust/v20260512/tasmaxAdjust_EUR-11_MOHC-HadGEM2-ES_historical_r1i1p1_CLMcom-CCLM4-8-17_SBCK-CDFt-ERA5-1976-2005_day_19500101-20051230.nc,CLMcom_MOHC-HadGEM2-ES_rcp85_r1i1p1_CLMcom-CCLM4-8-17_SBCK-CDFt-ERA5-1976-2005_day_tasmaxAdjust_v20260512,360_day,90,0.5968209118994557
3927,1976,0,0,0.0,,,,,,,,,,,/bdd/CORDEX-Adjust/bias-adjusted-output/EUR-11/CLMcom/MOHC-HadGEM2-ES/historical/r1i1p1/CLMcom-CCLM4-8-17/SBCK-CDFt-ERA5-1976-2005/day/tasmaxAdjust/v20260512/tasmaxAdjust_EUR-11_MOHC-HadGEM2-ES_historical_r1i1p1_CLMcom-CCLM4-8-17_SBCK-CDFt-ERA5-1976-2005_day_19500101-20051230.nc,CLMcom_MOHC-HadGEM2-ES_rcp85_r1i1p1_CLMcom-CCLM4-8-17_SBCK-CDFt-ERA5-1976-2005_day_tasmaxAdjust_v20260512,360_day,90,0.0
3928,1977,4,33,2886593.18313645,10.0,12.0,135311.23245984453,191180.07357710545,721648.2957841125,1056185.2140931834,5.879373437328063,9.406281352975506,58.3769694881038,103.46909488273056,/bdd/CORDEX-Adjust/bias-adjusted-output/EUR-11/CLMcom/MOHC-HadGEM2-ES/historical/r1i1p1/CLMcom-CCLM4-8-17/SBCK-CDFt-ERA5-1976-2005/day/tasmaxAdjust/v20260512/tasmaxAdjust_EUR-11_MOHC-HadGEM2-ES_historical_r1i1p1_CLMcom-CCLM4-8-17_SBCK-CDFt-ERA5-1976-2005_day_19500101-20051230.nc,CLMcom_MOHC-HadGEM2-ES_rcp85_r1i1p1_CLMcom-CCLM4-8-17_SBCK-CDFt-ERA5-1976-2005_day_tasmaxAdjust_v20260512,360_day,90,0.3739537358680644
3929,1978,2,19,3860185.054594159,9.5,11.0,406164.1767506496,428139.3946565497,1930092.52729708,2109555.943317364,6.8221248102881,9.69625418475747,69.12137975944101,106.65879603233216,/bdd/CORDEX-Adjust/bias-adjusted-output/EUR-11/CLMcom/MOHC-HadGEM2-ES/historical/r1i1p1/CLMcom-CCLM4-8-17/SBCK-CDFt-ERA5-1976-2005/day/tasmaxAdjust/v20260512/tasmaxAdjust_EUR-11_MOHC-HadGEM2-ES_historical_r1i1p1_CLMcom-CCLM4-8-17_SBCK-CDFt-ERA5-1976-2005_day_19500101-20051230.nc,CLMcom_MOHC-HadGEM2-ES_rcp85_r1i1p1_CLMcom-CCLM4-8-17_SBCK-CDFt-ERA5-1976-2005_day_tasmaxAdjust_v20260512,360_day,90,0.5000810750682486
3930,1979,0,0,0.0,,,,,,,,,,,/bdd/CORDEX-Adjust/bias-adjusted-output/EUR-11/CLMcom/MOHC-HadGEM2-ES/historical/r1i1p1/CLMcom-CCLM4-8-17/SBCK-CDFt-ERA5-1976-2005/day/tasmaxAdjust/v20260512/tasmaxAdjust_EUR-11_MOHC-HadGEM2-ES_historical_r1i1p1_CLMcom-CCLM4-8-17_SBCK-CDFt-ERA5-1976-2005_day_19500101-20051230.nc,CLMcom_MOHC-HadGEM2-ES_rcp85_r1i1p1_CLMcom-CCLM4-8-17_SBCK-CDFt-ERA5-1976-2005_day_tasmaxAdjust_v20260512,360_day,90,0.0
3931,1980,0,0,0.0,,,,,,,,,,,/bdd/CORDEX-Adjust/bias-adjusted-output/EUR-11/CLMcom/MOHC-HadGEM2-ES/historical/r1i1p1/CLMcom-CCLM4-8-17/SBCK-CDFt-ERA5-1976-2005/day/tasmaxAdjust/v20260512/tasmaxAdjust_EUR-11_MOHC-HadGEM2-ES_historical_r1i1p1_CLMcom-CCLM4-8-17_SBCK-CDFt-ERA5-1976-2005_day_19500101-20051230.nc,CLMcom_MOHC-HadGEM2-ES_rcp85_r1i1p1_CLMcom-CCLM4-8-17_SBCK-CDFt-ERA5-1976-2005_day_tasmaxAdjust_v20260512,360_day,90,0.0
3932,1981,0,0,0.0,,,,,,,,,,,/bdd/CORDEX-Adjust/bias-adjusted-output/EUR-11/CLMcom/MOHC-HadGEM2-ES/historical/r1i1p1/CLMcom-CCLM4-8-17/SBCK-CDFt-ERA5-1976-2005/day/tasmaxAdjust/v20260512/tasmaxAdjust_EUR-11_MOHC-HadGEM2-ES_historical_r1i1p1_CLMcom-CCLM4-8-17_SBCK-CDFt-ERA5-1976-2005_day_19500101-20051230.nc,CLMcom_MOHC-HadGEM2-ES_rcp85_r1i1p1_CLMcom-CCLM4-8-17_SBCK-CDFt-ERA5-1976-2005_day_tasmaxAdjust_v20260512,360_day,90,0.0
3933,1982,8,69,25796089.77634578,9.875,18.0,523746.2738789071,1577134.9905402134,3224511.2220432223,10760951.701091511,9.012411909621772,25.8545650256089,120.61319132217793,365.3743642497148,/bdd/CORDEX-Adjust/bias-adjusted-output/EUR-11/CLMcom/MOHC-HadGEM2-ES/historical/r1i1p1/CLMcom-CCLM4-8-17/SBCK-CDFt-ERA5-1976-2005/day/tasmaxAdjust/v20260512/tasmaxAdjust_EUR-11_MOHC-HadGEM2-ES_historical_r1i1p1_CLMcom-CCLM4-8-17_SBCK-CDFt-ERA5-1976-2005_day_19500101-20051230.nc,CLMcom_MOHC-HadGEM2-ES_rcp85_r1i1p1_CLMcom-CCLM4-8-17_SBCK-CDFt-ERA5-1976-2005_day_tasmaxAdjust_v20260512,360_day,90,3.3418440114831
3934,1983,1,18,2613459.050112429,18.0,18.0,260639.53340791364,260639.53340791364,2613459.050112429,2613459.050112429,7.71167478402588,7.71167478402588,138.81014611246584,138.81014611246584,/bdd/CORDEX-Adjust/bias-adjusted-output/EUR-11/CLMcom/MOHC-HadGEM2-ES/historical/r1i1p1/CLMcom-CCLM4-8-17/SBCK-CDFt-ERA5-1976-2005/day/tasmaxAdjust/v20260512/tasmaxAdjust_EUR-11_MOHC-HadGEM2-ES_historical_r1i1p1_CLMcom-CCLM4-8-17_SBCK-CDFt-ERA5-1976-2005_day_19500101-20051230.nc,CLMcom_MOHC-HadGEM2-ES_rcp85_r1i1p1_CLMcom-CCLM4-8-17_SBCK-CDFt-ERA5-1976-2005_day_tasmaxAdjust_v20260512,360_day,90,0.3385696263114704
3935,1984,2,15,997476.3184241689,7.5,8.0,121024.5810324499,183464.0149961,498738.1592120844,745216.0415942511,7.641026650294767,13.919273352904174,54.168576525906055,97.43491347032922,/bdd/CORDEX-Adjust/bias-adjusted-output/EUR-11/CLMcom/MOHC-HadGEM2-ES/historical/r1i1p1/CLMcom-CCLM4-8-17/SBCK-CDFt-ERA5-1976-2005/day/tasmaxAdjust/v20260512/tasmaxAdjust_EUR-11_MOHC-HadGEM2-ES_historical_r1i1p1_CLMcom-CCLM4-8-17_SBCK-CDFt-ERA5-1976-2005_day_19500101-20051230.nc,CLMcom_MOHC-HadGEM2-ES_rcp85_r1i1p1_CLMcom-CCLM4-8-17_SBCK-CDFt-ERA5-1976-2005_day_tasmaxAdjust_v20260512,360_day,90,0.1292215328068308
3936,1985,4,36,4422761.158877449,12.5,21.0,226660.11748215545,311531.1065434302,1105690.2897193625,1478224.4744125311,18.434914108054016,27.695583149065083,243.52126694321743,356.2239126228887,/bdd/CORDEX-Adjust/bias-adjusted-output/EUR-11/CLMcom/MOHC-HadGEM2-ES/historical/r1i1p1/CLMcom-CCLM4-8-17/SBCK-CDFt-ERA5-1976-2005/day/tasmaxAdjust/v20260512/tasmaxAdjust_EUR-11_MOHC-HadGEM2-ES_historical_r1i1p1_CLMcom-CCLM4-8-17_SBCK-CDFt-ERA5-1976-2005_day_19500101-20051230.nc,CLMcom_MOHC-HadGEM2-ES_rcp85_r1i1p1_CLMcom-CCLM4-8-17_SBCK-CDFt-ERA5-1976-2005_day_tasmaxAdjust_v20260512,360_day,90,0.5729619497047815
3937,1986,2,20,6321386.841115716,10.0,14.0,616119.8215526915,1059276.6176367048,3160693.420557858,5518403.562749226,20.567725050297486,33.683222320831696,258.1392395851117,471.5651124916437,/bdd/CORDEX-Adjust/bias-adjusted-output/EUR-11/CLMcom/MOHC-HadGEM2-ES/historical/r1i1p1/CLMcom-CCLM4-8-17/SBCK-CDFt-ERA5-1976-2005/day/tasmaxAdjust/v20260512/tasmaxAdjust_EUR-11_MOHC-HadGEM2-ES_historical_r1i1p1_CLMcom-CCLM4-8-17_SBCK-CDFt-ERA5-1976-2005_day_19500101-20051230.nc,CLMcom_MOHC-HadGEM2-ES_rcp85_r1i1p1_CLMcom-CCLM4-8-17_SBCK-CDFt-ERA5-1976-2005_day_tasmaxAdjust_v20260512,360_day,90,0.8189260055460685
3938,1987,0,0,0.0,,,,,,,,,,,/bdd/CORDEX-Adjust/bias-adjusted-output/EUR-11/CLMcom/MOHC-HadGEM2-ES/historical/r1i1p1/CLMcom-CCLM4-8-17/SBCK-CDFt-ERA5-1976-2005/day/tasmaxAdjust/v20260512/tasmaxAdjust_EUR-11_MOHC-HadGEM2-ES_historical_r1i1p1_CLMcom-CCLM4-8-17_SBCK-CDFt-ERA5-1976-2005_day_19500101-20051230.nc,CLMcom_MOHC-HadGEM2-ES_rcp85_r1i1p1_CLMcom-CCLM4-8-17_SBCK-CDFt-ERA5-1976-2005_day_tasmaxAdjust_v20260512,360_day,90,0.0
3939,1988,3,24,2949027.9976624264,8.333333333333334,11.0,207510.33492492093,305782.6142358929,983009.332554142,1518064.6539814377,17.637890367022088,33.12153493527283,168.59468991771226,364.3368842880011,/bdd/CORDEX-Adjust/bias-adjusted-output/EUR-11/CLMcom/MOHC-HadGEM2-ES/historical/r1i1p1/CLMcom-CCLM4-8-17/SBCK-CDFt-ERA5-1976-2005/day/tasmaxAdjust/v20260512/tasmaxAdjust_EUR-11_MOHC-HadGEM2-ES_historical_r1i1p1_CLMcom-CCLM4-8-17_SBCK-CDFt-ERA5-1976-2005_day_19500101-20051230.nc,CLMcom_MOHC-HadGEM2-ES_rcp85_r1i1p1_CLMcom-CCLM4-8-17_SBCK-CDFt-ERA5-1976-2005_day_tasmaxAdjust_v20260512,360_day,90,0.38204207068317325
3940,1989,4,33,3591984.0663643978,9.0,10.0,180510.9245290318,282163.385936922,897996.0165910994,1356442.2157040746,10.43420694202413,17.292247991253042,96.0961785686424,172.92247991253043,/bdd/CORDEX-Adjust/bias-adjusted-output/EUR-11/CLMcom/MOHC-HadGEM2-ES/historical/r1i1p1/CLMcom-CCLM4-8-17/SBCK-CDFt-ERA5-1976-2005/day/tasmaxAdjust/v20260512/tasmaxAdjust_EUR-11_MOHC-HadGEM2-ES_historical_r1i1p1_CLMcom-CCLM4-8-17_SBCK-CDFt-ERA5-1976-2005_day_19500101-20051230.nc,CLMcom_MOHC-HadGEM2-ES_rcp85_r1i1p1_CLMcom-CCLM4-8-17_SBCK-CDFt-ERA5-1976-2005_day_tasmaxAdjust_v20260512,360_day,90,0.46533604688140523
3941,1990,4,26,4293686.197854544,9.25,19.0,216163.7659116216,341203.8505467449,1073421.549463636,1671822.9126200837,10.48146490474569,34.79914258539681,177.76768208941,661.1837091225393,/bdd/CORDEX-Adjust/bias-adjusted-output/EUR-11/CLMcom/MOHC-HadGEM2-ES/historical/r1i1p1/CLMcom-CCLM4-8-17/SBCK-CDFt-ERA5-1976-2005/day/tasmaxAdjust/v20260512/tasmaxAdjust_EUR-11_MOHC-HadGEM2-ES_historical_r1i1p1_CLMcom-CCLM4-8-17_SBCK-CDFt-ERA5-1976-2005_day_19500101-20051230.nc,CLMcom_MOHC-HadGEM2-ES_rcp85_r1i1p1_CLMcom-CCLM4-8-17_SBCK-CDFt-ERA5-1976-2005_day_tasmaxAdjust_v20260512,360_day,90,0.5562404857439008
3942,1991,6,46,4794141.578481752,8.666666666666666,11.0,166673.73381621225,332009.8135270602,799023.5964136253,1365517.448714245,7.776729158730411,19.848294879332748,62.01766247605869,119.08976927599647,/bdd/CORDEX-Adjust/bias-adjusted-output/EUR-11/CLMcom/MOHC-HadGEM2-ES/historical/r1i1p1/CLMcom-CCLM4-8-17/SBCK-CDFt-ERA5-1976-2005/day/tasmaxAdjust/v20260512/tasmaxAdjust_EUR-11_MOHC-HadGEM2-ES_historical_r1i1p1_CLMcom-CCLM4-8-17_SBCK-CDFt-ERA5-1976-2005_day_19500101-20051230.nc,CLMcom_MOHC-HadGEM2-ES_rcp85_r1i1p1_CLMcom-CCLM4-8-17_SBCK-CDFt-ERA5-1976-2005_day_tasmaxAdjust_v20260512,360_day,90,0.621073715557557
3943,1992,5,49,5044885.6534012165,14.8,21.0,172839.63960137157,443700.748493524,1008977.1306802433,2756199.235032311,15.43730556723076,34.7854016665566,219.2534313562629,521.781024998349,/bdd/CORDEX-Adjust/bias-adjusted-output/EUR-11/CLMcom/MOHC-HadGEM2-ES/historical/r1i1p1/CLMcom-CCLM4-8-17/SBCK-CDFt-ERA5-1976-2005/day/tasmaxAdjust/v20260512/tasmaxAdjust_EUR-11_MOHC-HadGEM2-ES_historical_r1i1p1_CLMcom-CCLM4-8-17_SBCK-CDFt-ERA5-1976-2005_day_19500101-20051230.nc,CLMcom_MOHC-HadGEM2-ES_rcp85_r1i1p1_CLMcom-CCLM4-8-17_SBCK-CDFt-ERA5-1976-2005_day_tasmaxAdjust_v20260512,360_day,90,0.6535572273009861
3944,1993,4,30,3591231.361517658,7.5,9.0,189028.4078035649,456215.3809939697,897807.8403794145,2231318.2115918454,4.13574198664435,5.307401909630584,31.45997975711884,47.766617186675255,/bdd/CORDEX-Adjust/bias-adjusted-output/EUR-11/CLMcom/MOHC-HadGEM2-ES/historical/r1i1p1/CLMcom-CCLM4-8-17/SBCK-CDFt-ERA5-1976-2005/day/tasmaxAdjust/v20260512/tasmaxAdjust_EUR-11_MOHC-HadGEM2-ES_historical_r1i1p1_CLMcom-CCLM4-8-17_SBCK-CDFt-ERA5-1976-2005_day_19500101-20051230.nc,CLMcom_MOHC-HadGEM2-ES_rcp85_r1i1p1_CLMcom-CCLM4-8-17_SBCK-CDFt-ERA5-1976-2005_day_tasmaxAdjust_v20260512,360_day,90,0.4652385351187195
3945,1994,1,9,447816.8805572324,9.0,9.0,72057.50987202625,72057.50987202625,447816.8805572324,447816.8805572324,5.1886552098669485,5.1886552098669485,46.69789688880254,46.69789688880254,/bdd/CORDEX-Adjust/bias-adjusted-output/EUR-11/CLMcom/MOHC-HadGEM2-ES/historical/r1i1p1/CLMcom-CCLM4-8-17/SBCK-CDFt-ERA5-1976-2005/day/tasmaxAdjust/v20260512/tasmaxAdjust_EUR-11_MOHC-HadGEM2-ES_historical_r1i1p1_CLMcom-CCLM4-8-17_SBCK-CDFt-ERA5-1976-2005_day_19500101-20051230.nc,CLMcom_MOHC-HadGEM2-ES_rcp85_r1i1p1_CLMcom-CCLM4-8-17_SBCK-CDFt-ERA5-1976-2005_day_tasmaxAdjust_v20260512,360_day,90,0.05801399256655967
3946,1995,4,34,4023271.8065444976,8.5,12.0,193284.3080790309,318867.63066277705,1005817.9516361244,1779174.8722234557,4.841886656084935,8.376334093461125,45.89579334677888,97.42017029725392,/bdd/CORDEX-Adjust/bias-adjusted-output/EUR-11/CLMcom/MOHC-HadGEM2-ES/historical/r1i1p1/CLMcom-CCLM4-8-17/SBCK-CDFt-ERA5-1976-2005/day/tasmaxAdjust/v20260512/tasmaxAdjust_EUR-11_MOHC-HadGEM2-ES_historical_r1i1p1_CLMcom-CCLM4-8-17_SBCK-CDFt-ERA5-1976-2005_day_19500101-20051230.nc,CLMcom_MOHC-HadGEM2-ES_rcp85_r1i1p1_CLMcom-CCLM4-8-17_SBCK-CDFt-ERA5-1976-2005_day_tasmaxAdjust_v20260512,360_day,90,0.5212087145703109
3947,1996,5,39,5765354.643341182,9.4,13.0,198397.9516249984,497081.2968457888,1153070.9286682364,3090134.571879552,7.8941581365955615,11.486595267493124,73.51119606738006,114.86595267493124,/bdd/CORDEX-Adjust/bias-adjusted-output/EUR-11/CLMcom/MOHC-HadGEM2-ES/historical/r1i1p1/CLMcom-CCLM4-8-17/SBCK-CDFt-ERA5-1976-2005/day/tasmaxAdjust/v20260512/tasmaxAdjust_EUR-11_MOHC-HadGEM2-ES_historical_r1i1p1_CLMcom-CCLM4-8-17_SBCK-CDFt-ERA5-1976-2005_day_19500101-20051230.nc,CLMcom_MOHC-HadGEM2-ES_rcp85_r1i1p1_CLMcom-CCLM4-8-17_SBCK-CDFt-ERA5-1976-2005_day_tasmaxAdjust_v20260512,360_day,90,0.7468928839979918
3948,1997,4,39,5608872.500837447,10.0,12.0,285874.46421815595,498991.48810640455,1402218.1252093618,2592419.447126273,18.15794619670985,28.598634834125573,176.94287138493888,314.5849831753813,/bdd/CORDEX-Adjust/bias-adjusted-output/EUR-11/CLMcom/MOHC-HadGEM2-ES/historical/r1i1p1/CLMcom-CCLM4-8-17/SBCK-CDFt-ERA5-1976-2005/day/tasmaxAdjust/v20260512/tasmaxAdjust_EUR-11_MOHC-HadGEM2-ES_historical_r1i1p1_CLMcom-CCLM4-8-17_SBCK-CDFt-ERA5-1976-2005_day_19500101-20051230.nc,CLMcom_MOHC-HadGEM2-ES_rcp85_r1i1p1_CLMcom-CCLM4-8-17_SBCK-CDFt-ERA5-1976-2005_day_tasmaxAdjust_v20260512,360_day,90,0.7266208615572238
3949,1998,8,68,23298600.35926603,15.0,24.0,480629.580226317,1607329.1405263292,2912325.044908254,10407830.118558284,13.55587922264288,29.649391346576103,241.81283832678315,660.5243066720574,/bdd/CORDEX-Adjust/bias-adjusted-output/EUR-11/CLMcom/MOHC-HadGEM2-ES/historical/r1i1p1/CLMcom-CCLM4-8-17/SBCK-CDFt-ERA5-1976-2005/day/tasmaxAdjust/v20260512/tasmaxAdjust_EUR-11_MOHC-HadGEM2-ES_historical_r1i1p1_CLMcom-CCLM4-8-17_SBCK-CDFt-ERA5-1976-2005_day_19500101-20051230.nc,CLMcom_MOHC-HadGEM2-ES_rcp85_r1i1p1_CLMcom-CCLM4-8-17_SBCK-CDFt-ERA5-1976-2005_day_tasmaxAdjust_v20260512,360_day,90,3.018298073917648
3950,1999,6,40,9586006.25110522,8.0,10.0,328649.5455204237,765044.5084692463,1597667.7085175363,4314696.881967735,9.123053493128024,16.174715819998745,72.2546893792686,113.2230107399912,/bdd/CORDEX-Adjust/bias-adjusted-output/EUR-11/CLMcom/MOHC-HadGEM2-ES/historical/r1i1p1/CLMcom-CCLM4-8-17/SBCK-CDFt-ERA5-1976-2005/day/tasmaxAdjust/v20260512/tasmaxAdjust_EUR-11_MOHC-HadGEM2-ES_historical_r1i1p1_CLMcom-CCLM4-8-17_SBCK-CDFt-ERA5-1976-2005_day_19500101-20051230.nc,CLMcom_MOHC-HadGEM2-ES_rcp85_r1i1p1_CLMcom-CCLM4-8-17_SBCK-CDFt-ERA5-1976-2005_day_tasmaxAdjust_v20260512,360_day,90,1.2418524614405162
3951,2000,4,37,5622778.590786088,9.25,12.0,269068.39396342577,534233.6279031567,1405694.647696522,2886689.123381344,13.424141451585845,20.4388439255396,131.37073828618054,245.2661271064752,/bdd/CORDEX-Adjust/bias-adjusted-output/EUR-11/CLMcom/MOHC-HadGEM2-ES/historical/r1i1p1/CLMcom-CCLM4-8-17/SBCK-CDFt-ERA5-1976-2005/day/tasmaxAdjust/v20260512/tasmaxAdjust_EUR-11_MOHC-HadGEM2-ES_historical_r1i1p1_CLMcom-CCLM4-8-17_SBCK-CDFt-ERA5-1976-2005_day_19500101-20051230.nc,CLMcom_MOHC-HadGEM2-ES_rcp85_r1i1p1_CLMcom-CCLM4-8-17_SBCK-CDFt-ERA5-1976-2005_day_tasmaxAdjust_v20260512,360_day,90,0.728422374260154
3952,2001,4,35,15675523.214463422,11.5,19.0,668887.2365717954,1878097.2806295604,3918880.803615856,11761311.67845743,14.849291804689788,27.72657342343498,159.24976392878656,221.81258738747985,/bdd/CORDEX-Adjust/bias-adjusted-output/EUR-11/CLMcom/MOHC-HadGEM2-ES/historical/r1i1p1/CLMcom-CCLM4-8-17/SBCK-CDFt-ERA5-1976-2005/day/tasmaxAdjust/v20260512/tasmaxAdjust_EUR-11_MOHC-HadGEM2-ES_historical_r1i1p1_CLMcom-CCLM4-8-17_SBCK-CDFt-ERA5-1976-2005_day_19500101-20051230.nc,CLMcom_MOHC-HadGEM2-ES_rcp85_r1i1p1_CLMcom-CCLM4-8-17_SBCK-CDFt-ERA5-1976-2005_day_tasmaxAdjust_v20260512,360_day,90,2.0307400786437984
3953,2002,7,59,14691110.09673964,10.571428571428571,28.0,388494.18056097854,1043654.39529338,2098730.013819949,5246726.446573689,13.56091788742722,31.604805699443755,151.9664427761381,365.9682532801581,/bdd/CORDEX-Adjust/bias-adjusted-output/EUR-11/CLMcom/MOHC-HadGEM2-ES/historical/r1i1p1/CLMcom-CCLM4-8-17/SBCK-CDFt-ERA5-1976-2005/day/tasmaxAdjust/v20260512/tasmaxAdjust_EUR-11_MOHC-HadGEM2-ES_historical_r1i1p1_CLMcom-CCLM4-8-17_SBCK-CDFt-ERA5-1976-2005_day_19500101-20051230.nc,CLMcom_MOHC-HadGEM2-ES_rcp85_r1i1p1_CLMcom-CCLM4-8-17_SBCK-CDFt-ERA5-1976-2005_day_tasmaxAdjust_v20260512,360_day,90,1.9032108635258065
3954,2003,1,9,550313.1684168875,9.0,9.0,114304.69198915332,114304.69198915332,550313.1684168875,550313.1684168875,3.206233820440992,3.206233820440992,28.856104383968923,28.856104383968923,/bdd/CORDEX-Adjust/bias-adjusted-output/EUR-11/CLMcom/MOHC-HadGEM2-ES/historical/r1i1p1/CLMcom-CCLM4-8-17/SBCK-CDFt-ERA5-1976-2005/day/tasmaxAdjust/v20260512/tasmaxAdjust_EUR-11_MOHC-HadGEM2-ES_historical_r1i1p1_CLMcom-CCLM4-8-17_SBCK-CDFt-ERA5-1976-2005_day_19500101-20051230.nc,CLMcom_MOHC-HadGEM2-ES_rcp85_r1i1p1_CLMcom-CCLM4-8-17_SBCK-CDFt-ERA5-1976-2005_day_tasmaxAdjust_v20260512,360_day,90,0.07129223003405068
3955,2004,3,31,887228.1245143857,10.333333333333334,15.0,52512.12527492916,58986.89848676631,295742.7081714619,329096.9266419179,9.034475566514304,18.04915905203209,90.00941678679368,162.4424314682888,/bdd/CORDEX-Adjust/bias-adjusted-output/EUR-11/CLMcom/MOHC-HadGEM2-ES/historical/r1i1p1/CLMcom-CCLM4-8-17/SBCK-CDFt-ERA5-1976-2005/day/tasmaxAdjust/v20260512/tasmaxAdjust_EUR-11_MOHC-HadGEM2-ES_historical_r1i1p1_CLMcom-CCLM4-8-17_SBCK-CDFt-ERA5-1976-2005_day_19500101-20051230.nc,CLMcom_MOHC-HadGEM2-ES_rcp85_r1i1p1_CLMcom-CCLM4-8-17_SBCK-CDFt-ERA5-1976-2005_day_tasmaxAdjust_v20260512,360_day,90,0.11493904775624467
3956,2005,7,55,18630130.359100413,9.571428571428571,15.0,486677.2627688071,1222516.5342488403,2661447.194157202,7526844.148277005,10.48082005578481,30.219363687996047,115.41319510173476,362.63236425595255,/bdd/CORDEX-Adjust/bias-adjusted-output/EUR-11/CLMcom/MOHC-HadGEM2-ES/historical/r1i1p1/CLMcom-CCLM4-8-17/SBCK-CDFt-ERA5-1976-2005/day/tasmaxAdjust/v20260512/tasmaxAdjust_EUR-11_MOHC-HadGEM2-ES_historical_r1i1p1_CLMcom-CCLM4-8-17_SBCK-CDFt-ERA5-1976-2005_day_19500101-20051230.nc,CLMcom_MOHC-HadGEM2-ES_rcp85_r1i1p1_CLMcom-CCLM4-8-17_SBCK-CDFt-ERA5-1976-2005_day_tasmaxAdjust_v20260512,360_day,90,2.4135049192920235
3957,2006,3,53,18523069.095831897,17.666666666666668,38.0,818548.7565738773,2224928.7614297704,6174356.365277299,17312659.443759553,12.945248762364775,27.30366721808882,374.8531811233606,1037.539354287375,/bdd/CORDEX-Adjust/bias-adjusted-output/EUR-11/CLMcom/MOHC-HadGEM2-ES/rcp85/r1i1p1/CLMcom-CCLM4-8-17/SBCK-CDFt-ERA5-1976-2005/day/tasmaxAdjust/v20260512/tasmaxAdjust_EUR-11_MOHC-HadGEM2-ES_rcp85_r1i1p1_CLMcom-CCLM4-8-17_SBCK-CDFt-ERA5-1976-2005_day_20060101-20991230.nc,CLMcom_MOHC-HadGEM2-ES_rcp85_r1i1p1_CLMcom-CCLM4-8-17_SBCK-CDFt-ERA5-1976-2005_day_tasmaxAdjust_v20260512,360_day,90,2.39963529623606
3958,2007,1,28,903891.2834917002,28.0,28.0,152100.19281650503,152100.19281650503,903891.2834917002,903891.2834917002,22.94587752031516,22.94587752031516,642.4845705688244,642.4845705688244,/bdd/CORDEX-Adjust/bias-adjusted-output/EUR-11/CLMcom/MOHC-HadGEM2-ES/rcp85/r1i1p1/CLMcom-CCLM4-8-17/SBCK-CDFt-ERA5-1976-2005/day/tasmaxAdjust/v20260512/tasmaxAdjust_EUR-11_MOHC-HadGEM2-ES_rcp85_r1i1p1_CLMcom-CCLM4-8-17_SBCK-CDFt-ERA5-1976-2005_day_20060101-20991230.nc,CLMcom_MOHC-HadGEM2-ES_rcp85_r1i1p1_CLMcom-CCLM4-8-17_SBCK-CDFt-ERA5-1976-2005_day_tasmaxAdjust_v20260512,360_day,90,0.11709773453875816
3959,2008,3,40,8066496.682963016,16.0,28.0,346013.7986546154,734962.3354730295,2688832.227654339,6495367.250501415,10.91746819805965,19.74331944008703,219.2982610545804,552.8129443224369,/bdd/CORDEX-Adjust/bias-adjusted-output/EUR-11/CLMcom/MOHC-HadGEM2-ES/rcp85/r1i1p1/CLMcom-CCLM4-8-17/SBCK-CDFt-ERA5-1976-2005/day/tasmaxAdjust/v20260512/tasmaxAdjust_EUR-11_MOHC-HadGEM2-ES_rcp85_r1i1p1_CLMcom-CCLM4-8-17_SBCK-CDFt-ERA5-1976-2005_day_20060101-20991230.nc,CLMcom_MOHC-HadGEM2-ES_rcp85_r1i1p1_CLMcom-CCLM4-8-17_SBCK-CDFt-ERA5-1976-2005_day_tasmaxAdjust_v20260512,360_day,90,1.045002318852486
3960,2009,3,59,7939163.457198499,21.33333333333333,35.0,444290.8565252654,790468.0063592228,2646387.8190661664,4705271.836075332,20.81840456447565,21.97981408865902,453.0072495897107,769.2934931030657,/bdd/CORDEX-Adjust/bias-adjusted-output/EUR-11/CLMcom/MOHC-HadGEM2-ES/rcp85/r1i1p1/CLMcom-CCLM4-8-17/SBCK-CDFt-ERA5-1976-2005/day/tasmaxAdjust/v20260512/tasmaxAdjust_EUR-11_MOHC-HadGEM2-ES_rcp85_r1i1p1_CLMcom-CCLM4-8-17_SBCK-CDFt-ERA5-1976-2005_day_20060101-20991230.nc,CLMcom_MOHC-HadGEM2-ES_rcp85_r1i1p1_CLMcom-CCLM4-8-17_SBCK-CDFt-ERA5-1976-2005_day_tasmaxAdjust_v20260512,360_day,90,1.0285064940327813
3961,2010,10,84,19364164.74214256,14.8,40.0,361766.9704142548,710253.5741471273,1936416.4742142565,4084289.356640615,21.44203917945432,65.59993752224501,379.95725873811415,1705.5983755783705,/bdd/CORDEX-Adjust/bias-adjusted-output/EUR-11/CLMcom/MOHC-HadGEM2-ES/rcp85/r1i1p1/CLMcom-CCLM4-8-17/SBCK-CDFt-ERA5-1976-2005/day/tasmaxAdjust/v20260512/tasmaxAdjust_EUR-11_MOHC-HadGEM2-ES_rcp85_r1i1p1_CLMcom-CCLM4-8-17_SBCK-CDFt-ERA5-1976-2005_day_20060101-20991230.nc,CLMcom_MOHC-HadGEM2-ES_rcp85_r1i1p1_CLMcom-CCLM4-8-17_SBCK-CDFt-ERA5-1976-2005_day_tasmaxAdjust_v20260512,360_day,90,2.5085979519361206
3962,2011,4,35,4074093.27935436,11.75,25.0,198669.9119924413,450479.20465972216,1018523.31983859,2494866.692553957,18.75141030414169,36.20821437228001,285.07956012732967,748.3350467010957,/bdd/CORDEX-Adjust/bias-adjusted-output/EUR-11/CLMcom/MOHC-HadGEM2-ES/rcp85/r1i1p1/CLMcom-CCLM4-8-17/SBCK-CDFt-ERA5-1976-2005/day/tasmaxAdjust/v20260512/tasmaxAdjust_EUR-11_MOHC-HadGEM2-ES_rcp85_r1i1p1_CLMcom-CCLM4-8-17_SBCK-CDFt-ERA5-1976-2005_day_20060101-20991230.nc,CLMcom_MOHC-HadGEM2-ES_rcp85_r1i1p1_CLMcom-CCLM4-8-17_SBCK-CDFt-ERA5-1976-2005_day_tasmaxAdjust_v20260512,360_day,90,0.5277925587124618
3963,2012,4,67,7792600.590046912,22.75,37.0,273602.7777120131,455427.0262565223,1948150.147511728,3829808.626598788,13.13010796797962,37.598460120861176,381.45742378999466,1127.9538036258352,/bdd/CORDEX-Adjust/bias-adjusted-output/EUR-11/CLMcom/MOHC-HadGEM2-ES/rcp85/r1i1p1/CLMcom-CCLM4-8-17/SBCK-CDFt-ERA5-1976-2005/day/tasmaxAdjust/v20260512/tasmaxAdjust_EUR-11_MOHC-HadGEM2-ES_rcp85_r1i1p1_CLMcom-CCLM4-8-17_SBCK-CDFt-ERA5-1976-2005_day_20060101-20991230.nc,CLMcom_MOHC-HadGEM2-ES_rcp85_r1i1p1_CLMcom-CCLM4-8-17_SBCK-CDFt-ERA5-1976-2005_day_tasmaxAdjust_v20260512,360_day,90,1.0095194985562248
3964,2013,5,70,15914850.16292676,16.4,50.0,398868.3360552196,1094328.8411186254,3182970.032585352,11634635.54224933,10.165729328307666,13.20881146077084,163.7533743980789,501.4771685389293,/bdd/CORDEX-Adjust/bias-adjusted-output/EUR-11/CLMcom/MOHC-HadGEM2-ES/rcp85/r1i1p1/CLMcom-CCLM4-8-17/SBCK-CDFt-ERA5-1976-2005/day/tasmaxAdjust/v20260512/tasmaxAdjust_EUR-11_MOHC-HadGEM2-ES_rcp85_r1i1p1_CLMcom-CCLM4-8-17_SBCK-CDFt-ERA5-1976-2005_day_20060101-20991230.nc,CLMcom_MOHC-HadGEM2-ES_rcp85_r1i1p1_CLMcom-CCLM4-8-17_SBCK-CDFt-ERA5-1976-2005_day_tasmaxAdjust_v20260512,360_day,90,2.0617445191013637
3965,2014,4,39,9269942.88997539,11.5,19.0,349129.1372485468,642759.4880004306,2317485.722493848,5602223.224691757,11.85247561559532,19.34343583242383,169.0726247004763,367.5252808160528,/bdd/CORDEX-Adjust/bias-adjusted-output/EUR-11/CLMcom/MOHC-HadGEM2-ES/rcp85/r1i1p1/CLMcom-CCLM4-8-17/SBCK-CDFt-ERA5-1976-2005/day/tasmaxAdjust/v20260512/tasmaxAdjust_EUR-11_MOHC-HadGEM2-ES_rcp85_r1i1p1_CLMcom-CCLM4-8-17_SBCK-CDFt-ERA5-1976-2005_day_20060101-20991230.nc,CLMcom_MOHC-HadGEM2-ES_rcp85_r1i1p1_CLMcom-CCLM4-8-17_SBCK-CDFt-ERA5-1976-2005_day_tasmaxAdjust_v20260512,360_day,90,1.2009069359830309
3966,2015,6,66,28700957.53814994,15.833333333333334,29.0,769645.1556782549,1792858.2209536375,4783492.923024991,10106758.715368686,8.033749970607476,21.372829766252995,124.01615484413573,356.962596337455,/bdd/CORDEX-Adjust/bias-adjusted-output/EUR-11/CLMcom/MOHC-HadGEM2-ES/rcp85/r1i1p1/CLMcom-CCLM4-8-17/SBCK-CDFt-ERA5-1976-2005/day/tasmaxAdjust/v20260512/tasmaxAdjust_EUR-11_MOHC-HadGEM2-ES_rcp85_r1i1p1_CLMcom-CCLM4-8-17_SBCK-CDFt-ERA5-1976-2005_day_20060101-20991230.nc,CLMcom_MOHC-HadGEM2-ES_rcp85_r1i1p1_CLMcom-CCLM4-8-17_SBCK-CDFt-ERA5-1976-2005_day_tasmaxAdjust_v20260512,360_day,90,3.7181651910921567
3967,2016,5,59,8879185.720731797,16.2,36.0,307989.6029801292,602596.2977633906,1775837.1441463593,3984500.744469927,10.447017839177066,24.71557582404405,249.24134993576305,889.7607296655857,/bdd/CORDEX-Adjust/bias-adjusted-output/EUR-11/CLMcom/MOHC-HadGEM2-ES/rcp85/r1i1p1/CLMcom-CCLM4-8-17/SBCK-CDFt-ERA5-1976-2005/day/tasmaxAdjust/v20260512/tasmaxAdjust_EUR-11_MOHC-HadGEM2-ES_rcp85_r1i1p1_CLMcom-CCLM4-8-17_SBCK-CDFt-ERA5-1976-2005_day_20060101-20991230.nc,CLMcom_MOHC-HadGEM2-ES_rcp85_r1i1p1_CLMcom-CCLM4-8-17_SBCK-CDFt-ERA5-1976-2005_day_tasmaxAdjust_v20260512,360_day,90,1.150284941824125
3968,2017,3,41,2574533.418670676,17.333333333333332,32.0,173781.3358620969,230006.81132840403,858177.8062235586,1115004.327384028,5.293843833677431,5.499256774109729,93.85379027023131,175.11154167584297,/bdd/CORDEX-Adjust/bias-adjusted-output/EUR-11/CLMcom/MOHC-HadGEM2-ES/rcp85/r1i1p1/CLMcom-CCLM4-8-17/SBCK-CDFt-ERA5-1976-2005/day/tasmaxAdjust/v20260512/tasmaxAdjust_EUR-11_MOHC-HadGEM2-ES_rcp85_r1i1p1_CLMcom-CCLM4-8-17_SBCK-CDFt-ERA5-1976-2005_day_20060101-20991230.nc,CLMcom_MOHC-HadGEM2-ES_rcp85_r1i1p1_CLMcom-CCLM4-8-17_SBCK-CDFt-ERA5-1976-2005_day_tasmaxAdjust_v20260512,360_day,90,0.3335268702405056
3969,2018,5,80,15581152.187523844,27.8,74.0,437267.8395906776,994041.6678491164,3116230.437504769,8170646.8102939455,10.024913457145148,33.314148091386095,551.107789448257,2465.246958762571,/bdd/CORDEX-Adjust/bias-adjusted-output/EUR-11/CLMcom/MOHC-HadGEM2-ES/rcp85/r1i1p1/CLMcom-CCLM4-8-17/SBCK-CDFt-ERA5-1976-2005/day/tasmaxAdjust/v20260512/tasmaxAdjust_EUR-11_MOHC-HadGEM2-ES_rcp85_r1i1p1_CLMcom-CCLM4-8-17_SBCK-CDFt-ERA5-1976-2005_day_20060101-20991230.nc,CLMcom_MOHC-HadGEM2-ES_rcp85_r1i1p1_CLMcom-CCLM4-8-17_SBCK-CDFt-ERA5-1976-2005_day_tasmaxAdjust_v20260512,360_day,90,2.01851445631228
3970,2019,7,84,28512860.521325503,19.428571428571427,46.0,640912.260126229,2606084.9293363434,4073265.788760786,16934892.273359425,13.027961619738248,40.82306120001314,331.7760963653731,1714.568570400552,/bdd/CORDEX-Adjust/bias-adjusted-output/EUR-11/CLMcom/MOHC-HadGEM2-ES/rcp85/r1i1p1/CLMcom-CCLM4-8-17/SBCK-CDFt-ERA5-1976-2005/day/tasmaxAdjust/v20260512/tasmaxAdjust_EUR-11_MOHC-HadGEM2-ES_rcp85_r1i1p1_CLMcom-CCLM4-8-17_SBCK-CDFt-ERA5-1976-2005_day_20060101-20991230.nc,CLMcom_MOHC-HadGEM2-ES_rcp85_r1i1p1_CLMcom-CCLM4-8-17_SBCK-CDFt-ERA5-1976-2005_day_tasmaxAdjust_v20260512,360_day,90,3.6937975099938765
3971,2020,8,89,27580430.993194323,21.625,61.0,564089.866349765,1231461.016196117,3447553.8741492904,7888626.86250942,11.669744908359108,33.35914001402159,241.7626988345175,709.2841999580048,/bdd/CORDEX-Adjust/bias-adjusted-output/EUR-11/CLMcom/MOHC-HadGEM2-ES/rcp85/r1i1p1/CLMcom-CCLM4-8-17/SBCK-CDFt-ERA5-1976-2005/day/tasmaxAdjust/v20260512/tasmaxAdjust_EUR-11_MOHC-HadGEM2-ES_rcp85_r1i1p1_CLMcom-CCLM4-8-17_SBCK-CDFt-ERA5-1976-2005_day_20060101-20991230.nc,CLMcom_MOHC-HadGEM2-ES_rcp85_r1i1p1_CLMcom-CCLM4-8-17_SBCK-CDFt-ERA5-1976-2005_day_tasmaxAdjust_v20260512,360_day,90,3.5730026894714073
3972,2021,8,84,32616603.36163804,18.625,54.0,569708.1519779279,1726188.4041528385,4077075.4202047545,16203951.911061924,13.069311769852543,32.33497713902777,250.4519336139408,604.5052680252445,/bdd/CORDEX-Adjust/bias-adjusted-output/EUR-11/CLMcom/MOHC-HadGEM2-ES/rcp85/r1i1p1/CLMcom-CCLM4-8-17/SBCK-CDFt-ERA5-1976-2005/day/tasmaxAdjust/v20260512/tasmaxAdjust_EUR-11_MOHC-HadGEM2-ES_rcp85_r1i1p1_CLMcom-CCLM4-8-17_SBCK-CDFt-ERA5-1976-2005_day_20060101-20991230.nc,CLMcom_MOHC-HadGEM2-ES_rcp85_r1i1p1_CLMcom-CCLM4-8-17_SBCK-CDFt-ERA5-1976-2005_day_tasmaxAdjust_v20260512,360_day,90,4.225431124020933
3973,2022,7,84,37801499.47286557,18.857142857142858,47.0,752043.8693193954,2447903.697564178,5400214.210409367,17842870.611381367,11.652342588679096,22.410742518946808,228.15051553218723,941.251185795766,/bdd/CORDEX-Adjust/bias-adjusted-output/EUR-11/CLMcom/MOHC-HadGEM2-ES/rcp85/r1i1p1/CLMcom-CCLM4-8-17/SBCK-CDFt-ERA5-1976-2005/day/tasmaxAdjust/v20260512/tasmaxAdjust_EUR-11_MOHC-HadGEM2-ES_rcp85_r1i1p1_CLMcom-CCLM4-8-17_SBCK-CDFt-ERA5-1976-2005_day_20060101-20991230.nc,CLMcom_MOHC-HadGEM2-ES_rcp85_r1i1p1_CLMcom-CCLM4-8-17_SBCK-CDFt-ERA5-1976-2005_day_tasmaxAdjust_v20260512,360_day,90,4.897126492183133
3974,2023,8,50,23754114.714163896,12.5,25.0,494211.9055735761,1638084.94154366,2969264.339270487,12260927.111243175,9.275962524173934,16.33295385286536,127.79108895952145,408.323846321634,/bdd/CORDEX-Adjust/bias-adjusted-output/EUR-11/CLMcom/MOHC-HadGEM2-ES/rcp85/r1i1p1/CLMcom-CCLM4-8-17/SBCK-CDFt-ERA5-1976-2005/day/tasmaxAdjust/v20260512/tasmaxAdjust_EUR-11_MOHC-HadGEM2-ES_rcp85_r1i1p1_CLMcom-CCLM4-8-17_SBCK-CDFt-ERA5-1976-2005_day_20060101-20991230.nc,CLMcom_MOHC-HadGEM2-ES_rcp85_r1i1p1_CLMcom-CCLM4-8-17_SBCK-CDFt-ERA5-1976-2005_day_tasmaxAdjust_v20260512,360_day,90,3.0773092625225145
3975,2024,6,62,8806991.455079835,15.333333333333334,57.0,258751.1401755648,645913.6101834938,1467831.9091799725,4872289.429039844,6.5358505674862855,12.90750782924372,153.7180034689035,698.8917442158217,/bdd/CORDEX-Adjust/bias-adjusted-output/EUR-11/CLMcom/MOHC-HadGEM2-ES/rcp85/r1i1p1/CLMcom-CCLM4-8-17/SBCK-CDFt-ERA5-1976-2005/day/tasmaxAdjust/v20260512/tasmaxAdjust_EUR-11_MOHC-HadGEM2-ES_rcp85_r1i1p1_CLMcom-CCLM4-8-17_SBCK-CDFt-ERA5-1976-2005_day_20060101-20991230.nc,CLMcom_MOHC-HadGEM2-ES_rcp85_r1i1p1_CLMcom-CCLM4-8-17_SBCK-CDFt-ERA5-1976-2005_day_tasmaxAdjust_v20260512,360_day,90,1.1409322850290762
3976,2025,3,88,40529727.239142224,38.333333333333336,88.0,1426127.6270953056,4038556.829217557,13509909.079714077,39150800.04722117,22.068776096793115,60.56199214503483,490.2425251647204,1029.553866465592,/bdd/CORDEX-Adjust/bias-adjusted-output/EUR-11/CLMcom/MOHC-HadGEM2-ES/rcp85/r1i1p1/CLMcom-CCLM4-8-17/SBCK-CDFt-ERA5-1976-2005/day/tasmaxAdjust/v20260512/tasmaxAdjust_EUR-11_MOHC-HadGEM2-ES_rcp85_r1i1p1_CLMcom-CCLM4-8-17_SBCK-CDFt-ERA5-1976-2005_day_20060101-20991230.nc,CLMcom_MOHC-HadGEM2-ES_rcp85_r1i1p1_CLMcom-CCLM4-8-17_SBCK-CDFt-ERA5-1976-2005_day_tasmaxAdjust_v20260512,360_day,90,5.250564230295435
3977,2026,4,90,15842960.327943692,36.0,66.0,597975.986659459,1515805.057344407,3960740.081985923,11044525.89724856,13.894422019814163,22.78789615764695,658.7025524249266,1504.0011464046988,/bdd/CORDEX-Adjust/bias-adjusted-output/EUR-11/CLMcom/MOHC-HadGEM2-ES/rcp85/r1i1p1/CLMcom-CCLM4-8-17/SBCK-CDFt-ERA5-1976-2005/day/tasmaxAdjust/v20260512/tasmaxAdjust_EUR-11_MOHC-HadGEM2-ES_rcp85_r1i1p1_CLMcom-CCLM4-8-17_SBCK-CDFt-ERA5-1976-2005_day_20060101-20991230.nc,CLMcom_MOHC-HadGEM2-ES_rcp85_r1i1p1_CLMcom-CCLM4-8-17_SBCK-CDFt-ERA5-1976-2005_day_tasmaxAdjust_v20260512,360_day,90,2.0524313008342694
3978,2027,3,81,8296194.316320569,52.0,63.0,347024.18428670306,726339.5848392539,2765398.1054401896,4957752.932016382,10.583617540990144,25.7687008025758,423.2547810670265,901.904528090153,/bdd/CORDEX-Adjust/bias-adjusted-output/EUR-11/CLMcom/MOHC-HadGEM2-ES/rcp85/r1i1p1/CLMcom-CCLM4-8-17/SBCK-CDFt-ERA5-1976-2005/day/tasmaxAdjust/v20260512/tasmaxAdjust_EUR-11_MOHC-HadGEM2-ES_rcp85_r1i1p1_CLMcom-CCLM4-8-17_SBCK-CDFt-ERA5-1976-2005_day_20060101-20991230.nc,CLMcom_MOHC-HadGEM2-ES_rcp85_r1i1p1_CLMcom-CCLM4-8-17_SBCK-CDFt-ERA5-1976-2005_day_tasmaxAdjust_v20260512,360_day,90,1.0747592962526678
3979,2028,6,90,43280520.27637809,27.5,76.0,885009.2661060268,2728670.209147444,7213420.046063014,28147178.798803985,14.752516516934714,30.9835985531298,549.0158214185564,1384.4202481275274,/bdd/CORDEX-Adjust/bias-adjusted-output/EUR-11/CLMcom/MOHC-HadGEM2-ES/rcp85/r1i1p1/CLMcom-CCLM4-8-17/SBCK-CDFt-ERA5-1976-2005/day/tasmaxAdjust/v20260512/tasmaxAdjust_EUR-11_MOHC-HadGEM2-ES_rcp85_r1i1p1_CLMcom-CCLM4-8-17_SBCK-CDFt-ERA5-1976-2005_day_20060101-20991230.nc,CLMcom_MOHC-HadGEM2-ES_rcp85_r1i1p1_CLMcom-CCLM4-8-17_SBCK-CDFt-ERA5-1976-2005_day_tasmaxAdjust_v20260512,360_day,90,5.60692526477848
3980,2029,5,82,22520698.982133284,24.4,79.0,616322.416410424,2297777.6867324333,4504139.796426657,18683407.646811813,6.049213734243493,9.326097381818178,190.316897935124,736.761693163636,/bdd/CORDEX-Adjust/bias-adjusted-output/EUR-11/CLMcom/MOHC-HadGEM2-ES/rcp85/r1i1p1/CLMcom-CCLM4-8-17/SBCK-CDFt-ERA5-1976-2005/day/tasmaxAdjust/v20260512/tasmaxAdjust_EUR-11_MOHC-HadGEM2-ES_rcp85_r1i1p1_CLMcom-CCLM4-8-17_SBCK-CDFt-ERA5-1976-2005_day_20060101-20991230.nc,CLMcom_MOHC-HadGEM2-ES_rcp85_r1i1p1_CLMcom-CCLM4-8-17_SBCK-CDFt-ERA5-1976-2005_day_tasmaxAdjust_v20260512,360_day,90,2.917522139222332
3981,2030,3,90,47288706.081916414,45.333333333333336,89.0,959577.9685608306,1655765.3270824,15762902.02730547,36548188.604492754,5.159123961528286,8.684054060092164,157.36998953587775,236.9972357159069,/bdd/CORDEX-Adjust/bias-adjusted-output/EUR-11/CLMcom/MOHC-HadGEM2-ES/rcp85/r1i1p1/CLMcom-CCLM4-8-17/SBCK-CDFt-ERA5-1976-2005/day/tasmaxAdjust/v20260512/tasmaxAdjust_EUR-11_MOHC-HadGEM2-ES_rcp85_r1i1p1_CLMcom-CCLM4-8-17_SBCK-CDFt-ERA5-1976-2005_day_20060101-20991230.nc,CLMcom_MOHC-HadGEM2-ES_rcp85_r1i1p1_CLMcom-CCLM4-8-17_SBCK-CDFt-ERA5-1976-2005_day_tasmaxAdjust_v20260512,360_day,90,6.126179610971382
3982,2031,12,89,13976889.92604049,16.166666666666668,52.0,195886.07747664777,797698.3795080722,1164740.8271700407,6480133.217988107,6.116340257995007,11.209628460241792,138.2995129982857,477.7381441980325,/bdd/CORDEX-Adjust/bias-adjusted-output/EUR-11/CLMcom/MOHC-HadGEM2-ES/rcp85/r1i1p1/CLMcom-CCLM4-8-17/SBCK-CDFt-ERA5-1976-2005/day/tasmaxAdjust/v20260512/tasmaxAdjust_EUR-11_MOHC-HadGEM2-ES_rcp85_r1i1p1_CLMcom-CCLM4-8-17_SBCK-CDFt-ERA5-1976-2005_day_20060101-20991230.nc,CLMcom_MOHC-HadGEM2-ES_rcp85_r1i1p1_CLMcom-CCLM4-8-17_SBCK-CDFt-ERA5-1976-2005_day_tasmaxAdjust_v20260512,360_day,90,1.8106847318126182
3983,2032,3,90,51359698.84639385,35.666666666666664,90.0,1261793.353210267,3570424.570175413,17119899.615464617,50368098.030680805,11.388947012725607,14.956610981361296,301.96067509426507,681.485629911739,/bdd/CORDEX-Adjust/bias-adjusted-output/EUR-11/CLMcom/MOHC-HadGEM2-ES/rcp85/r1i1p1/CLMcom-CCLM4-8-17/SBCK-CDFt-ERA5-1976-2005/day/tasmaxAdjust/v20260512/tasmaxAdjust_EUR-11_MOHC-HadGEM2-ES_rcp85_r1i1p1_CLMcom-CCLM4-8-17_SBCK-CDFt-ERA5-1976-2005_day_20060101-20991230.nc,CLMcom_MOHC-HadGEM2-ES_rcp85_r1i1p1_CLMcom-CCLM4-8-17_SBCK-CDFt-ERA5-1976-2005_day_tasmaxAdjust_v20260512,360_day,90,6.65357050271944
3984,2033,2,90,20608222.07833831,48.5,90.0,1351558.5042195646,2594698.7984217107,10304111.039169157,20156468.57911358,9.910443085572808,12.204045095253097,575.8409730520132,1098.3640585727787,/bdd/CORDEX-Adjust/bias-adjusted-output/EUR-11/CLMcom/MOHC-HadGEM2-ES/rcp85/r1i1p1/CLMcom-CCLM4-8-17/SBCK-CDFt-ERA5-1976-2005/day/tasmaxAdjust/v20260512/tasmaxAdjust_EUR-11_MOHC-HadGEM2-ES_rcp85_r1i1p1_CLMcom-CCLM4-8-17_SBCK-CDFt-ERA5-1976-2005_day_20060101-20991230.nc,CLMcom_MOHC-HadGEM2-ES_rcp85_r1i1p1_CLMcom-CCLM4-8-17_SBCK-CDFt-ERA5-1976-2005_day_tasmaxAdjust_v20260512,360_day,90,2.6697636787944456
3985,2034,3,90,73847669.5204334,35.0,90.0,2304099.839403684,6518876.295125185,24615889.840144467,72086751.67889258,9.96701161880762,25.31069349973201,133.1341321266937,202.4855479978561,/bdd/CORDEX-Adjust/bias-adjusted-output/EUR-11/CLMcom/MOHC-HadGEM2-ES/rcp85/r1i1p1/CLMcom-CCLM4-8-17/SBCK-CDFt-ERA5-1976-2005/day/tasmaxAdjust/v20260512/tasmaxAdjust_EUR-11_MOHC-HadGEM2-ES_rcp85_r1i1p1_CLMcom-CCLM4-8-17_SBCK-CDFt-ERA5-1976-2005_day_20060101-20991230.nc,CLMcom_MOHC-HadGEM2-ES_rcp85_r1i1p1_CLMcom-CCLM4-8-17_SBCK-CDFt-ERA5-1976-2005_day_tasmaxAdjust_v20260512,360_day,90,9.566852739640403
3986,2035,6,90,32352791.53630041,38.5,78.0,710481.5704970249,1533476.7115131589,5392131.922716735,13811250.367512224,8.679693379980085,27.310387499127685,250.01555368720764,493.4881156947441,/bdd/CORDEX-Adjust/bias-adjusted-output/EUR-11/CLMcom/MOHC-HadGEM2-ES/rcp85/r1i1p1/CLMcom-CCLM4-8-17/SBCK-CDFt-ERA5-1976-2005/day/tasmaxAdjust/v20260512/tasmaxAdjust_EUR-11_MOHC-HadGEM2-ES_rcp85_r1i1p1_CLMcom-CCLM4-8-17_SBCK-CDFt-ERA5-1976-2005_day_20060101-20991230.nc,CLMcom_MOHC-HadGEM2-ES_rcp85_r1i1p1_CLMcom-CCLM4-8-17_SBCK-CDFt-ERA5-1976-2005_day_tasmaxAdjust_v20260512,360_day,90,4.191254705179679
3987,2036,8,90,40433833.573874734,20.25,90.0,799836.5151132207,3723539.1772371614,5054229.196734342,26594880.17558077,16.002558967919583,40.12387432678152,406.4357080613682,2005.888333764458,/bdd/CORDEX-Adjust/bias-adjusted-output/EUR-11/CLMcom/MOHC-HadGEM2-ES/rcp85/r1i1p1/CLMcom-CCLM4-8-17/SBCK-CDFt-ERA5-1976-2005/day/tasmaxAdjust/v20260512/tasmaxAdjust_EUR-11_MOHC-HadGEM2-ES_rcp85_r1i1p1_CLMcom-CCLM4-8-17_SBCK-CDFt-ERA5-1976-2005_day_20060101-20991230.nc,CLMcom_MOHC-HadGEM2-ES_rcp85_r1i1p1_CLMcom-CCLM4-8-17_SBCK-CDFt-ERA5-1976-2005_day_tasmaxAdjust_v20260512,360_day,90,5.2381413524952825
3988,2037,5,90,18719481.784392223,27.0,90.0,578937.364365639,1904199.599122229,3743896.3568784455,13933400.275731329,10.462704456418974,20.1789987073182,435.4487726767648,1816.109883658638,/bdd/CORDEX-Adjust/bias-adjusted-output/EUR-11/CLMcom/MOHC-HadGEM2-ES/rcp85/r1i1p1/CLMcom-CCLM4-8-17/SBCK-CDFt-ERA5-1976-2005/day/tasmaxAdjust/v20260512/tasmaxAdjust_EUR-11_MOHC-HadGEM2-ES_rcp85_r1i1p1_CLMcom-CCLM4-8-17_SBCK-CDFt-ERA5-1976-2005_day_20060101-20991230.nc,CLMcom_MOHC-HadGEM2-ES_rcp85_r1i1p1_CLMcom-CCLM4-8-17_SBCK-CDFt-ERA5-1976-2005_day_tasmaxAdjust_v20260512,360_day,90,2.425080259900534
3989,2038,3,90,28977686.24229672,37.333333333333336,90.0,1304779.0651308668,3584312.274576294,9659228.74743224,27449594.74675424,8.12676819537669,13.159094656512694,431.44024433332135,1184.3185190861425,/bdd/CORDEX-Adjust/bias-adjusted-output/EUR-11/CLMcom/MOHC-HadGEM2-ES/rcp85/r1i1p1/CLMcom-CCLM4-8-17/SBCK-CDFt-ERA5-1976-2005/day/tasmaxAdjust/v20260512/tasmaxAdjust_EUR-11_MOHC-HadGEM2-ES_rcp85_r1i1p1_CLMcom-CCLM4-8-17_SBCK-CDFt-ERA5-1976-2005_day_20060101-20991230.nc,CLMcom_MOHC-HadGEM2-ES_rcp85_r1i1p1_CLMcom-CCLM4-8-17_SBCK-CDFt-ERA5-1976-2005_day_tasmaxAdjust_v20260512,360_day,90,3.754014971844834
3990,2039,7,90,38308407.9043318,20.571428571428573,89.0,635287.0032489039,3087624.086640768,5472629.700618829,31641929.790908888,11.64850003177972,26.77972259488612,141.02776586834403,275.3900670568103,/bdd/CORDEX-Adjust/bias-adjusted-output/EUR-11/CLMcom/MOHC-HadGEM2-ES/rcp85/r1i1p1/CLMcom-CCLM4-8-17/SBCK-CDFt-ERA5-1976-2005/day/tasmaxAdjust/v20260512/tasmaxAdjust_EUR-11_MOHC-HadGEM2-ES_rcp85_r1i1p1_CLMcom-CCLM4-8-17_SBCK-CDFt-ERA5-1976-2005_day_20060101-20991230.nc,CLMcom_MOHC-HadGEM2-ES_rcp85_r1i1p1_CLMcom-CCLM4-8-17_SBCK-CDFt-ERA5-1976-2005_day_tasmaxAdjust_v20260512,360_day,90,4.962795704872068
3991,2040,6,86,82477757.94826172,21.666666666666668,86.0,1294138.9128325954,6485379.213008834,13746292.991376951,75814068.38485177,9.087080186200852,15.024973703801546,199.7800537175078,818.756089237666,/bdd/CORDEX-Adjust/bias-adjusted-output/EUR-11/CLMcom/MOHC-HadGEM2-ES/rcp85/r1i1p1/CLMcom-CCLM4-8-17/SBCK-CDFt-ERA5-1976-2005/day/tasmaxAdjust/v20260512/tasmaxAdjust_EUR-11_MOHC-HadGEM2-ES_rcp85_r1i1p1_CLMcom-CCLM4-8-17_SBCK-CDFt-ERA5-1976-2005_day_20060101-20991230.nc,CLMcom_MOHC-HadGEM2-ES_rcp85_r1i1p1_CLMcom-CCLM4-8-17_SBCK-CDFt-ERA5-1976-2005_day_tasmaxAdjust_v20260512,360_day,90,10.68486750781482
3992,2041,4,90,95888391.72278208,28.75,90.0,1833373.1290238183,6929239.162214622,23972097.93069552,94133856.23735891,5.395707922264218,9.69686576213774,170.42375178007686,572.8225573360761,/bdd/CORDEX-Adjust/bias-adjusted-output/EUR-11/CLMcom/MOHC-HadGEM2-ES/rcp85/r1i1p1/CLMcom-CCLM4-8-17/SBCK-CDFt-ERA5-1976-2005/day/tasmaxAdjust/v20260512/tasmaxAdjust_EUR-11_MOHC-HadGEM2-ES_rcp85_r1i1p1_CLMcom-CCLM4-8-17_SBCK-CDFt-ERA5-1976-2005_day_20060101-20991230.nc,CLMcom_MOHC-HadGEM2-ES_rcp85_r1i1p1_CLMcom-CCLM4-8-17_SBCK-CDFt-ERA5-1976-2005_day_tasmaxAdjust_v20260512,360_day,90,12.422194620494858
3993,2042,3,90,46464036.49080532,36.66666666666666,90.0,1716868.0801503004,4877775.99209921,15488012.163601773,45032248.57590233,10.583836722957926,20.630864278051625,650.1016933216825,1856.7777850246464,/bdd/CORDEX-Adjust/bias-adjusted-output/EUR-11/CLMcom/MOHC-HadGEM2-ES/rcp85/r1i1p1/CLMcom-CCLM4-8-17/SBCK-CDFt-ERA5-1976-2005/day/tasmaxAdjust/v20260512/tasmaxAdjust_EUR-11_MOHC-HadGEM2-ES_rcp85_r1i1p1_CLMcom-CCLM4-8-17_SBCK-CDFt-ERA5-1976-2005_day_20060101-20991230.nc,CLMcom_MOHC-HadGEM2-ES_rcp85_r1i1p1_CLMcom-CCLM4-8-17_SBCK-CDFt-ERA5-1976-2005_day_tasmaxAdjust_v20260512,360_day,90,6.0193449256217475
3994,2043,2,90,57165525.93425544,48.0,90.0,2787867.8309767656,5413341.929522768,28582762.96712772,56483398.46044308,12.408471170735934,12.984114806536327,571.4295834917083,1064.954478144199,/bdd/CORDEX-Adjust/bias-adjusted-output/EUR-11/CLMcom/MOHC-HadGEM2-ES/rcp85/r1i1p1/CLMcom-CCLM4-8-17/SBCK-CDFt-ERA5-1976-2005/day/tasmaxAdjust/v20260512/tasmaxAdjust_EUR-11_MOHC-HadGEM2-ES_rcp85_r1i1p1_CLMcom-CCLM4-8-17_SBCK-CDFt-ERA5-1976-2005_day_20060101-20991230.nc,CLMcom_MOHC-HadGEM2-ES_rcp85_r1i1p1_CLMcom-CCLM4-8-17_SBCK-CDFt-ERA5-1976-2005_day_tasmaxAdjust_v20260512,360_day,90,7.405706530059049
3995,2044,6,90,50034696.66344738,27.0,90.0,1106757.5406525524,4830077.757936919,8339116.110574563,41431738.43798101,12.60599464111671,24.189889465104347,378.914736385686,1245.3862480085468,/bdd/CORDEX-Adjust/bias-adjusted-output/EUR-11/CLMcom/MOHC-HadGEM2-ES/rcp85/r1i1p1/CLMcom-CCLM4-8-17/SBCK-CDFt-ERA5-1976-2005/day/tasmaxAdjust/v20260512/tasmaxAdjust_EUR-11_MOHC-HadGEM2-ES_rcp85_r1i1p1_CLMcom-CCLM4-8-17_SBCK-CDFt-ERA5-1976-2005_day_20060101-20991230.nc,CLMcom_MOHC-HadGEM2-ES_rcp85_r1i1p1_CLMcom-CCLM4-8-17_SBCK-CDFt-ERA5-1976-2005_day_tasmaxAdjust_v20260512,360_day,90,6.4819184946564965
3996,2045,2,88,47314263.17195359,61.5,88.0,1919779.360239032,2696826.7913877824,23657131.585976794,35037861.48351796,3.892942191160921,4.890768304696379,265.8583367650862,430.3876108132813,/bdd/CORDEX-Adjust/bias-adjusted-output/EUR-11/CLMcom/MOHC-HadGEM2-ES/rcp85/r1i1p1/CLMcom-CCLM4-8-17/SBCK-CDFt-ERA5-1976-2005/day/tasmaxAdjust/v20260512/tasmaxAdjust_EUR-11_MOHC-HadGEM2-ES_rcp85_r1i1p1_CLMcom-CCLM4-8-17_SBCK-CDFt-ERA5-1976-2005_day_20060101-20991230.nc,CLMcom_MOHC-HadGEM2-ES_rcp85_r1i1p1_CLMcom-CCLM4-8-17_SBCK-CDFt-ERA5-1976-2005_day_tasmaxAdjust_v20260512,360_day,90,6.129490492931872
3997,2046,5,90,52029309.32912671,25.2,90.0,1244066.2630930983,5183778.640152646,10405861.865825342,47128763.45410532,11.065092611727124,33.65504066487918,229.32711421440587,597.2833165919187,/bdd/CORDEX-Adjust/bias-adjusted-output/EUR-11/CLMcom/MOHC-HadGEM2-ES/rcp85/r1i1p1/CLMcom-CCLM4-8-17/SBCK-CDFt-ERA5-1976-2005/day/tasmaxAdjust/v20260512/tasmaxAdjust_EUR-11_MOHC-HadGEM2-ES_rcp85_r1i1p1_CLMcom-CCLM4-8-17_SBCK-CDFt-ERA5-1976-2005_day_20060101-20991230.nc,CLMcom_MOHC-HadGEM2-ES_rcp85_r1i1p1_CLMcom-CCLM4-8-17_SBCK-CDFt-ERA5-1976-2005_day_tasmaxAdjust_v20260512,360_day,90,6.7403175175247245
3998,2047,5,90,97139454.99333902,31.8,90.0,2046734.4477259207,6475263.025153866,19427890.998667803,76930578.93089443,10.228857069010266,22.012673877255693,281.6469461884447,528.3041730541366,/bdd/CORDEX-Adjust/bias-adjusted-output/EUR-11/CLMcom/MOHC-HadGEM2-ES/rcp85/r1i1p1/CLMcom-CCLM4-8-17/SBCK-CDFt-ERA5-1976-2005/day/tasmaxAdjust/v20260512/tasmaxAdjust_EUR-11_MOHC-HadGEM2-ES_rcp85_r1i1p1_CLMcom-CCLM4-8-17_SBCK-CDFt-ERA5-1976-2005_day_20060101-20991230.nc,CLMcom_MOHC-HadGEM2-ES_rcp85_r1i1p1_CLMcom-CCLM4-8-17_SBCK-CDFt-ERA5-1976-2005_day_tasmaxAdjust_v20260512,360_day,90,12.584267955443899
3999,2048,2,90,72546006.69160332,51.0,90.0,3673315.02711406,7146733.664899581,36273003.34580166,71636216.70678519,7.484916103702711,8.62772743160877,426.3003630771746,776.4954688447893,/bdd/CORDEX-Adjust/bias-adjusted-output/EUR-11/CLMcom/MOHC-HadGEM2-ES/rcp85/r1i1p1/CLMcom-CCLM4-8-17/SBCK-CDFt-ERA5-1976-2005/day/tasmaxAdjust/v20260512/tasmaxAdjust_EUR-11_MOHC-HadGEM2-ES_rcp85_r1i1p1_CLMcom-CCLM4-8-17_SBCK-CDFt-ERA5-1976-2005_day_20060101-20991230.nc,CLMcom_MOHC-HadGEM2-ES_rcp85_r1i1p1_CLMcom-CCLM4-8-17_SBCK-CDFt-ERA5-1976-2005_day_tasmaxAdjust_v20260512,360_day,90,9.398224309238337
4000,2049,2,90,73670252.42237955,68.0,90.0,2330715.217054833,4375820.333434911,36835126.21118978,72056537.42482585,6.298104493751901,9.998534401124536,346.86164761293134,459.9325824517287,/bdd/CORDEX-Adjust/bias-adjusted-output/EUR-11/CLMcom/MOHC-HadGEM2-ES/rcp85/r1i1p1/CLMcom-CCLM4-8-17/SBCK-CDFt-ERA5-1976-2005/day/tasmaxAdjust/v20260512/tasmaxAdjust_EUR-11_MOHC-HadGEM2-ES_rcp85_r1i1p1_CLMcom-CCLM4-8-17_SBCK-CDFt-ERA5-1976-2005_day_20060101-20991230.nc,CLMcom_MOHC-HadGEM2-ES_rcp85_r1i1p1_CLMcom-CCLM4-8-17_SBCK-CDFt-ERA5-1976-2005_day_tasmaxAdjust_v20260512,360_day,90,9.543868625698854
4001,2050,3,90,99301060.198327,36.333333333333336,90.0,2624037.062303087,6453292.422675424,33100353.39944233,93183642.76680368,4.597227921528448,4.8356459496118935,163.2640957240216,400.19884815026165,/bdd/CORDEX-Adjust/bias-adjusted-output/EUR-11/CLMcom/MOHC-HadGEM2-ES/rcp85/r1i1p1/CLMcom-CCLM4-8-17/SBCK-CDFt-ERA5-1976-2005/day/tasmaxAdjust/v20260512/tasmaxAdjust_EUR-11_MOHC-HadGEM2-ES_rcp85_r1i1p1_CLMcom-CCLM4-8-17_SBCK-CDFt-ERA5-1976-2005_day_20060101-20991230.nc,CLMcom_MOHC-HadGEM2-ES_rcp85_r1i1p1_CLMcom-CCLM4-8-17_SBCK-CDFt-ERA5-1976-2005_day_tasmaxAdjust_v20260512,360_day,90,12.864300606598018
4002,2051,4,90,59836101.3629788,37.25,89.0,1311542.6189111331,3951909.640182161,14959025.3407447,53069916.10581082,14.517038646805004,44.2837805308444,355.4726598343788,885.6756106168881,/bdd/CORDEX-Adjust/bias-adjusted-output/EUR-11/CLMcom/MOHC-HadGEM2-ES/rcp85/r1i1p1/CLMcom-CCLM4-8-17/SBCK-CDFt-ERA5-1976-2005/day/tasmaxAdjust/v20260512/tasmaxAdjust_EUR-11_MOHC-HadGEM2-ES_rcp85_r1i1p1_CLMcom-CCLM4-8-17_SBCK-CDFt-ERA5-1976-2005_day_20060101-20991230.nc,CLMcom_MOHC-HadGEM2-ES_rcp85_r1i1p1_CLMcom-CCLM4-8-17_SBCK-CDFt-ERA5-1976-2005_day_tasmaxAdjust_v20260512,360_day,90,7.751675495939944
4003,2052,3,90,97314699.7990892,35.333333333333336,90.0,2130318.483216074,5944024.684685057,32438233.266363066,95033808.31467062,4.095447184579462,7.911497335234302,91.309139646758,192.7719729991832,/bdd/CORDEX-Adjust/bias-adjusted-output/EUR-11/CLMcom/MOHC-HadGEM2-ES/rcp85/r1i1p1/CLMcom-CCLM4-8-17/SBCK-CDFt-ERA5-1976-2005/day/tasmaxAdjust/v20260512/tasmaxAdjust_EUR-11_MOHC-HadGEM2-ES_rcp85_r1i1p1_CLMcom-CCLM4-8-17_SBCK-CDFt-ERA5-1976-2005_day_20060101-20991230.nc,CLMcom_MOHC-HadGEM2-ES_rcp85_r1i1p1_CLMcom-CCLM4-8-17_SBCK-CDFt-ERA5-1976-2005_day_tasmaxAdjust_v20260512,360_day,90,12.60697065223699
4004,2053,8,90,82732289.71634202,18.875,90.0,866848.4399891541,5582869.0294576045,10341536.214542752,76178864.21471646,7.222358455560773,18.832505281065146,157.06261465104825,836.9224482593971,/bdd/CORDEX-Adjust/bias-adjusted-output/EUR-11/CLMcom/MOHC-HadGEM2-ES/rcp85/r1i1p1/CLMcom-CCLM4-8-17/SBCK-CDFt-ERA5-1976-2005/day/tasmaxAdjust/v20260512/tasmaxAdjust_EUR-11_MOHC-HadGEM2-ES_rcp85_r1i1p1_CLMcom-CCLM4-8-17_SBCK-CDFt-ERA5-1976-2005_day_20060101-20991230.nc,CLMcom_MOHC-HadGEM2-ES_rcp85_r1i1p1_CLMcom-CCLM4-8-17_SBCK-CDFt-ERA5-1976-2005_day_tasmaxAdjust_v20260512,360_day,90,10.717841709419258
4005,2054,3,90,92962014.51104426,49.0,90.0,2042111.521453943,3874110.878983141,30987338.17034809,77373828.05051687,2.913871862212272,5.878584682970202,162.49652991322145,288.0506494655399,/bdd/CORDEX-Adjust/bias-adjusted-output/EUR-11/CLMcom/MOHC-HadGEM2-ES/rcp85/r1i1p1/CLMcom-CCLM4-8-17/SBCK-CDFt-ERA5-1976-2005/day/tasmaxAdjust/v20260512/tasmaxAdjust_EUR-11_MOHC-HadGEM2-ES_rcp85_r1i1p1_CLMcom-CCLM4-8-17_SBCK-CDFt-ERA5-1976-2005_day_20060101-20991230.nc,CLMcom_MOHC-HadGEM2-ES_rcp85_r1i1p1_CLMcom-CCLM4-8-17_SBCK-CDFt-ERA5-1976-2005_day_tasmaxAdjust_v20260512,360_day,90,12.04308692451552
4006,2055,2,90,102715610.23622677,48.5,90.0,3950019.371710488,7804138.544078961,51357805.11811338,102301449.75705196,6.498082835358479,10.60249896102411,485.4902867300099,954.22490649217,/bdd/CORDEX-Adjust/bias-adjusted-output/EUR-11/CLMcom/MOHC-HadGEM2-ES/rcp85/r1i1p1/CLMcom-CCLM4-8-17/SBCK-CDFt-ERA5-1976-2005/day/tasmaxAdjust/v20260512/tasmaxAdjust_EUR-11_MOHC-HadGEM2-ES_rcp85_r1i1p1_CLMcom-CCLM4-8-17_SBCK-CDFt-ERA5-1976-2005_day_20060101-20991230.nc,CLMcom_MOHC-HadGEM2-ES_rcp85_r1i1p1_CLMcom-CCLM4-8-17_SBCK-CDFt-ERA5-1976-2005_day_tasmaxAdjust_v20260512,360_day,90,13.306650346229029
4007,2056,2,90,42098212.17061241,86.5,90.0,1936180.727425621,2662495.554132126,21049106.085306205,33958600.65941668,2.554913137771218,2.7310105668463134,221.6163274189732,245.7909510161682,/bdd/CORDEX-Adjust/bias-adjusted-output/EUR-11/CLMcom/MOHC-HadGEM2-ES/rcp85/r1i1p1/CLMcom-CCLM4-8-17/SBCK-CDFt-ERA5-1976-2005/day/tasmaxAdjust/v20260512/tasmaxAdjust_EUR-11_MOHC-HadGEM2-ES_rcp85_r1i1p1_CLMcom-CCLM4-8-17_SBCK-CDFt-ERA5-1976-2005_day_20060101-20991230.nc,CLMcom_MOHC-HadGEM2-ES_rcp85_r1i1p1_CLMcom-CCLM4-8-17_SBCK-CDFt-ERA5-1976-2005_day_tasmaxAdjust_v20260512,360_day,90,5.453759056363282
4008,2057,2,90,70833356.94372392,50.0,90.0,2857158.185123172,5656672.117033737,35416678.47186196,70496726.39280991,6.116059531921096,8.847320595150116,415.0534191252156,796.2588535635105,/bdd/CORDEX-Adjust/bias-adjusted-output/EUR-11/CLMcom/MOHC-HadGEM2-ES/rcp85/r1i1p1/CLMcom-CCLM4-8-17/SBCK-CDFt-ERA5-1976-2005/day/tasmaxAdjust/v20260512/tasmaxAdjust_EUR-11_MOHC-HadGEM2-ES_rcp85_r1i1p1_CLMcom-CCLM4-8-17_SBCK-CDFt-ERA5-1976-2005_day_20060101-20991230.nc,CLMcom_MOHC-HadGEM2-ES_rcp85_r1i1p1_CLMcom-CCLM4-8-17_SBCK-CDFt-ERA5-1976-2005_day_tasmaxAdjust_v20260512,360_day,90,9.176353151503145
4009,2058,1,90,139793779.48623306,90.0,90.0,6612081.995988754,6612081.995988754,139793779.48623306,139793779.48623306,6.476365963769312,6.476365963769312,582.8729367392381,582.8729367392381,/bdd/CORDEX-Adjust/bias-adjusted-output/EUR-11/CLMcom/MOHC-HadGEM2-ES/rcp85/r1i1p1/CLMcom-CCLM4-8-17/SBCK-CDFt-ERA5-1976-2005/day/tasmaxAdjust/v20260512/tasmaxAdjust_EUR-11_MOHC-HadGEM2-ES_rcp85_r1i1p1_CLMcom-CCLM4-8-17_SBCK-CDFt-ERA5-1976-2005_day_20060101-20991230.nc,CLMcom_MOHC-HadGEM2-ES_rcp85_r1i1p1_CLMcom-CCLM4-8-17_SBCK-CDFt-ERA5-1976-2005_day_tasmaxAdjust_v20260512,360_day,90,18.11007051336271
4010,2059,3,90,130386829.98240192,34.333333333333336,90.0,2335536.2137245536,6840303.163005529,43462276.66080064,129619158.79445948,9.31423799749855,16.981420843204905,532.6694618352244,1528.3278758884414,/bdd/CORDEX-Adjust/bias-adjusted-output/EUR-11/CLMcom/MOHC-HadGEM2-ES/rcp85/r1i1p1/CLMcom-CCLM4-8-17/SBCK-CDFt-ERA5-1976-2005/day/tasmaxAdjust/v20260512/tasmaxAdjust_EUR-11_MOHC-HadGEM2-ES_rcp85_r1i1p1_CLMcom-CCLM4-8-17_SBCK-CDFt-ERA5-1976-2005_day_20060101-20991230.nc,CLMcom_MOHC-HadGEM2-ES_rcp85_r1i1p1_CLMcom-CCLM4-8-17_SBCK-CDFt-ERA5-1976-2005_day_tasmaxAdjust_v20260512,360_day,90,16.891414579914677
4011,2060,2,90,153586205.74285454,49.0,90.0,4040913.6701261,7979498.201090139,76793102.87142727,153159616.66498566,4.532256630845535,7.142059357055091,329.082486686023,642.7853421349582,/bdd/CORDEX-Adjust/bias-adjusted-output/EUR-11/CLMcom/MOHC-HadGEM2-ES/rcp85/r1i1p1/CLMcom-CCLM4-8-17/SBCK-CDFt-ERA5-1976-2005/day/tasmaxAdjust/v20260512/tasmaxAdjust_EUR-11_MOHC-HadGEM2-ES_rcp85_r1i1p1_CLMcom-CCLM4-8-17_SBCK-CDFt-ERA5-1976-2005_day_20060101-20991230.nc,CLMcom_MOHC-HadGEM2-ES_rcp85_r1i1p1_CLMcom-CCLM4-8-17_SBCK-CDFt-ERA5-1976-2005_day_tasmaxAdjust_v20260512,360_day,90,19.896858258681302
4012,2061,2,90,156697958.01388103,47.0,90.0,3652154.515556544,7193278.1393934805,78348979.00694051,156253834.4470026,0.3548529373558008,0.7097058747113915,31.93676436201304,63.87352872402524,/bdd/CORDEX-Adjust/bias-adjusted-output/EUR-11/CLMcom/MOHC-HadGEM2-ES/rcp85/r1i1p1/CLMcom-CCLM4-8-17/SBCK-CDFt-ERA5-1976-2005/day/tasmaxAdjust/v20260512/tasmaxAdjust_EUR-11_MOHC-HadGEM2-ES_rcp85_r1i1p1_CLMcom-CCLM4-8-17_SBCK-CDFt-ERA5-1976-2005_day_20060101-20991230.nc,CLMcom_MOHC-HadGEM2-ES_rcp85_r1i1p1_CLMcom-CCLM4-8-17_SBCK-CDFt-ERA5-1976-2005_day_tasmaxAdjust_v20260512,360_day,90,20.299981010319588
4013,2062,1,90,147975473.45812032,90.0,90.0,7973357.726907119,7973357.726907119,147975473.45812032,147975473.45812032,7.955584271964142,7.955584271964142,716.0025844767728,716.0025844767728,/bdd/CORDEX-Adjust/bias-adjusted-output/EUR-11/CLMcom/MOHC-HadGEM2-ES/rcp85/r1i1p1/CLMcom-CCLM4-8-17/SBCK-CDFt-ERA5-1976-2005/day/tasmaxAdjust/v20260512/tasmaxAdjust_EUR-11_MOHC-HadGEM2-ES_rcp85_r1i1p1_CLMcom-CCLM4-8-17_SBCK-CDFt-ERA5-1976-2005_day_20060101-20991230.nc,CLMcom_MOHC-HadGEM2-ES_rcp85_r1i1p1_CLMcom-CCLM4-8-17_SBCK-CDFt-ERA5-1976-2005_day_tasmaxAdjust_v20260512,360_day,90,19.169996464962185
4014,2063,2,90,119396887.88575532,47.0,90.0,3334489.927473623,6493518.002503342,59698443.94287767,118695040.47597972,3.1297155383052853,6.259431076610353,281.6743984474664,563.3487968949318,/bdd/CORDEX-Adjust/bias-adjusted-output/EUR-11/CLMcom/MOHC-HadGEM2-ES/rcp85/r1i1p1/CLMcom-CCLM4-8-17/SBCK-CDFt-ERA5-1976-2005/day/tasmaxAdjust/v20260512/tasmaxAdjust_EUR-11_MOHC-HadGEM2-ES_rcp85_r1i1p1_CLMcom-CCLM4-8-17_SBCK-CDFt-ERA5-1976-2005_day_20060101-20991230.nc,CLMcom_MOHC-HadGEM2-ES_rcp85_r1i1p1_CLMcom-CCLM4-8-17_SBCK-CDFt-ERA5-1976-2005_day_tasmaxAdjust_v20260512,360_day,90,15.46768437504069
4015,2064,1,90,111797067.37260546,90.0,90.0,6514907.271557163,6514907.271557163,111797067.37260546,111797067.37260546,10.067292200853952,10.067292200853952,906.0562980768556,906.0562980768556,/bdd/CORDEX-Adjust/bias-adjusted-output/EUR-11/CLMcom/MOHC-HadGEM2-ES/rcp85/r1i1p1/CLMcom-CCLM4-8-17/SBCK-CDFt-ERA5-1976-2005/day/tasmaxAdjust/v20260512/tasmaxAdjust_EUR-11_MOHC-HadGEM2-ES_rcp85_r1i1p1_CLMcom-CCLM4-8-17_SBCK-CDFt-ERA5-1976-2005_day_20060101-20991230.nc,CLMcom_MOHC-HadGEM2-ES_rcp85_r1i1p1_CLMcom-CCLM4-8-17_SBCK-CDFt-ERA5-1976-2005_day_tasmaxAdjust_v20260512,360_day,90,14.483139240858963
4016,2065,2,90,227056362.5771685,47.5,90.0,4329221.651147092,8527489.555087086,113528181.28858425,226519645.6230871,5.050599927430131,6.269610645090148,188.09554105238047,344.8430288793102,/bdd/CORDEX-Adjust/bias-adjusted-output/EUR-11/CLMcom/MOHC-HadGEM2-ES/rcp85/r1i1p1/CLMcom-CCLM4-8-17/SBCK-CDFt-ERA5-1976-2005/day/tasmaxAdjust/v20260512/tasmaxAdjust_EUR-11_MOHC-HadGEM2-ES_rcp85_r1i1p1_CLMcom-CCLM4-8-17_SBCK-CDFt-ERA5-1976-2005_day_20060101-20991230.nc,CLMcom_MOHC-HadGEM2-ES_rcp85_r1i1p1_CLMcom-CCLM4-8-17_SBCK-CDFt-ERA5-1976-2005_day_tasmaxAdjust_v20260512,360_day,90,29.41480480671262
4017,2066,4,90,118583741.24307346,29.0,90.0,1630402.2608917663,5920397.25025882,29645935.31076837,115755823.85978568,6.044226699764119,14.211053576557058,138.1462321804841,404.783653228449,/bdd/CORDEX-Adjust/bias-adjusted-output/EUR-11/CLMcom/MOHC-HadGEM2-ES/rcp85/r1i1p1/CLMcom-CCLM4-8-17/SBCK-CDFt-ERA5-1976-2005/day/tasmaxAdjust/v20260512/tasmaxAdjust_EUR-11_MOHC-HadGEM2-ES_rcp85_r1i1p1_CLMcom-CCLM4-8-17_SBCK-CDFt-ERA5-1976-2005_day_20060101-20991230.nc,CLMcom_MOHC-HadGEM2-ES_rcp85_r1i1p1_CLMcom-CCLM4-8-17_SBCK-CDFt-ERA5-1976-2005_day_tasmaxAdjust_v20260512,360_day,90,15.36234247005183
4018,2067,3,90,114427865.00503027,39.333333333333336,90.0,2368031.836158972,6823195.043472642,38142621.66834343,113131618.10441267,3.376527133335812,6.8924059003535945,110.1032367265401,279.23763050141025,/bdd/CORDEX-Adjust/bias-adjusted-output/EUR-11/CLMcom/MOHC-HadGEM2-ES/rcp85/r1i1p1/CLMcom-CCLM4-8-17/SBCK-CDFt-ERA5-1976-2005/day/tasmaxAdjust/v20260512/tasmaxAdjust_EUR-11_MOHC-HadGEM2-ES_rcp85_r1i1p1_CLMcom-CCLM4-8-17_SBCK-CDFt-ERA5-1976-2005_day_20060101-20991230.nc,CLMcom_MOHC-HadGEM2-ES_rcp85_r1i1p1_CLMcom-CCLM4-8-17_SBCK-CDFt-ERA5-1976-2005_day_tasmaxAdjust_v20260512,360_day,90,14.823955054013888
4019,2068,1,90,207528233.6198343,90.0,90.0,8429541.575050492,8429541.575050492,207528233.6198343,207528233.6198343,4.619532648421146,4.619532648421146,415.7579383579031,415.7579383579031,/bdd/CORDEX-Adjust/bias-adjusted-output/EUR-11/CLMcom/MOHC-HadGEM2-ES/rcp85/r1i1p1/CLMcom-CCLM4-8-17/SBCK-CDFt-ERA5-1976-2005/day/tasmaxAdjust/v20260512/tasmaxAdjust_EUR-11_MOHC-HadGEM2-ES_rcp85_r1i1p1_CLMcom-CCLM4-8-17_SBCK-CDFt-ERA5-1976-2005_day_20060101-20991230.nc,CLMcom_MOHC-HadGEM2-ES_rcp85_r1i1p1_CLMcom-CCLM4-8-17_SBCK-CDFt-ERA5-1976-2005_day_tasmaxAdjust_v20260512,360_day,90,26.884965541252377
4020,2069,2,90,156294876.86126953,48.5,90.0,3910600.090547562,7761615.607208591,78147438.43063477,155983819.28680503,7.184071311274884,11.908405563126507,544.4873300486744,1071.756500681386,/bdd/CORDEX-Adjust/bias-adjusted-output/EUR-11/CLMcom/MOHC-HadGEM2-ES/rcp85/r1i1p1/CLMcom-CCLM4-8-17/SBCK-CDFt-ERA5-1976-2005/day/tasmaxAdjust/v20260512/tasmaxAdjust_EUR-11_MOHC-HadGEM2-ES_rcp85_r1i1p1_CLMcom-CCLM4-8-17_SBCK-CDFt-ERA5-1976-2005_day_20060101-20991230.nc,CLMcom_MOHC-HadGEM2-ES_rcp85_r1i1p1_CLMcom-CCLM4-8-17_SBCK-CDFt-ERA5-1976-2005_day_tasmaxAdjust_v20260512,360_day,90,20.247762462947666
4021,2070,1,90,138271375.40924686,90.0,90.0,5241382.2133663,5241382.2133663,138271375.40924686,138271375.40924686,2.0911291685452325,2.0911291685452325,188.2016251690709,188.2016251690709,/bdd/CORDEX-Adjust/bias-adjusted-output/EUR-11/CLMcom/MOHC-HadGEM2-ES/rcp85/r1i1p1/CLMcom-CCLM4-8-17/SBCK-CDFt-ERA5-1976-2005/day/tasmaxAdjust/v20260512/tasmaxAdjust_EUR-11_MOHC-HadGEM2-ES_rcp85_r1i1p1_CLMcom-CCLM4-8-17_SBCK-CDFt-ERA5-1976-2005_day_20060101-20991230.nc,CLMcom_MOHC-HadGEM2-ES_rcp85_r1i1p1_CLMcom-CCLM4-8-17_SBCK-CDFt-ERA5-1976-2005_day_tasmaxAdjust_v20260512,360_day,90,17.912845391577047
4022,2071,2,90,273316825.9100208,48.0,90.0,4248539.17183286,8251093.77400701,136658412.9550104,272248256.5820484,6.894418570547043,8.848074251594676,248.8785527822575,444.6686600549469,/bdd/CORDEX-Adjust/bias-adjusted-output/EUR-11/CLMcom/MOHC-HadGEM2-ES/rcp85/r1i1p1/CLMcom-CCLM4-8-17/SBCK-CDFt-ERA5-1976-2005/day/tasmaxAdjust/v20260512/tasmaxAdjust_EUR-11_MOHC-HadGEM2-ES_rcp85_r1i1p1_CLMcom-CCLM4-8-17_SBCK-CDFt-ERA5-1976-2005_day_20060101-20991230.nc,CLMcom_MOHC-HadGEM2-ES_rcp85_r1i1p1_CLMcom-CCLM4-8-17_SBCK-CDFt-ERA5-1976-2005_day_tasmaxAdjust_v20260512,360_day,90,35.407777140802
4023,2072,1,90,254568761.1334064,90.0,90.0,8452773.067929216,8452773.067929216,254568761.1334064,254568761.1334064,5.463541032045116,5.463541032045116,491.7186928840604,491.7186928840604,/bdd/CORDEX-Adjust/bias-adjusted-output/EUR-11/CLMcom/MOHC-HadGEM2-ES/rcp85/r1i1p1/CLMcom-CCLM4-8-17/SBCK-CDFt-ERA5-1976-2005/day/tasmaxAdjust/v20260512/tasmaxAdjust_EUR-11_MOHC-HadGEM2-ES_rcp85_r1i1p1_CLMcom-CCLM4-8-17_SBCK-CDFt-ERA5-1976-2005_day_20060101-20991230.nc,CLMcom_MOHC-HadGEM2-ES_rcp85_r1i1p1_CLMcom-CCLM4-8-17_SBCK-CDFt-ERA5-1976-2005_day_tasmaxAdjust_v20260512,360_day,90,32.97899399793679
4024,2073,2,90,105246309.36274378,49.0,90.0,3651669.9973337296,7142124.12631116,52623154.68137189,104281440.47151975,5.321896085571769,9.105708776764876,415.9092285319341,819.5137899088389,/bdd/CORDEX-Adjust/bias-adjusted-output/EUR-11/CLMcom/MOHC-HadGEM2-ES/rcp85/r1i1p1/CLMcom-CCLM4-8-17/SBCK-CDFt-ERA5-1976-2005/day/tasmaxAdjust/v20260512/tasmaxAdjust_EUR-11_MOHC-HadGEM2-ES_rcp85_r1i1p1_CLMcom-CCLM4-8-17_SBCK-CDFt-ERA5-1976-2005_day_20060101-20991230.nc,CLMcom_MOHC-HadGEM2-ES_rcp85_r1i1p1_CLMcom-CCLM4-8-17_SBCK-CDFt-ERA5-1976-2005_day_tasmaxAdjust_v20260512,360_day,90,13.634498550904272
4025,2074,1,90,179164979.38225585,90.0,90.0,7881278.150551945,7881278.150551945,179164979.38225585,179164979.38225585,11.461060649867765,11.461060649867765,1031.4954584880986,1031.4954584880986,/bdd/CORDEX-Adjust/bias-adjusted-output/EUR-11/CLMcom/MOHC-HadGEM2-ES/rcp85/r1i1p1/CLMcom-CCLM4-8-17/SBCK-CDFt-ERA5-1976-2005/day/tasmaxAdjust/v20260512/tasmaxAdjust_EUR-11_MOHC-HadGEM2-ES_rcp85_r1i1p1_CLMcom-CCLM4-8-17_SBCK-CDFt-ERA5-1976-2005_day_20060101-20991230.nc,CLMcom_MOHC-HadGEM2-ES_rcp85_r1i1p1_CLMcom-CCLM4-8-17_SBCK-CDFt-ERA5-1976-2005_day_tasmaxAdjust_v20260512,360_day,90,23.210549296704354
4026,2075,1,90,197597896.3248993,90.0,90.0,7862454.135505365,7862454.135505365,197597896.3248993,197597896.3248993,7.041620020017384,7.041620020017384,633.7458018015645,633.7458018015645,/bdd/CORDEX-Adjust/bias-adjusted-output/EUR-11/CLMcom/MOHC-HadGEM2-ES/rcp85/r1i1p1/CLMcom-CCLM4-8-17/SBCK-CDFt-ERA5-1976-2005/day/tasmaxAdjust/v20260512/tasmaxAdjust_EUR-11_MOHC-HadGEM2-ES_rcp85_r1i1p1_CLMcom-CCLM4-8-17_SBCK-CDFt-ERA5-1976-2005_day_20060101-20991230.nc,CLMcom_MOHC-HadGEM2-ES_rcp85_r1i1p1_CLMcom-CCLM4-8-17_SBCK-CDFt-ERA5-1976-2005_day_tasmaxAdjust_v20260512,360_day,90,25.598505519256484
4027,2076,2,90,290602273.40565014,48.0,90.0,4373487.918373773,8571827.488264572,145301136.70282507,289887098.8492305,4.643424679504871,7.479267241909851,103.77899699522465,162.68239053899015,/bdd/CORDEX-Adjust/bias-adjusted-output/EUR-11/CLMcom/MOHC-HadGEM2-ES/rcp85/r1i1p1/CLMcom-CCLM4-8-17/SBCK-CDFt-ERA5-1976-2005/day/tasmaxAdjust/v20260512/tasmaxAdjust_EUR-11_MOHC-HadGEM2-ES_rcp85_r1i1p1_CLMcom-CCLM4-8-17_SBCK-CDFt-ERA5-1976-2005_day_20060101-20991230.nc,CLMcom_MOHC-HadGEM2-ES_rcp85_r1i1p1_CLMcom-CCLM4-8-17_SBCK-CDFt-ERA5-1976-2005_day_tasmaxAdjust_v20260512,360_day,90,37.64708044994319
4028,2077,1,90,163032230.1985096,90.0,90.0,6185326.585074055,6185326.585074055,163032230.1985096,163032230.1985096,2.231063314759765,2.231063314759765,200.79569832837888,200.79569832837888,/bdd/CORDEX-Adjust/bias-adjusted-output/EUR-11/CLMcom/MOHC-HadGEM2-ES/rcp85/r1i1p1/CLMcom-CCLM4-8-17/SBCK-CDFt-ERA5-1976-2005/day/tasmaxAdjust/v20260512/tasmaxAdjust_EUR-11_MOHC-HadGEM2-ES_rcp85_r1i1p1_CLMcom-CCLM4-8-17_SBCK-CDFt-ERA5-1976-2005_day_20060101-20991230.nc,CLMcom_MOHC-HadGEM2-ES_rcp85_r1i1p1_CLMcom-CCLM4-8-17_SBCK-CDFt-ERA5-1976-2005_day_tasmaxAdjust_v20260512,360_day,90,21.120576292427636
4029,2078,1,90,216154778.2200524,90.0,90.0,8469164.874210648,8469164.874210648,216154778.2200524,216154778.2200524,12.257512217329303,12.257512217329303,1103.1760995596374,1103.1760995596374,/bdd/CORDEX-Adjust/bias-adjusted-output/EUR-11/CLMcom/MOHC-HadGEM2-ES/rcp85/r1i1p1/CLMcom-CCLM4-8-17/SBCK-CDFt-ERA5-1976-2005/day/tasmaxAdjust/v20260512/tasmaxAdjust_EUR-11_MOHC-HadGEM2-ES_rcp85_r1i1p1_CLMcom-CCLM4-8-17_SBCK-CDFt-ERA5-1976-2005_day_20060101-20991230.nc,CLMcom_MOHC-HadGEM2-ES_rcp85_r1i1p1_CLMcom-CCLM4-8-17_SBCK-CDFt-ERA5-1976-2005_day_tasmaxAdjust_v20260512,360_day,90,28.002521211975218
4030,2079,1,90,201538613.97671705,90.0,90.0,8420909.271350605,8420909.271350605,201538613.97671705,201538613.97671705,6.593521831333437,6.593521831333437,593.4169648200093,593.4169648200093,/bdd/CORDEX-Adjust/bias-adjusted-output/EUR-11/CLMcom/MOHC-HadGEM2-ES/rcp85/r1i1p1/CLMcom-CCLM4-8-17/SBCK-CDFt-ERA5-1976-2005/day/tasmaxAdjust/v20260512/tasmaxAdjust_EUR-11_MOHC-HadGEM2-ES_rcp85_r1i1p1_CLMcom-CCLM4-8-17_SBCK-CDFt-ERA5-1976-2005_day_20060101-20991230.nc,CLMcom_MOHC-HadGEM2-ES_rcp85_r1i1p1_CLMcom-CCLM4-8-17_SBCK-CDFt-ERA5-1976-2005_day_tasmaxAdjust_v20260512,360_day,90,26.109019469233072
4031,2080,2,90,363561401.1273198,47.0,90.0,4377260.631441012,8543322.537364751,181780700.5636599,362716606.2252507,1.4889503402491588,2.9779006804983177,134.0055306224243,268.0110612448486,/bdd/CORDEX-Adjust/bias-adjusted-output/EUR-11/CLMcom/MOHC-HadGEM2-ES/rcp85/r1i1p1/CLMcom-CCLM4-8-17/SBCK-CDFt-ERA5-1976-2005/day/tasmaxAdjust/v20260512/tasmaxAdjust_EUR-11_MOHC-HadGEM2-ES_rcp85_r1i1p1_CLMcom-CCLM4-8-17_SBCK-CDFt-ERA5-1976-2005_day_20060101-20991230.nc,CLMcom_MOHC-HadGEM2-ES_rcp85_r1i1p1_CLMcom-CCLM4-8-17_SBCK-CDFt-ERA5-1976-2005_day_tasmaxAdjust_v20260512,360_day,90,47.09882395733577
4032,2081,1,90,237610464.9824341,90.0,90.0,8398899.456993083,8398899.456993083,237610464.9824341,237610464.9824341,3.770972186084906,3.770972186084906,339.38749674764153,339.38749674764153,/bdd/CORDEX-Adjust/bias-adjusted-output/EUR-11/CLMcom/MOHC-HadGEM2-ES/rcp85/r1i1p1/CLMcom-CCLM4-8-17/SBCK-CDFt-ERA5-1976-2005/day/tasmaxAdjust/v20260512/tasmaxAdjust_EUR-11_MOHC-HadGEM2-ES_rcp85_r1i1p1_CLMcom-CCLM4-8-17_SBCK-CDFt-ERA5-1976-2005_day_20060101-20991230.nc,CLMcom_MOHC-HadGEM2-ES_rcp85_r1i1p1_CLMcom-CCLM4-8-17_SBCK-CDFt-ERA5-1976-2005_day_tasmaxAdjust_v20260512,360_day,90,30.78207264557546
4033,2082,1,90,281115811.26884353,90.0,90.0,8484152.560893029,8484152.560893029,281115811.26884353,281115811.26884353,4.458083055668769,4.458083055668769,401.22747501018927,401.22747501018927,/bdd/CORDEX-Adjust/bias-adjusted-output/EUR-11/CLMcom/MOHC-HadGEM2-ES/rcp85/r1i1p1/CLMcom-CCLM4-8-17/SBCK-CDFt-ERA5-1976-2005/day/tasmaxAdjust/v20260512/tasmaxAdjust_EUR-11_MOHC-HadGEM2-ES_rcp85_r1i1p1_CLMcom-CCLM4-8-17_SBCK-CDFt-ERA5-1976-2005_day_20060101-20991230.nc,CLMcom_MOHC-HadGEM2-ES_rcp85_r1i1p1_CLMcom-CCLM4-8-17_SBCK-CDFt-ERA5-1976-2005_day_tasmaxAdjust_v20260512,360_day,90,36.41812377639655
4034,2083,1,90,266383297.6941834,90.0,90.0,8549422.191762663,8549422.191762663,266383297.6941834,266383297.6941834,5.172669988491554,5.172669988491554,465.5402989642399,465.5402989642399,/bdd/CORDEX-Adjust/bias-adjusted-output/EUR-11/CLMcom/MOHC-HadGEM2-ES/rcp85/r1i1p1/CLMcom-CCLM4-8-17/SBCK-CDFt-ERA5-1976-2005/day/tasmaxAdjust/v20260512/tasmaxAdjust_EUR-11_MOHC-HadGEM2-ES_rcp85_r1i1p1_CLMcom-CCLM4-8-17_SBCK-CDFt-ERA5-1976-2005_day_20060101-20991230.nc,CLMcom_MOHC-HadGEM2-ES_rcp85_r1i1p1_CLMcom-CCLM4-8-17_SBCK-CDFt-ERA5-1976-2005_day_tasmaxAdjust_v20260512,360_day,90,34.50954915557486
4035,2084,1,90,236446158.0687068,90.0,90.0,7981618.31720604,7981618.31720604,236446158.0687068,236446158.0687068,6.327321837620981,6.327321837620981,569.4589653858883,569.4589653858883,/bdd/CORDEX-Adjust/bias-adjusted-output/EUR-11/CLMcom/MOHC-HadGEM2-ES/rcp85/r1i1p1/CLMcom-CCLM4-8-17/SBCK-CDFt-ERA5-1976-2005/day/tasmaxAdjust/v20260512/tasmaxAdjust_EUR-11_MOHC-HadGEM2-ES_rcp85_r1i1p1_CLMcom-CCLM4-8-17_SBCK-CDFt-ERA5-1976-2005_day_20060101-20991230.nc,CLMcom_MOHC-HadGEM2-ES_rcp85_r1i1p1_CLMcom-CCLM4-8-17_SBCK-CDFt-ERA5-1976-2005_day_tasmaxAdjust_v20260512,360_day,90,30.63123846408119
4036,2085,1,90,350681508.72308457,90.0,90.0,8565072.850694966,8565072.850694966,350681508.72308457,350681508.72308457,0.4213732029355317,0.4213732029355317,37.92358826419785,37.92358826419785,/bdd/CORDEX-Adjust/bias-adjusted-output/EUR-11/CLMcom/MOHC-HadGEM2-ES/rcp85/r1i1p1/CLMcom-CCLM4-8-17/SBCK-CDFt-ERA5-1976-2005/day/tasmaxAdjust/v20260512/tasmaxAdjust_EUR-11_MOHC-HadGEM2-ES_rcp85_r1i1p1_CLMcom-CCLM4-8-17_SBCK-CDFt-ERA5-1976-2005_day_20060101-20991230.nc,CLMcom_MOHC-HadGEM2-ES_rcp85_r1i1p1_CLMcom-CCLM4-8-17_SBCK-CDFt-ERA5-1976-2005_day_tasmaxAdjust_v20260512,360_day,90,45.430253578149504
4037,2086,1,90,202369107.6957833,90.0,90.0,7811051.905351145,7811051.905351145,202369107.6957833,202369107.6957833,4.329110409493737,4.329110409493737,389.6199368544363,389.6199368544363,/bdd/CORDEX-Adjust/bias-adjusted-output/EUR-11/CLMcom/MOHC-HadGEM2-ES/rcp85/r1i1p1/CLMcom-CCLM4-8-17/SBCK-CDFt-ERA5-1976-2005/day/tasmaxAdjust/v20260512/tasmaxAdjust_EUR-11_MOHC-HadGEM2-ES_rcp85_r1i1p1_CLMcom-CCLM4-8-17_SBCK-CDFt-ERA5-1976-2005_day_20060101-20991230.nc,CLMcom_MOHC-HadGEM2-ES_rcp85_r1i1p1_CLMcom-CCLM4-8-17_SBCK-CDFt-ERA5-1976-2005_day_tasmaxAdjust_v20260512,360_day,90,26.216608661459432
4038,2087,1,90,292020881.6752771,90.0,90.0,7975549.507755516,7975549.507755516,292020881.6752771,292020881.6752771,5.96187285534697,5.96187285534697,536.5685569812273,536.5685569812273,/bdd/CORDEX-Adjust/bias-adjusted-output/EUR-11/CLMcom/MOHC-HadGEM2-ES/rcp85/r1i1p1/CLMcom-CCLM4-8-17/SBCK-CDFt-ERA5-1976-2005/day/tasmaxAdjust/v20260512/tasmaxAdjust_EUR-11_MOHC-HadGEM2-ES_rcp85_r1i1p1_CLMcom-CCLM4-8-17_SBCK-CDFt-ERA5-1976-2005_day_20060101-20991230.nc,CLMcom_MOHC-HadGEM2-ES_rcp85_r1i1p1_CLMcom-CCLM4-8-17_SBCK-CDFt-ERA5-1976-2005_day_tasmaxAdjust_v20260512,360_day,90,37.83085898349599
4039,2088,1,90,286384344.82995963,90.0,90.0,8510897.578223363,8510897.578223363,286384344.82995963,286384344.82995963,4.909831293024818,4.909831293024818,441.8848163722336,441.8848163722336,/bdd/CORDEX-Adjust/bias-adjusted-output/EUR-11/CLMcom/MOHC-HadGEM2-ES/rcp85/r1i1p1/CLMcom-CCLM4-8-17/SBCK-CDFt-ERA5-1976-2005/day/tasmaxAdjust/v20260512/tasmaxAdjust_EUR-11_MOHC-HadGEM2-ES_rcp85_r1i1p1_CLMcom-CCLM4-8-17_SBCK-CDFt-ERA5-1976-2005_day_20060101-20991230.nc,CLMcom_MOHC-HadGEM2-ES_rcp85_r1i1p1_CLMcom-CCLM4-8-17_SBCK-CDFt-ERA5-1976-2005_day_tasmaxAdjust_v20260512,360_day,90,37.100654248385304
4040,2089,1,90,312508518.4851471,90.0,90.0,8532486.92475638,8532486.92475638,312508518.4851471,312508518.4851471,0.8362179203867549,0.8362179203867549,75.25961283480794,75.25961283480794,/bdd/CORDEX-Adjust/bias-adjusted-output/EUR-11/CLMcom/MOHC-HadGEM2-ES/rcp85/r1i1p1/CLMcom-CCLM4-8-17/SBCK-CDFt-ERA5-1976-2005/day/tasmaxAdjust/v20260512/tasmaxAdjust_EUR-11_MOHC-HadGEM2-ES_rcp85_r1i1p1_CLMcom-CCLM4-8-17_SBCK-CDFt-ERA5-1976-2005_day_20060101-20991230.nc,CLMcom_MOHC-HadGEM2-ES_rcp85_r1i1p1_CLMcom-CCLM4-8-17_SBCK-CDFt-ERA5-1976-2005_day_tasmaxAdjust_v20260512,360_day,90,40.4850010250269
4041,2090,1,90,305211769.8420048,90.0,90.0,7754947.359959246,7754947.359959246,305211769.8420048,305211769.8420048,4.589942921964775,4.589942921964775,413.0948629768297,413.0948629768297,/bdd/CORDEX-Adjust/bias-adjusted-output/EUR-11/CLMcom/MOHC-HadGEM2-ES/rcp85/r1i1p1/CLMcom-CCLM4-8-17/SBCK-CDFt-ERA5-1976-2005/day/tasmaxAdjust/v20260512/tasmaxAdjust_EUR-11_MOHC-HadGEM2-ES_rcp85_r1i1p1_CLMcom-CCLM4-8-17_SBCK-CDFt-ERA5-1976-2005_day_20060101-20991230.nc,CLMcom_MOHC-HadGEM2-ES_rcp85_r1i1p1_CLMcom-CCLM4-8-17_SBCK-CDFt-ERA5-1976-2005_day_tasmaxAdjust_v20260512,360_day,90,39.53971838848007
4042,2091,1,90,367912258.0540012,90.0,90.0,8372841.299134234,8372841.299134234,367912258.0540012,367912258.0540012,2.440331212476185,2.440331212476185,219.62980912285664,219.62980912285664,/bdd/CORDEX-Adjust/bias-adjusted-output/EUR-11/CLMcom/MOHC-HadGEM2-ES/rcp85/r1i1p1/CLMcom-CCLM4-8-17/SBCK-CDFt-ERA5-1976-2005/day/tasmaxAdjust/v20260512/tasmaxAdjust_EUR-11_MOHC-HadGEM2-ES_rcp85_r1i1p1_CLMcom-CCLM4-8-17_SBCK-CDFt-ERA5-1976-2005_day_20060101-20991230.nc,CLMcom_MOHC-HadGEM2-ES_rcp85_r1i1p1_CLMcom-CCLM4-8-17_SBCK-CDFt-ERA5-1976-2005_day_tasmaxAdjust_v20260512,360_day,90,47.66247082363652
4043,2092,1,90,339656510.3151816,90.0,90.0,8562812.866393864,8562812.866393864,339656510.3151816,339656510.3151816,1.9975233341141896,1.9975233341141896,179.77710007027707,179.77710007027707,/bdd/CORDEX-Adjust/bias-adjusted-output/EUR-11/CLMcom/MOHC-HadGEM2-ES/rcp85/r1i1p1/CLMcom-CCLM4-8-17/SBCK-CDFt-ERA5-1976-2005/day/tasmaxAdjust/v20260512/tasmaxAdjust_EUR-11_MOHC-HadGEM2-ES_rcp85_r1i1p1_CLMcom-CCLM4-8-17_SBCK-CDFt-ERA5-1976-2005_day_20060101-20991230.nc,CLMcom_MOHC-HadGEM2-ES_rcp85_r1i1p1_CLMcom-CCLM4-8-17_SBCK-CDFt-ERA5-1976-2005_day_tasmaxAdjust_v20260512,360_day,90,44.00198188172186
4044,2093,1,90,268532237.7915187,90.0,90.0,8102981.7163444,8102981.7163444,268532237.7915187,268532237.7915187,3.208324065989809,3.208324065989809,288.7491659390828,288.7491659390828,/bdd/CORDEX-Adjust/bias-adjusted-output/EUR-11/CLMcom/MOHC-HadGEM2-ES/rcp85/r1i1p1/CLMcom-CCLM4-8-17/SBCK-CDFt-ERA5-1976-2005/day/tasmaxAdjust/v20260512/tasmaxAdjust_EUR-11_MOHC-HadGEM2-ES_rcp85_r1i1p1_CLMcom-CCLM4-8-17_SBCK-CDFt-ERA5-1976-2005_day_20060101-20991230.nc,CLMcom_MOHC-HadGEM2-ES_rcp85_r1i1p1_CLMcom-CCLM4-8-17_SBCK-CDFt-ERA5-1976-2005_day_tasmaxAdjust_v20260512,360_day,90,34.78794106138614
4045,2094,3,90,246820169.10559005,33.0,90.0,2840560.2477196995,8331689.49662116,82273389.70186335,246053196.9345501,1.5353479495147897,2.4075203718462417,69.9682382540209,197.86711290283148,/bdd/CORDEX-Adjust/bias-adjusted-output/EUR-11/CLMcom/MOHC-HadGEM2-ES/rcp85/r1i1p1/CLMcom-CCLM4-8-17/SBCK-CDFt-ERA5-1976-2005/day/tasmaxAdjust/v20260512/tasmaxAdjust_EUR-11_MOHC-HadGEM2-ES_rcp85_r1i1p1_CLMcom-CCLM4-8-17_SBCK-CDFt-ERA5-1976-2005_day_20060101-20991230.nc,CLMcom_MOHC-HadGEM2-ES_rcp85_r1i1p1_CLMcom-CCLM4-8-17_SBCK-CDFt-ERA5-1976-2005_day_tasmaxAdjust_v20260512,360_day,90,31.975175741367984
4046,2095,1,90,312403246.9928471,90.0,90.0,8424917.3702854,8424917.3702854,312403246.9928471,312403246.9928471,1.4678748985145516,1.4678748985145516,132.10874086630963,132.10874086630963,/bdd/CORDEX-Adjust/bias-adjusted-output/EUR-11/CLMcom/MOHC-HadGEM2-ES/rcp85/r1i1p1/CLMcom-CCLM4-8-17/SBCK-CDFt-ERA5-1976-2005/day/tasmaxAdjust/v20260512/tasmaxAdjust_EUR-11_MOHC-HadGEM2-ES_rcp85_r1i1p1_CLMcom-CCLM4-8-17_SBCK-CDFt-ERA5-1976-2005_day_20060101-20991230.nc,CLMcom_MOHC-HadGEM2-ES_rcp85_r1i1p1_CLMcom-CCLM4-8-17_SBCK-CDFt-ERA5-1976-2005_day_tasmaxAdjust_v20260512,360_day,90,40.47136326406495
4047,2096,1,90,250462780.2579816,90.0,90.0,8355451.5943109,8355451.5943109,250462780.2579816,250462780.2579816,4.964296091610802,4.964296091610802,446.7866482449722,446.7866482449722,/bdd/CORDEX-Adjust/bias-adjusted-output/EUR-11/CLMcom/MOHC-HadGEM2-ES/rcp85/r1i1p1/CLMcom-CCLM4-8-17/SBCK-CDFt-ERA5-1976-2005/day/tasmaxAdjust/v20260512/tasmaxAdjust_EUR-11_MOHC-HadGEM2-ES_rcp85_r1i1p1_CLMcom-CCLM4-8-17_SBCK-CDFt-ERA5-1976-2005_day_20060101-20991230.nc,CLMcom_MOHC-HadGEM2-ES_rcp85_r1i1p1_CLMcom-CCLM4-8-17_SBCK-CDFt-ERA5-1976-2005_day_tasmaxAdjust_v20260512,360_day,90,32.44707044988088
4048,2097,1,90,281915279.6958076,90.0,90.0,8247054.728673642,8247054.728673642,281915279.6958076,281915279.6958076,1.3547401768140757,1.3547401768140757,121.92661591326682,121.92661591326682,/bdd/CORDEX-Adjust/bias-adjusted-output/EUR-11/CLMcom/MOHC-HadGEM2-ES/rcp85/r1i1p1/CLMcom-CCLM4-8-17/SBCK-CDFt-ERA5-1976-2005/day/tasmaxAdjust/v20260512/tasmaxAdjust_EUR-11_MOHC-HadGEM2-ES_rcp85_r1i1p1_CLMcom-CCLM4-8-17_SBCK-CDFt-ERA5-1976-2005_day_20060101-20991230.nc,CLMcom_MOHC-HadGEM2-ES_rcp85_r1i1p1_CLMcom-CCLM4-8-17_SBCK-CDFt-ERA5-1976-2005_day_tasmaxAdjust_v20260512,360_day,90,36.521693689440866
4049,2098,2,90,242120506.70132884,48.0,90.0,4164334.409729356,8226338.61598363,121060253.35066442,241702810.86773932,2.8421700346136705,3.809220589633224,177.0402849722774,342.8298530669901,/bdd/CORDEX-Adjust/bias-adjusted-output/EUR-11/CLMcom/MOHC-HadGEM2-ES/rcp85/r1i1p1/CLMcom-CCLM4-8-17/SBCK-CDFt-ERA5-1976-2005/day/tasmaxAdjust/v20260512/tasmaxAdjust_EUR-11_MOHC-HadGEM2-ES_rcp85_r1i1p1_CLMcom-CCLM4-8-17_SBCK-CDFt-ERA5-1976-2005_day_20060101-20991230.nc,CLMcom_MOHC-HadGEM2-ES_rcp85_r1i1p1_CLMcom-CCLM4-8-17_SBCK-CDFt-ERA5-1976-2005_day_tasmaxAdjust_v20260512,360_day,90,31.366341658456935
4050,2099,1,90,243014974.0110109,90.0,90.0,8529933.446641611,8529933.446641611,243014974.0110109,243014974.0110109,2.824144360932922,2.824144360932922,254.172992483963,254.172992483963,/bdd/CORDEX-Adjust/bias-adjusted-output/EUR-11/CLMcom/MOHC-HadGEM2-ES/rcp85/r1i1p1/CLMcom-CCLM4-8-17/SBCK-CDFt-ERA5-1976-2005/day/tasmaxAdjust/v20260512/tasmaxAdjust_EUR-11_MOHC-HadGEM2-ES_rcp85_r1i1p1_CLMcom-CCLM4-8-17_SBCK-CDFt-ERA5-1976-2005_day_20060101-20991230.nc,CLMcom_MOHC-HadGEM2-ES_rcp85_r1i1p1_CLMcom-CCLM4-8-17_SBCK-CDFt-ERA5-1976-2005_day_tasmaxAdjust_v20260512,360_day,90,31.482218531589442
4426,1975,0,0,0.0,,,,,,,,,,,/bdd/CORDEX-Adjust/bias-adjusted-output/EUR-11/KNMI/ICHEC-EC-EARTH/historical/r1i1p1/KNMI-RACMO22E/SBCK-CDFt-ERA5-1976-2005/day/tasmaxAdjust/v20260512/tasmaxAdjust_EUR-11_ICHEC-EC-EARTH_historical_r1i1p1_KNMI-RACMO22E_SBCK-CDFt-ERA5-1976-2005_day_19500101-20051231.nc,KNMI_ICHEC-EC-EARTH_rcp45_r1i1p1_KNMI-RACMO22E_SBCK-CDFt-ERA5-1976-2005_day_tasmaxAdjust_v20260512,noleap,92,0.0
4427,1976,2,39,13296895.302685715,19.5,28.0,1048610.6816465731,1612243.261241284,6648447.651342859,10396472.500273526,25.96765193419241,43.314910393889775,653.8209096241796,1212.8174910289138,/bdd/CORDEX-Adjust/bias-adjusted-output/EUR-11/KNMI/ICHEC-EC-EARTH/historical/r1i1p1/KNMI-RACMO22E/SBCK-CDFt-ERA5-1976-2005/day/tasmaxAdjust/v20260512/tasmaxAdjust_EUR-11_ICHEC-EC-EARTH_historical_r1i1p1_KNMI-RACMO22E_SBCK-CDFt-ERA5-1976-2005_day_19500101-20051231.nc,KNMI_ICHEC-EC-EARTH_rcp45_r1i1p1_KNMI-RACMO22E_SBCK-CDFt-ERA5-1976-2005_day_tasmaxAdjust_v20260512,noleap,92,1.6851448051217466
4428,1977,0,0,0.0,,,,,,,,,,,/bdd/CORDEX-Adjust/bias-adjusted-output/EUR-11/KNMI/ICHEC-EC-EARTH/historical/r1i1p1/KNMI-RACMO22E/SBCK-CDFt-ERA5-1976-2005/day/tasmaxAdjust/v20260512/tasmaxAdjust_EUR-11_ICHEC-EC-EARTH_historical_r1i1p1_KNMI-RACMO22E_SBCK-CDFt-ERA5-1976-2005_day_19500101-20051231.nc,KNMI_ICHEC-EC-EARTH_rcp45_r1i1p1_KNMI-RACMO22E_SBCK-CDFt-ERA5-1976-2005_day_tasmaxAdjust_v20260512,noleap,92,0.0
4429,1978,1,6,1097739.7187186554,6.0,6.0,254275.4475124328,254275.4475124328,1097739.7187186554,1097739.7187186554,8.173193195927157,8.173193195927157,49.039159175562936,49.039159175562936,/bdd/CORDEX-Adjust/bias-adjusted-output/EUR-11/KNMI/ICHEC-EC-EARTH/historical/r1i1p1/KNMI-RACMO22E/SBCK-CDFt-ERA5-1976-2005/day/tasmaxAdjust/v20260512/tasmaxAdjust_EUR-11_ICHEC-EC-EARTH_historical_r1i1p1_KNMI-RACMO22E_SBCK-CDFt-ERA5-1976-2005_day_19500101-20051231.nc,KNMI_ICHEC-EC-EARTH_rcp45_r1i1p1_KNMI-RACMO22E_SBCK-CDFt-ERA5-1976-2005_day_tasmaxAdjust_v20260512,noleap,92,0.1391189704261953
4430,1979,5,33,7954746.92540659,7.4,8.0,335895.1246360713,460927.3999314455,1590949.385081318,2255043.1014533387,12.665931252837328,22.83966771891347,94.02950228438232,182.71734175130777,/bdd/CORDEX-Adjust/bias-adjusted-output/EUR-11/KNMI/ICHEC-EC-EARTH/historical/r1i1p1/KNMI-RACMO22E/SBCK-CDFt-ERA5-1976-2005/day/tasmaxAdjust/v20260512/tasmaxAdjust_EUR-11_ICHEC-EC-EARTH_historical_r1i1p1_KNMI-RACMO22E_SBCK-CDFt-ERA5-1976-2005_day_19500101-20051231.nc,KNMI_ICHEC-EC-EARTH_rcp45_r1i1p1_KNMI-RACMO22E_SBCK-CDFt-ERA5-1976-2005_day_tasmaxAdjust_v20260512,noleap,92,1.0081225844276271
4431,1980,3,24,3853758.59330724,9.0,12.0,295123.88500521827,718206.330210905,1284586.1977690798,3031508.526951563,7.345947160192257,16.39078413481084,60.499914882740974,114.73548894367588,/bdd/CORDEX-Adjust/bias-adjusted-output/EUR-11/KNMI/ICHEC-EC-EARTH/historical/r1i1p1/KNMI-RACMO22E/SBCK-CDFt-ERA5-1976-2005/day/tasmaxAdjust/v20260512/tasmaxAdjust_EUR-11_ICHEC-EC-EARTH_historical_r1i1p1_KNMI-RACMO22E_SBCK-CDFt-ERA5-1976-2005_day_19500101-20051231.nc,KNMI_ICHEC-EC-EARTH_rcp45_r1i1p1_KNMI-RACMO22E_SBCK-CDFt-ERA5-1976-2005_day_tasmaxAdjust_v20260512,noleap,92,0.4883953077673172
4432,1981,2,19,1965284.5296720527,9.5,11.0,161822.87418716666,163332.5990076068,982642.2648360266,1044606.3207042622,6.690083836562789,8.88593738002245,66.84957676253599,97.74531118024694,/bdd/CORDEX-Adjust/bias-adjusted-output/EUR-11/KNMI/ICHEC-EC-EARTH/historical/r1i1p1/KNMI-RACMO22E/SBCK-CDFt-ERA5-1976-2005/day/tasmaxAdjust/v20260512/tasmaxAdjust_EUR-11_ICHEC-EC-EARTH_historical_r1i1p1_KNMI-RACMO22E_SBCK-CDFt-ERA5-1976-2005_day_19500101-20051231.nc,KNMI_ICHEC-EC-EARTH_rcp45_r1i1p1_KNMI-RACMO22E_SBCK-CDFt-ERA5-1976-2005_day_tasmaxAdjust_v20260512,noleap,92,0.24906483358518114
4433,1982,3,25,7715857.806488194,11.333333333333334,22.0,425641.288364626,1096896.3204861456,2571952.602162732,6909908.377304181,6.0194765013550535,6.975120687511786,72.30614385666713,153.20751074430103,/bdd/CORDEX-Adjust/bias-adjusted-output/EUR-11/KNMI/ICHEC-EC-EARTH/historical/r1i1p1/KNMI-RACMO22E/SBCK-CDFt-ERA5-1976-2005/day/tasmaxAdjust/v20260512/tasmaxAdjust_EUR-11_ICHEC-EC-EARTH_historical_r1i1p1_KNMI-RACMO22E_SBCK-CDFt-ERA5-1976-2005_day_19500101-20051231.nc,KNMI_ICHEC-EC-EARTH_rcp45_r1i1p1_KNMI-RACMO22E_SBCK-CDFt-ERA5-1976-2005_day_tasmaxAdjust_v20260512,noleap,92,0.9778476406470187
4434,1983,1,9,405626.5984531156,9.0,9.0,87509.20698850926,87509.20698850926,405626.5984531156,405626.5984531156,3.973166691261997,3.973166691261997,35.75850022135798,35.75850022135798,/bdd/CORDEX-Adjust/bias-adjusted-output/EUR-11/KNMI/ICHEC-EC-EARTH/historical/r1i1p1/KNMI-RACMO22E/SBCK-CDFt-ERA5-1976-2005/day/tasmaxAdjust/v20260512/tasmaxAdjust_EUR-11_ICHEC-EC-EARTH_historical_r1i1p1_KNMI-RACMO22E_SBCK-CDFt-ERA5-1976-2005_day_19500101-20051231.nc,KNMI_ICHEC-EC-EARTH_rcp45_r1i1p1_KNMI-RACMO22E_SBCK-CDFt-ERA5-1976-2005_day_tasmaxAdjust_v20260512,noleap,92,0.05140595151293781
4435,1984,6,55,10107416.131622912,12.333333333333334,40.0,357874.5024185083,773410.3049703098,1684569.3552704854,3620721.071742328,10.5938874790863,23.408437034852813,206.9295474554555,936.3374813941124,/bdd/CORDEX-Adjust/bias-adjusted-output/EUR-11/KNMI/ICHEC-EC-EARTH/historical/r1i1p1/KNMI-RACMO22E/SBCK-CDFt-ERA5-1976-2005/day/tasmaxAdjust/v20260512/tasmaxAdjust_EUR-11_ICHEC-EC-EARTH_historical_r1i1p1_KNMI-RACMO22E_SBCK-CDFt-ERA5-1976-2005_day_19500101-20051231.nc,KNMI_ICHEC-EC-EARTH_rcp45_r1i1p1_KNMI-RACMO22E_SBCK-CDFt-ERA5-1976-2005_day_tasmaxAdjust_v20260512,noleap,92,1.2809350904618961
4436,1985,0,0,0.0,,,,,,,,,,,/bdd/CORDEX-Adjust/bias-adjusted-output/EUR-11/KNMI/ICHEC-EC-EARTH/historical/r1i1p1/KNMI-RACMO22E/SBCK-CDFt-ERA5-1976-2005/day/tasmaxAdjust/v20260512/tasmaxAdjust_EUR-11_ICHEC-EC-EARTH_historical_r1i1p1_KNMI-RACMO22E_SBCK-CDFt-ERA5-1976-2005_day_19500101-20051231.nc,KNMI_ICHEC-EC-EARTH_rcp45_r1i1p1_KNMI-RACMO22E_SBCK-CDFt-ERA5-1976-2005_day_tasmaxAdjust_v20260512,noleap,92,0.0
4437,1986,6,92,15378550.494086135,38.0,92.0,432357.8595497443,1225987.785256797,2563091.749014356,8629763.13830602,9.69831556317119,29.876970376491887,185.6210115445612,518.5721956203195,/bdd/CORDEX-Adjust/bias-adjusted-output/EUR-11/KNMI/ICHEC-EC-EARTH/historical/r1i1p1/KNMI-RACMO22E/SBCK-CDFt-ERA5-1976-2005/day/tasmaxAdjust/v20260512/tasmaxAdjust_EUR-11_ICHEC-EC-EARTH_historical_r1i1p1_KNMI-RACMO22E_SBCK-CDFt-ERA5-1976-2005_day_19500101-20051231.nc,KNMI_ICHEC-EC-EARTH_rcp45_r1i1p1_KNMI-RACMO22E_SBCK-CDFt-ERA5-1976-2005_day_tasmaxAdjust_v20260512,noleap,92,1.9489575487728605
4438,1987,6,28,4793160.565084787,5.666666666666667,7.0,190694.7854998744,467798.460902006,798860.0941807978,1985952.9888621853,3.7217642263618576,9.827286021618654,23.30525905542464,58.963716129711926,/bdd/CORDEX-Adjust/bias-adjusted-output/EUR-11/KNMI/ICHEC-EC-EARTH/historical/r1i1p1/KNMI-RACMO22E/SBCK-CDFt-ERA5-1976-2005/day/tasmaxAdjust/v20260512/tasmaxAdjust_EUR-11_ICHEC-EC-EARTH_historical_r1i1p1_KNMI-RACMO22E_SBCK-CDFt-ERA5-1976-2005_day_19500101-20051231.nc,KNMI_ICHEC-EC-EARTH_rcp45_r1i1p1_KNMI-RACMO22E_SBCK-CDFt-ERA5-1976-2005_day_tasmaxAdjust_v20260512,noleap,92,0.6074477870586535
4439,1988,3,92,4180964.79499992,36.333333333333336,92.0,255127.27117518143,669674.3094819072,1393654.93166664,3678906.085258331,7.628769423770827,10.17599674418238,350.80776466344315,936.1917004647788,/bdd/CORDEX-Adjust/bias-adjusted-output/EUR-11/KNMI/ICHEC-EC-EARTH/historical/r1i1p1/KNMI-RACMO22E/SBCK-CDFt-ERA5-1976-2005/day/tasmaxAdjust/v20260512/tasmaxAdjust_EUR-11_ICHEC-EC-EARTH_historical_r1i1p1_KNMI-RACMO22E_SBCK-CDFt-ERA5-1976-2005_day_19500101-20051231.nc,KNMI_ICHEC-EC-EARTH_rcp45_r1i1p1_KNMI-RACMO22E_SBCK-CDFt-ERA5-1976-2005_day_tasmaxAdjust_v20260512,noleap,92,0.5298628698135242
4440,1989,2,20,2453773.994630852,10.0,11.0,250545.0688900672,334349.3187959618,1226886.997315426,1713759.9722520586,3.4791473438571456,5.331280587341698,32.9393401950869,47.98152528607528,/bdd/CORDEX-Adjust/bias-adjusted-output/EUR-11/KNMI/ICHEC-EC-EARTH/historical/r1i1p1/KNMI-RACMO22E/SBCK-CDFt-ERA5-1976-2005/day/tasmaxAdjust/v20260512/tasmaxAdjust_EUR-11_ICHEC-EC-EARTH_historical_r1i1p1_KNMI-RACMO22E_SBCK-CDFt-ERA5-1976-2005_day_19500101-20051231.nc,KNMI_ICHEC-EC-EARTH_rcp45_r1i1p1_KNMI-RACMO22E_SBCK-CDFt-ERA5-1976-2005_day_tasmaxAdjust_v20260512,noleap,92,0.3109721785325205
4441,1990,4,59,28480288.89923228,16.75,45.0,723866.4383817902,2005770.7677256628,7120072.224808069,23822466.030283555,8.412302095583122,24.527901006005155,130.2046284943387,246.3677573189417,/bdd/CORDEX-Adjust/bias-adjusted-output/EUR-11/KNMI/ICHEC-EC-EARTH/historical/r1i1p1/KNMI-RACMO22E/SBCK-CDFt-ERA5-1976-2005/day/tasmaxAdjust/v20260512/tasmaxAdjust_EUR-11_ICHEC-EC-EARTH_historical_r1i1p1_KNMI-RACMO22E_SBCK-CDFt-ERA5-1976-2005_day_19500101-20051231.nc,KNMI_ICHEC-EC-EARTH_rcp45_r1i1p1_KNMI-RACMO22E_SBCK-CDFt-ERA5-1976-2005_day_tasmaxAdjust_v20260512,noleap,92,3.6093696907739115
4442,1991,5,35,14724302.856343249,8.6,16.0,519367.5035028714,1530474.9700697686,2944860.5712686493,9922212.27690967,9.715606057839151,29.845356350485247,135.86809620557867,387.9896325563082,/bdd/CORDEX-Adjust/bias-adjusted-output/EUR-11/KNMI/ICHEC-EC-EARTH/historical/r1i1p1/KNMI-RACMO22E/SBCK-CDFt-ERA5-1976-2005/day/tasmaxAdjust/v20260512/tasmaxAdjust_EUR-11_ICHEC-EC-EARTH_historical_r1i1p1_KNMI-RACMO22E_SBCK-CDFt-ERA5-1976-2005_day_19500101-20051231.nc,KNMI_ICHEC-EC-EARTH_rcp45_r1i1p1_KNMI-RACMO22E_SBCK-CDFt-ERA5-1976-2005_day_tasmaxAdjust_v20260512,noleap,92,1.8660433057929287
4443,1992,3,24,3688961.728872945,8.0,10.0,240877.14248629683,338778.9363665947,1229653.909624315,1759067.2192514883,19.2161710468248,35.11850289133254,169.63170021910608,351.1850289133254,/bdd/CORDEX-Adjust/bias-adjusted-output/EUR-11/KNMI/ICHEC-EC-EARTH/historical/r1i1p1/KNMI-RACMO22E/SBCK-CDFt-ERA5-1976-2005/day/tasmaxAdjust/v20260512/tasmaxAdjust_EUR-11_ICHEC-EC-EARTH_historical_r1i1p1_KNMI-RACMO22E_SBCK-CDFt-ERA5-1976-2005_day_19500101-20051231.nc,KNMI_ICHEC-EC-EARTH_rcp45_r1i1p1_KNMI-RACMO22E_SBCK-CDFt-ERA5-1976-2005_day_tasmaxAdjust_v20260512,noleap,92,0.4675102384575128
4444,1993,6,33,5373040.819338236,8.666666666666666,13.0,188078.85302487767,342204.48762739217,895506.8032230394,1749734.184286165,8.234326731169165,16.693847075166488,81.29888829004807,217.0200119771644,/bdd/CORDEX-Adjust/bias-adjusted-output/EUR-11/KNMI/ICHEC-EC-EARTH/historical/r1i1p1/KNMI-RACMO22E/SBCK-CDFt-ERA5-1976-2005/day/tasmaxAdjust/v20260512/tasmaxAdjust_EUR-11_ICHEC-EC-EARTH_historical_r1i1p1_KNMI-RACMO22E_SBCK-CDFt-ERA5-1976-2005_day_19500101-20051231.nc,KNMI_ICHEC-EC-EARTH_rcp45_r1i1p1_KNMI-RACMO22E_SBCK-CDFt-ERA5-1976-2005_day_tasmaxAdjust_v20260512,noleap,92,0.6809372878634395
4445,1994,0,0,0.0,,,,,,,,,,,/bdd/CORDEX-Adjust/bias-adjusted-output/EUR-11/KNMI/ICHEC-EC-EARTH/historical/r1i1p1/KNMI-RACMO22E/SBCK-CDFt-ERA5-1976-2005/day/tasmaxAdjust/v20260512/tasmaxAdjust_EUR-11_ICHEC-EC-EARTH_historical_r1i1p1_KNMI-RACMO22E_SBCK-CDFt-ERA5-1976-2005_day_19500101-20051231.nc,KNMI_ICHEC-EC-EARTH_rcp45_r1i1p1_KNMI-RACMO22E_SBCK-CDFt-ERA5-1976-2005_day_tasmaxAdjust_v20260512,noleap,92,0.0
4446,1995,4,26,2626141.9905028534,9.75,14.0,119279.14148157576,280432.47249951784,656535.4976257134,1704511.918071821,4.49810008856922,7.571895786813968,50.32843666478024,106.00654101539556,/bdd/CORDEX-Adjust/bias-adjusted-output/EUR-11/KNMI/ICHEC-EC-EARTH/historical/r1i1p1/KNMI-RACMO22E/SBCK-CDFt-ERA5-1976-2005/day/tasmaxAdjust/v20260512/tasmaxAdjust_EUR-11_ICHEC-EC-EARTH_historical_r1i1p1_KNMI-RACMO22E_SBCK-CDFt-ERA5-1976-2005_day_19500101-20051231.nc,KNMI_ICHEC-EC-EARTH_rcp45_r1i1p1_KNMI-RACMO22E_SBCK-CDFt-ERA5-1976-2005_day_tasmaxAdjust_v20260512,noleap,92,0.33281675399174687
4447,1996,5,56,6977879.568961869,11.2,29.0,259095.8647629708,626591.1732433388,1395575.9137923738,3893530.8332419614,4.603264748069017,7.739650436468195,46.21006420830696,99.00378797197196,/bdd/CORDEX-Adjust/bias-adjusted-output/EUR-11/KNMI/ICHEC-EC-EARTH/historical/r1i1p1/KNMI-RACMO22E/SBCK-CDFt-ERA5-1976-2005/day/tasmaxAdjust/v20260512/tasmaxAdjust_EUR-11_ICHEC-EC-EARTH_historical_r1i1p1_KNMI-RACMO22E_SBCK-CDFt-ERA5-1976-2005_day_19500101-20051231.nc,KNMI_ICHEC-EC-EARTH_rcp45_r1i1p1_KNMI-RACMO22E_SBCK-CDFt-ERA5-1976-2005_day_tasmaxAdjust_v20260512,noleap,92,0.8843220344847137
4448,1997,5,92,14388015.673717624,29.8,92.0,495251.1926891884,842435.8695441631,2877603.1347435247,5338704.360171765,15.977716461847349,26.63194770411464,304.348208004535,650.6130660342181,/bdd/CORDEX-Adjust/bias-adjusted-output/EUR-11/KNMI/ICHEC-EC-EARTH/historical/r1i1p1/KNMI-RACMO22E/SBCK-CDFt-ERA5-1976-2005/day/tasmaxAdjust/v20260512/tasmaxAdjust_EUR-11_ICHEC-EC-EARTH_historical_r1i1p1_KNMI-RACMO22E_SBCK-CDFt-ERA5-1976-2005_day_19500101-20051231.nc,KNMI_ICHEC-EC-EARTH_rcp45_r1i1p1_KNMI-RACMO22E_SBCK-CDFt-ERA5-1976-2005_day_tasmaxAdjust_v20260512,noleap,92,1.8234248910479363
4449,1998,4,92,10430148.466650829,32.75,92.0,541371.0612214273,698082.9921273069,2607537.1166627067,3166831.576856918,11.444022623427546,24.506192772828467,111.66023049557496,171.54334940979928,/bdd/CORDEX-Adjust/bias-adjusted-output/EUR-11/KNMI/ICHEC-EC-EARTH/historical/r1i1p1/KNMI-RACMO22E/SBCK-CDFt-ERA5-1976-2005/day/tasmaxAdjust/v20260512/tasmaxAdjust_EUR-11_ICHEC-EC-EARTH_historical_r1i1p1_KNMI-RACMO22E_SBCK-CDFt-ERA5-1976-2005_day_19500101-20051231.nc,KNMI_ICHEC-EC-EARTH_rcp45_r1i1p1_KNMI-RACMO22E_SBCK-CDFt-ERA5-1976-2005_day_tasmaxAdjust_v20260512,noleap,92,1.3218356695397246
4450,1999,5,64,11793881.332341893,20.0,42.0,393918.4177260101,1125303.4315815947,2358776.2664683787,7194065.597717034,10.14820305482142,21.47948377776118,211.74684870522384,472.548643110746,/bdd/CORDEX-Adjust/bias-adjusted-output/EUR-11/KNMI/ICHEC-EC-EARTH/historical/r1i1p1/KNMI-RACMO22E/SBCK-CDFt-ERA5-1976-2005/day/tasmaxAdjust/v20260512/tasmaxAdjust_EUR-11_ICHEC-EC-EARTH_historical_r1i1p1_KNMI-RACMO22E_SBCK-CDFt-ERA5-1976-2005_day_19500101-20051231.nc,KNMI_ICHEC-EC-EARTH_rcp45_r1i1p1_KNMI-RACMO22E_SBCK-CDFt-ERA5-1976-2005_day_tasmaxAdjust_v20260512,noleap,92,1.4946645368715537
4451,2000,3,92,19442913.4969678,43.66666666666666,92.0,852367.4756135419,1805593.566199616,6480971.165655933,15205597.47099587,4.642122105193387,8.577174781990104,126.83189627432728,265.89241824169324,/bdd/CORDEX-Adjust/bias-adjusted-output/EUR-11/KNMI/ICHEC-EC-EARTH/historical/r1i1p1/KNMI-RACMO22E/SBCK-CDFt-ERA5-1976-2005/day/tasmaxAdjust/v20260512/tasmaxAdjust_EUR-11_ICHEC-EC-EARTH_historical_r1i1p1_KNMI-RACMO22E_SBCK-CDFt-ERA5-1976-2005_day_19500101-20051231.nc,KNMI_ICHEC-EC-EARTH_rcp45_r1i1p1_KNMI-RACMO22E_SBCK-CDFt-ERA5-1976-2005_day_tasmaxAdjust_v20260512,noleap,92,2.464043216857476
4452,2001,3,49,16957120.579933234,16.333333333333332,21.0,827060.1226322552,1782623.8863066195,5652373.526644412,10603451.2081069,27.73655545556988,78.8908364350327,575.3289415285763,1656.7075651356863,/bdd/CORDEX-Adjust/bias-adjusted-output/EUR-11/KNMI/ICHEC-EC-EARTH/historical/r1i1p1/KNMI-RACMO22E/SBCK-CDFt-ERA5-1976-2005/day/tasmaxAdjust/v20260512/tasmaxAdjust_EUR-11_ICHEC-EC-EARTH_historical_r1i1p1_KNMI-RACMO22E_SBCK-CDFt-ERA5-1976-2005_day_19500101-20051231.nc,KNMI_ICHEC-EC-EARTH_rcp45_r1i1p1_KNMI-RACMO22E_SBCK-CDFt-ERA5-1976-2005_day_tasmaxAdjust_v20260512,noleap,92,2.149013209822439
4453,2002,2,92,1865863.7278435624,49.0,92.0,195797.30963845045,266295.3339720672,932931.8639217812,1340347.89946235,4.769733056818426,7.262775966554415,126.5160746654553,209.45549353158407,/bdd/CORDEX-Adjust/bias-adjusted-output/EUR-11/KNMI/ICHEC-EC-EARTH/historical/r1i1p1/KNMI-RACMO22E/SBCK-CDFt-ERA5-1976-2005/day/tasmaxAdjust/v20260512/tasmaxAdjust_EUR-11_ICHEC-EC-EARTH_historical_r1i1p1_KNMI-RACMO22E_SBCK-CDFt-ERA5-1976-2005_day_19500101-20051231.nc,KNMI_ICHEC-EC-EARTH_rcp45_r1i1p1_KNMI-RACMO22E_SBCK-CDFt-ERA5-1976-2005_day_tasmaxAdjust_v20260512,noleap,92,0.23646501656710778
4454,2003,11,75,23707604.177243765,11.363636363636363,17.0,424090.81821262575,1107645.0340815356,2155236.743385797,6016170.609890431,12.7490543742326,29.208874302514733,139.18522412529504,312.2592498889018,/bdd/CORDEX-Adjust/bias-adjusted-output/EUR-11/KNMI/ICHEC-EC-EARTH/historical/r1i1p1/KNMI-RACMO22E/SBCK-CDFt-ERA5-1976-2005/day/tasmaxAdjust/v20260512/tasmaxAdjust_EUR-11_ICHEC-EC-EARTH_historical_r1i1p1_KNMI-RACMO22E_SBCK-CDFt-ERA5-1976-2005_day_19500101-20051231.nc,KNMI_ICHEC-EC-EARTH_rcp45_r1i1p1_KNMI-RACMO22E_SBCK-CDFt-ERA5-1976-2005_day_tasmaxAdjust_v20260512,noleap,92,3.0045168523734764
4455,2004,3,25,4235636.758028245,8.333333333333334,9.0,311514.8567064795,765798.9126064398,1411878.919342748,3389604.5827183886,8.07773564488141,16.927215212967102,65.75276771742271,135.41772170373682,/bdd/CORDEX-Adjust/bias-adjusted-output/EUR-11/KNMI/ICHEC-EC-EARTH/historical/r1i1p1/KNMI-RACMO22E/SBCK-CDFt-ERA5-1976-2005/day/tasmaxAdjust/v20260512/tasmaxAdjust_EUR-11_ICHEC-EC-EARTH_historical_r1i1p1_KNMI-RACMO22E_SBCK-CDFt-ERA5-1976-2005_day_19500101-20051231.nc,KNMI_ICHEC-EC-EARTH_rcp45_r1i1p1_KNMI-RACMO22E_SBCK-CDFt-ERA5-1976-2005_day_tasmaxAdjust_v20260512,noleap,92,0.5367915680085367
4456,2005,7,51,6060107.7233044775,9.714285714285714,17.0,169714.1764714263,344732.83354268136,865729.6747577825,2088755.1771325413,6.6449865497138045,16.312266930449436,66.26328873294496,200.7452752521081,/bdd/CORDEX-Adjust/bias-adjusted-output/EUR-11/KNMI/ICHEC-EC-EARTH/historical/r1i1p1/KNMI-RACMO22E/SBCK-CDFt-ERA5-1976-2005/day/tasmaxAdjust/v20260512/tasmaxAdjust_EUR-11_ICHEC-EC-EARTH_historical_r1i1p1_KNMI-RACMO22E_SBCK-CDFt-ERA5-1976-2005_day_19500101-20051231.nc,KNMI_ICHEC-EC-EARTH_rcp45_r1i1p1_KNMI-RACMO22E_SBCK-CDFt-ERA5-1976-2005_day_tasmaxAdjust_v20260512,noleap,92,0.768010788679524
4457,2006,3,23,4186116.53057076,7.666666666666667,9.0,285176.1410639043,543760.979062646,1395372.17685692,2666033.9835734824,8.05878358734491,13.54463110716438,61.34107937580231,108.35704885731504,/bdd/CORDEX-Adjust/bias-adjusted-output/EUR-11/KNMI/ICHEC-EC-EARTH/rcp45/r1i1p1/KNMI-RACMO22E/SBCK-CDFt-ERA5-1976-2005/day/tasmaxAdjust/v20260512/tasmaxAdjust_EUR-11_ICHEC-EC-EARTH_rcp45_r1i1p1_KNMI-RACMO22E_SBCK-CDFt-ERA5-1976-2005_day_20060101-21001231.nc,KNMI_ICHEC-EC-EARTH_rcp45_r1i1p1_KNMI-RACMO22E_SBCK-CDFt-ERA5-1976-2005_day_tasmaxAdjust_v20260512,noleap,92,0.5305157606002034
4458,2007,1,19,3057589.745432832,19.0,19.0,480984.4804723932,480984.4804723932,3057589.745432832,3057589.745432832,11.81971575459442,11.81971575459442,224.574599337294,224.574599337294,/bdd/CORDEX-Adjust/bias-adjusted-output/EUR-11/KNMI/ICHEC-EC-EARTH/rcp45/r1i1p1/KNMI-RACMO22E/SBCK-CDFt-ERA5-1976-2005/day/tasmaxAdjust/v20260512/tasmaxAdjust_EUR-11_ICHEC-EC-EARTH_rcp45_r1i1p1_KNMI-RACMO22E_SBCK-CDFt-ERA5-1976-2005_day_20060101-21001231.nc,KNMI_ICHEC-EC-EARTH_rcp45_r1i1p1_KNMI-RACMO22E_SBCK-CDFt-ERA5-1976-2005_day_tasmaxAdjust_v20260512,noleap,92,0.38749507749143197
4459,2008,1,14,927095.9014250376,14.0,14.0,185074.3806305701,185074.3806305701,927095.9014250376,927095.9014250376,6.53555855024708,6.53555855024708,91.49781970345911,91.49781970345911,/bdd/CORDEX-Adjust/bias-adjusted-output/EUR-11/KNMI/ICHEC-EC-EARTH/rcp45/r1i1p1/KNMI-RACMO22E/SBCK-CDFt-ERA5-1976-2005/day/tasmaxAdjust/v20260512/tasmaxAdjust_EUR-11_ICHEC-EC-EARTH_rcp45_r1i1p1_KNMI-RACMO22E_SBCK-CDFt-ERA5-1976-2005_day_20060101-21001231.nc,KNMI_ICHEC-EC-EARTH_rcp45_r1i1p1_KNMI-RACMO22E_SBCK-CDFt-ERA5-1976-2005_day_tasmaxAdjust_v20260512,noleap,92,0.1174929039127286
4460,2009,3,92,6602719.226489222,40.66666666666666,92.0,347937.59263551026,570353.240482821,2200906.4088297407,3064600.7248984748,7.80199127658474,15.84961282266821,524.9387945077316,1458.1643796854753,/bdd/CORDEX-Adjust/bias-adjusted-output/EUR-11/KNMI/ICHEC-EC-EARTH/rcp45/r1i1p1/KNMI-RACMO22E/SBCK-CDFt-ERA5-1976-2005/day/tasmaxAdjust/v20260512/tasmaxAdjust_EUR-11_ICHEC-EC-EARTH_rcp45_r1i1p1_KNMI-RACMO22E_SBCK-CDFt-ERA5-1976-2005_day_20060101-21001231.nc,KNMI_ICHEC-EC-EARTH_rcp45_r1i1p1_KNMI-RACMO22E_SBCK-CDFt-ERA5-1976-2005_day_tasmaxAdjust_v20260512,noleap,92,0.8367771386414122
4461,2010,1,9,1323655.646958259,9.0,9.0,292305.5026402244,292305.5026402244,1323655.646958259,1323655.646958259,11.10182750044873,11.10182750044873,99.91644750403856,99.91644750403856,/bdd/CORDEX-Adjust/bias-adjusted-output/EUR-11/KNMI/ICHEC-EC-EARTH/rcp45/r1i1p1/KNMI-RACMO22E/SBCK-CDFt-ERA5-1976-2005/day/tasmaxAdjust/v20260512/tasmaxAdjust_EUR-11_ICHEC-EC-EARTH_rcp45_r1i1p1_KNMI-RACMO22E_SBCK-CDFt-ERA5-1976-2005_day_20060101-21001231.nc,KNMI_ICHEC-EC-EARTH_rcp45_r1i1p1_KNMI-RACMO22E_SBCK-CDFt-ERA5-1976-2005_day_tasmaxAdjust_v20260512,noleap,92,0.16774979320106748
4462,2011,5,92,8088599.360381785,42.8,92.0,298250.23776034696,514180.1210632701,1617719.872076357,2833879.5197970374,8.470853404290136,10.30710103861374,387.0822482521288,948.253295552464,/bdd/CORDEX-Adjust/bias-adjusted-output/EUR-11/KNMI/ICHEC-EC-EARTH/rcp45/r1i1p1/KNMI-RACMO22E/SBCK-CDFt-ERA5-1976-2005/day/tasmaxAdjust/v20260512/tasmaxAdjust_EUR-11_ICHEC-EC-EARTH_rcp45_r1i1p1_KNMI-RACMO22E_SBCK-CDFt-ERA5-1976-2005_day_20060101-21001231.nc,KNMI_ICHEC-EC-EARTH_rcp45_r1i1p1_KNMI-RACMO22E_SBCK-CDFt-ERA5-1976-2005_day_tasmaxAdjust_v20260512,noleap,92,1.0250859980904983
4463,2012,3,39,10277460.437467933,13.0,21.0,645801.424962662,1113809.7939145905,3425820.145822644,5679219.681752303,24.064600422050976,59.85849898719951,282.9158017451598,658.4434888591946,/bdd/CORDEX-Adjust/bias-adjusted-output/EUR-11/KNMI/ICHEC-EC-EARTH/rcp45/r1i1p1/KNMI-RACMO22E/SBCK-CDFt-ERA5-1976-2005/day/tasmaxAdjust/v20260512/tasmaxAdjust_EUR-11_ICHEC-EC-EARTH_rcp45_r1i1p1_KNMI-RACMO22E_SBCK-CDFt-ERA5-1976-2005_day_20060101-21001231.nc,KNMI_ICHEC-EC-EARTH_rcp45_r1i1p1_KNMI-RACMO22E_SBCK-CDFt-ERA5-1976-2005_day_tasmaxAdjust_v20260512,noleap,92,1.3024851795700951
4464,2013,7,51,12585364.828880686,12.142857142857142,31.0,324384.2629044995,650076.783968312,1797909.2612686695,3259075.469409081,12.055383098093271,30.27531467028498,136.27520201146277,393.5790907137048,/bdd/CORDEX-Adjust/bias-adjusted-output/EUR-11/KNMI/ICHEC-EC-EARTH/rcp45/r1i1p1/KNMI-RACMO22E/SBCK-CDFt-ERA5-1976-2005/day/tasmaxAdjust/v20260512/tasmaxAdjust_EUR-11_ICHEC-EC-EARTH_rcp45_r1i1p1_KNMI-RACMO22E_SBCK-CDFt-ERA5-1976-2005_day_20060101-21001231.nc,KNMI_ICHEC-EC-EARTH_rcp45_r1i1p1_KNMI-RACMO22E_SBCK-CDFt-ERA5-1976-2005_day_tasmaxAdjust_v20260512,noleap,92,1.5949709822612943
4465,2014,4,40,6811633.293606145,15.0,35.0,340142.3525113803,874278.4264534843,1702908.3234015363,4476232.778585313,17.217913295143994,28.72459235810804,335.3726420979415,1005.3607325337814,/bdd/CORDEX-Adjust/bias-adjusted-output/EUR-11/KNMI/ICHEC-EC-EARTH/rcp45/r1i1p1/KNMI-RACMO22E/SBCK-CDFt-ERA5-1976-2005/day/tasmaxAdjust/v20260512/tasmaxAdjust_EUR-11_ICHEC-EC-EARTH_rcp45_r1i1p1_KNMI-RACMO22E_SBCK-CDFt-ERA5-1976-2005_day_20060101-21001231.nc,KNMI_ICHEC-EC-EARTH_rcp45_r1i1p1_KNMI-RACMO22E_SBCK-CDFt-ERA5-1976-2005_day_tasmaxAdjust_v20260512,noleap,92,0.863253278139016
4466,2015,5,44,3882399.204440139,14.8,23.0,152022.66099358257,308905.20200614264,776479.8408880278,1280188.578103433,10.030021015794532,26.77759803602069,118.01919498551418,199.8579734441153,/bdd/CORDEX-Adjust/bias-adjusted-output/EUR-11/KNMI/ICHEC-EC-EARTH/rcp45/r1i1p1/KNMI-RACMO22E/SBCK-CDFt-ERA5-1976-2005/day/tasmaxAdjust/v20260512/tasmaxAdjust_EUR-11_ICHEC-EC-EARTH_rcp45_r1i1p1_KNMI-RACMO22E_SBCK-CDFt-ERA5-1976-2005_day_20060101-21001231.nc,KNMI_ICHEC-EC-EARTH_rcp45_r1i1p1_KNMI-RACMO22E_SBCK-CDFt-ERA5-1976-2005_day_tasmaxAdjust_v20260512,noleap,92,0.4920249954475961
4467,2016,8,73,17685213.33537525,12.875,25.0,418620.6658173941,1126096.680082639,2210651.666921906,6029889.380627187,11.45145861548914,23.79016786386625,134.3426305322048,242.57383064533752,/bdd/CORDEX-Adjust/bias-adjusted-output/EUR-11/KNMI/ICHEC-EC-EARTH/rcp45/r1i1p1/KNMI-RACMO22E/SBCK-CDFt-ERA5-1976-2005/day/tasmaxAdjust/v20260512/tasmaxAdjust_EUR-11_ICHEC-EC-EARTH_rcp45_r1i1p1_KNMI-RACMO22E_SBCK-CDFt-ERA5-1976-2005_day_20060101-21001231.nc,KNMI_ICHEC-EC-EARTH_rcp45_r1i1p1_KNMI-RACMO22E_SBCK-CDFt-ERA5-1976-2005_day_tasmaxAdjust_v20260512,noleap,92,2.241286007084524
4468,2017,3,74,38474084.50691122,27.33333333333333,63.0,845210.9040792555,2352294.031020758,12824694.835637072,37465679.23464894,5.182233576712355,8.190787469030958,122.07390391787796,266.27236665655386,/bdd/CORDEX-Adjust/bias-adjusted-output/EUR-11/KNMI/ICHEC-EC-EARTH/rcp45/r1i1p1/KNMI-RACMO22E/SBCK-CDFt-ERA5-1976-2005/day/tasmaxAdjust/v20260512/tasmaxAdjust_EUR-11_ICHEC-EC-EARTH_rcp45_r1i1p1_KNMI-RACMO22E_SBCK-CDFt-ERA5-1976-2005_day_20060101-21001231.nc,KNMI_ICHEC-EC-EARTH_rcp45_r1i1p1_KNMI-RACMO22E_SBCK-CDFt-ERA5-1976-2005_day_tasmaxAdjust_v20260512,noleap,92,4.8759054021837125
4469,2018,5,60,13000994.295244131,15.4,29.0,481831.5231457296,1618372.9906041415,2600198.8590488266,8816663.638959356,17.47501992925473,71.97476906830411,337.5700039631929,1511.4701504343864,/bdd/CORDEX-Adjust/bias-adjusted-output/EUR-11/KNMI/ICHEC-EC-EARTH/rcp45/r1i1p1/KNMI-RACMO22E/SBCK-CDFt-ERA5-1976-2005/day/tasmaxAdjust/v20260512/tasmaxAdjust_EUR-11_ICHEC-EC-EARTH_rcp45_r1i1p1_KNMI-RACMO22E_SBCK-CDFt-ERA5-1976-2005_day_20060101-21001231.nc,KNMI_ICHEC-EC-EARTH_rcp45_r1i1p1_KNMI-RACMO22E_SBCK-CDFt-ERA5-1976-2005_day_tasmaxAdjust_v20260512,noleap,92,1.6476446192385228
4470,2019,7,92,13500248.420009565,21.571428571428573,92.0,347624.4910938268,744516.8643904354,1928606.917144224,5050715.566917932,9.42243478028002,20.10651477311057,150.51832103886122,414.2276000991139,/bdd/CORDEX-Adjust/bias-adjusted-output/EUR-11/KNMI/ICHEC-EC-EARTH/rcp45/r1i1p1/KNMI-RACMO22E/SBCK-CDFt-ERA5-1976-2005/day/tasmaxAdjust/v20260512/tasmaxAdjust_EUR-11_ICHEC-EC-EARTH_rcp45_r1i1p1_KNMI-RACMO22E_SBCK-CDFt-ERA5-1976-2005_day_20060101-21001231.nc,KNMI_ICHEC-EC-EARTH_rcp45_r1i1p1_KNMI-RACMO22E_SBCK-CDFt-ERA5-1976-2005_day_tasmaxAdjust_v20260512,noleap,92,1.7109161932137007
4471,2020,3,92,2985483.8117323434,45.0,92.0,153332.95449442786,289209.88960244006,995161.2705774478,1788580.5832718324,1.8734081766001247,4.361832055705015,63.33801345971356,113.40763344833036,/bdd/CORDEX-Adjust/bias-adjusted-output/EUR-11/KNMI/ICHEC-EC-EARTH/rcp45/r1i1p1/KNMI-RACMO22E/SBCK-CDFt-ERA5-1976-2005/day/tasmaxAdjust/v20260512/tasmaxAdjust_EUR-11_ICHEC-EC-EARTH_rcp45_r1i1p1_KNMI-RACMO22E_SBCK-CDFt-ERA5-1976-2005_day_20060101-21001231.nc,KNMI_ICHEC-EC-EARTH_rcp45_r1i1p1_KNMI-RACMO22E_SBCK-CDFt-ERA5-1976-2005_day_tasmaxAdjust_v20260512,noleap,92,0.3783569338249711
4472,2021,7,92,53679882.13430165,29.285714285714285,92.0,998528.3869618812,2833444.245873929,7668554.590614521,23910683.72656017,11.687294022009338,39.08318169970869,317.52459108235763,703.4972705947564,/bdd/CORDEX-Adjust/bias-adjusted-output/EUR-11/KNMI/ICHEC-EC-EARTH/rcp45/r1i1p1/KNMI-RACMO22E/SBCK-CDFt-ERA5-1976-2005/day/tasmaxAdjust/v20260512/tasmaxAdjust_EUR-11_ICHEC-EC-EARTH_rcp45_r1i1p1_KNMI-RACMO22E_SBCK-CDFt-ERA5-1976-2005_day_20060101-21001231.nc,KNMI_ICHEC-EC-EARTH_rcp45_r1i1p1_KNMI-RACMO22E_SBCK-CDFt-ERA5-1976-2005_day_tasmaxAdjust_v20260512,noleap,92,6.8029695999708455
4473,2022,6,42,13448327.877616508,9.166666666666666,12.0,472930.3065516327,1942874.5573678687,2241387.979602752,8725468.822617365,20.545627793826363,74.00702810541878,213.8537963375265,814.0773091596067,/bdd/CORDEX-Adjust/bias-adjusted-output/EUR-11/KNMI/ICHEC-EC-EARTH/rcp45/r1i1p1/KNMI-RACMO22E/SBCK-CDFt-ERA5-1976-2005/day/tasmaxAdjust/v20260512/tasmaxAdjust_EUR-11_ICHEC-EC-EARTH_rcp45_r1i1p1_KNMI-RACMO22E_SBCK-CDFt-ERA5-1976-2005_day_20060101-21001231.nc,KNMI_ICHEC-EC-EARTH_rcp45_r1i1p1_KNMI-RACMO22E_SBCK-CDFt-ERA5-1976-2005_day_tasmaxAdjust_v20260512,noleap,92,1.7043361886110404
4474,2023,2,14,3617031.0054264446,7.0,8.0,343673.8482988975,591197.2647675191,1808515.5027132223,3098392.371557296,4.096325621991023,6.200453652840281,30.778407384786423,49.60362922272225,/bdd/CORDEX-Adjust/bias-adjusted-output/EUR-11/KNMI/ICHEC-EC-EARTH/rcp45/r1i1p1/KNMI-RACMO22E/SBCK-CDFt-ERA5-1976-2005/day/tasmaxAdjust/v20260512/tasmaxAdjust_EUR-11_ICHEC-EC-EARTH_rcp45_r1i1p1_KNMI-RACMO22E_SBCK-CDFt-ERA5-1976-2005_day_20060101-21001231.nc,KNMI_ICHEC-EC-EARTH_rcp45_r1i1p1_KNMI-RACMO22E_SBCK-CDFt-ERA5-1976-2005_day_tasmaxAdjust_v20260512,noleap,92,0.45839429957213723
4475,2024,5,62,16769752.828293003,15.0,23.0,615525.6490577784,1691453.267034994,3353950.5656586005,9227282.18750263,13.248213047980917,32.99413781054385,229.3497647521312,593.8944805897893,/bdd/CORDEX-Adjust/bias-adjusted-output/EUR-11/KNMI/ICHEC-EC-EARTH/rcp45/r1i1p1/KNMI-RACMO22E/SBCK-CDFt-ERA5-1976-2005/day/tasmaxAdjust/v20260512/tasmaxAdjust_EUR-11_ICHEC-EC-EARTH_rcp45_r1i1p1_KNMI-RACMO22E_SBCK-CDFt-ERA5-1976-2005_day_20060101-21001231.nc,KNMI_ICHEC-EC-EARTH_rcp45_r1i1p1_KNMI-RACMO22E_SBCK-CDFt-ERA5-1976-2005_day_tasmaxAdjust_v20260512,noleap,92,2.1252676823036882
4476,2025,4,92,15380376.162194991,34.25,92.0,607880.5302613651,1686943.434611571,3845094.040548748,11448777.452112624,11.44856009865304,39.93627045292196,299.5207717399717,1038.343031775971,/bdd/CORDEX-Adjust/bias-adjusted-output/EUR-11/KNMI/ICHEC-EC-EARTH/rcp45/r1i1p1/KNMI-RACMO22E/SBCK-CDFt-ERA5-1976-2005/day/tasmaxAdjust/v20260512/tasmaxAdjust_EUR-11_ICHEC-EC-EARTH_rcp45_r1i1p1_KNMI-RACMO22E_SBCK-CDFt-ERA5-1976-2005_day_20060101-21001231.nc,KNMI_ICHEC-EC-EARTH_rcp45_r1i1p1_KNMI-RACMO22E_SBCK-CDFt-ERA5-1976-2005_day_tasmaxAdjust_v20260512,noleap,92,1.9491889197101722
4477,2026,9,92,25874989.84187978,23.0,92.0,450851.0228097787,2779295.018146538,2874998.871319976,19261544.35561209,8.291674808247238,39.93078924092236,236.08103288539223,1637.1623588778168,/bdd/CORDEX-Adjust/bias-adjusted-output/EUR-11/KNMI/ICHEC-EC-EARTH/rcp45/r1i1p1/KNMI-RACMO22E/SBCK-CDFt-ERA5-1976-2005/day/tasmaxAdjust/v20260512/tasmaxAdjust_EUR-11_ICHEC-EC-EARTH_rcp45_r1i1p1_KNMI-RACMO22E_SBCK-CDFt-ERA5-1976-2005_day_20060101-21001231.nc,KNMI_ICHEC-EC-EARTH_rcp45_r1i1p1_KNMI-RACMO22E_SBCK-CDFt-ERA5-1976-2005_day_tasmaxAdjust_v20260512,noleap,92,3.279194407570818
4478,2027,3,27,3171551.6515789498,12.333333333333334,18.0,201582.41425958625,440802.87099684257,1057183.88385965,2403780.2611081954,9.368096168259768,14.457335461672471,129.9204593098467,260.2320383101045,/bdd/CORDEX-Adjust/bias-adjusted-output/EUR-11/KNMI/ICHEC-EC-EARTH/rcp45/r1i1p1/KNMI-RACMO22E/SBCK-CDFt-ERA5-1976-2005/day/tasmaxAdjust/v20260512/tasmaxAdjust_EUR-11_ICHEC-EC-EARTH_rcp45_r1i1p1_KNMI-RACMO22E_SBCK-CDFt-ERA5-1976-2005_day_20060101-21001231.nc,KNMI_ICHEC-EC-EARTH_rcp45_r1i1p1_KNMI-RACMO22E_SBCK-CDFt-ERA5-1976-2005_day_tasmaxAdjust_v20260512,noleap,92,0.40193772066130895
4479,2028,6,92,9415779.56213979,25.0,92.0,300934.34652800654,975039.7958929772,1569296.593689965,5204073.778042821,15.343808364866874,45.349463249819685,313.2819628898583,770.9408752469346,/bdd/CORDEX-Adjust/bias-adjusted-output/EUR-11/KNMI/ICHEC-EC-EARTH/rcp45/r1i1p1/KNMI-RACMO22E/SBCK-CDFt-ERA5-1976-2005/day/tasmaxAdjust/v20260512/tasmaxAdjust_EUR-11_ICHEC-EC-EARTH_rcp45_r1i1p1_KNMI-RACMO22E_SBCK-CDFt-ERA5-1976-2005_day_20060101-21001231.nc,KNMI_ICHEC-EC-EARTH_rcp45_r1i1p1_KNMI-RACMO22E_SBCK-CDFt-ERA5-1976-2005_day_tasmaxAdjust_v20260512,noleap,92,1.1932824658780732
4480,2029,7,80,35910109.77623181,14.428571428571429,45.0,737396.9134163123,3139841.395298369,5130015.68231883,26450211.9310757,11.846531618269973,24.94514655506884,202.6058368617408,618.5178849302212,/bdd/CORDEX-Adjust/bias-adjusted-output/EUR-11/KNMI/ICHEC-EC-EARTH/rcp45/r1i1p1/KNMI-RACMO22E/SBCK-CDFt-ERA5-1976-2005/day/tasmaxAdjust/v20260512/tasmaxAdjust_EUR-11_ICHEC-EC-EARTH_rcp45_r1i1p1_KNMI-RACMO22E_SBCK-CDFt-ERA5-1976-2005_day_20060101-21001231.nc,KNMI_ICHEC-EC-EARTH_rcp45_r1i1p1_KNMI-RACMO22E_SBCK-CDFt-ERA5-1976-2005_day_tasmaxAdjust_v20260512,noleap,92,4.55096724184525
4481,2030,4,34,4358700.541146915,8.5,10.0,236651.38385324617,298246.8879851696,1089675.1352867289,1322856.76405594,10.47386517326014,17.39866559859029,92.49025418537629,173.98665598590293,/bdd/CORDEX-Adjust/bias-adjusted-output/EUR-11/KNMI/ICHEC-EC-EARTH/rcp45/r1i1p1/KNMI-RACMO22E/SBCK-CDFt-ERA5-1976-2005/day/tasmaxAdjust/v20260512/tasmaxAdjust_EUR-11_ICHEC-EC-EARTH_rcp45_r1i1p1_KNMI-RACMO22E_SBCK-CDFt-ERA5-1976-2005_day_20060101-21001231.nc,KNMI_ICHEC-EC-EARTH_rcp45_r1i1p1_KNMI-RACMO22E_SBCK-CDFt-ERA5-1976-2005_day_tasmaxAdjust_v20260512,noleap,92,0.552387712078286
4482,2031,6,92,21957921.899674088,29.166666666666668,92.0,586069.9960514064,1255650.611419829,3659653.6499456814,7713311.040756651,10.981458654833714,16.271968999777638,332.44616125872307,923.412763725338,/bdd/CORDEX-Adjust/bias-adjusted-output/EUR-11/KNMI/ICHEC-EC-EARTH/rcp45/r1i1p1/KNMI-RACMO22E/SBCK-CDFt-ERA5-1976-2005/day/tasmaxAdjust/v20260512/tasmaxAdjust_EUR-11_ICHEC-EC-EARTH_rcp45_r1i1p1_KNMI-RACMO22E_SBCK-CDFt-ERA5-1976-2005_day_20060101-21001231.nc,KNMI_ICHEC-EC-EARTH_rcp45_r1i1p1_KNMI-RACMO22E_SBCK-CDFt-ERA5-1976-2005_day_tasmaxAdjust_v20260512,noleap,92,2.782775766688264
4483,2032,4,92,48932228.806957945,31.0,92.0,1281440.4803734364,3777952.397676849,12233057.201739486,40281503.87878847,11.249266054421554,13.62929555235982,365.9838613748995,1081.5958140495356,/bdd/CORDEX-Adjust/bias-adjusted-output/EUR-11/KNMI/ICHEC-EC-EARTH/rcp45/r1i1p1/KNMI-RACMO22E/SBCK-CDFt-ERA5-1976-2005/day/tasmaxAdjust/v20260512/tasmaxAdjust_EUR-11_ICHEC-EC-EARTH_rcp45_r1i1p1_KNMI-RACMO22E_SBCK-CDFt-ERA5-1976-2005_day_20060101-21001231.nc,KNMI_ICHEC-EC-EARTH_rcp45_r1i1p1_KNMI-RACMO22E_SBCK-CDFt-ERA5-1976-2005_day_tasmaxAdjust_v20260512,noleap,92,6.201289045302097
4484,2033,4,92,24503865.12394495,33.5,92.0,913445.2724530014,2208088.957985362,6125966.280986237,14475630.149337068,9.87392732079536,12.705743246098264,393.3465704012763,1168.9283786410404,/bdd/CORDEX-Adjust/bias-adjusted-output/EUR-11/KNMI/ICHEC-EC-EARTH/rcp45/r1i1p1/KNMI-RACMO22E/SBCK-CDFt-ERA5-1976-2005/day/tasmaxAdjust/v20260512/tasmaxAdjust_EUR-11_ICHEC-EC-EARTH_rcp45_r1i1p1_KNMI-RACMO22E_SBCK-CDFt-ERA5-1976-2005_day_20060101-21001231.nc,KNMI_ICHEC-EC-EARTH_rcp45_r1i1p1_KNMI-RACMO22E_SBCK-CDFt-ERA5-1976-2005_day_tasmaxAdjust_v20260512,noleap,92,3.105428754536367
4485,2034,8,74,22781472.62193832,12.875,25.0,480969.37634170667,2053351.287062965,2847684.07774229,13502587.299950728,16.875665981655178,64.62521274298133,269.8713501613004,1357.129467602608,/bdd/CORDEX-Adjust/bias-adjusted-output/EUR-11/KNMI/ICHEC-EC-EARTH/rcp45/r1i1p1/KNMI-RACMO22E/SBCK-CDFt-ERA5-1976-2005/day/tasmaxAdjust/v20260512/tasmaxAdjust_EUR-11_ICHEC-EC-EARTH_rcp45_r1i1p1_KNMI-RACMO22E_SBCK-CDFt-ERA5-1976-2005_day_20060101-21001231.nc,KNMI_ICHEC-EC-EARTH_rcp45_r1i1p1_KNMI-RACMO22E_SBCK-CDFt-ERA5-1976-2005_day_tasmaxAdjust_v20260512,noleap,92,2.8871461621667884
4486,2035,4,92,30233297.359489165,31.25,92.0,857955.5111229602,2644419.624944695,7558324.339872291,26493882.46712796,8.960500786858981,13.396023284945825,314.15631633008,976.3816154197866,/bdd/CORDEX-Adjust/bias-adjusted-output/EUR-11/KNMI/ICHEC-EC-EARTH/rcp45/r1i1p1/KNMI-RACMO22E/SBCK-CDFt-ERA5-1976-2005/day/tasmaxAdjust/v20260512/tasmaxAdjust_EUR-11_ICHEC-EC-EARTH_rcp45_r1i1p1_KNMI-RACMO22E_SBCK-CDFt-ERA5-1976-2005_day_20060101-21001231.nc,KNMI_ICHEC-EC-EARTH_rcp45_r1i1p1_KNMI-RACMO22E_SBCK-CDFt-ERA5-1976-2005_day_tasmaxAdjust_v20260512,noleap,92,3.8315323109112374
4487,2036,7,92,8015391.305228697,24.285714285714285,92.0,222930.5555403332,381687.7459690586,1145055.9007469567,2058305.2360117552,7.487002268066979,20.776123228016424,342.5100559970691,1911.403336977511,/bdd/CORDEX-Adjust/bias-adjusted-output/EUR-11/KNMI/ICHEC-EC-EARTH/rcp45/r1i1p1/KNMI-RACMO22E/SBCK-CDFt-ERA5-1976-2005/day/tasmaxAdjust/v20260512/tasmaxAdjust_EUR-11_ICHEC-EC-EARTH_rcp45_r1i1p1_KNMI-RACMO22E_SBCK-CDFt-ERA5-1976-2005_day_20060101-21001231.nc,KNMI_ICHEC-EC-EARTH_rcp45_r1i1p1_KNMI-RACMO22E_SBCK-CDFt-ERA5-1976-2005_day_tasmaxAdjust_v20260512,noleap,92,1.0158081801468333
4488,2037,8,92,21244708.44828217,32.625,92.0,352332.3896498044,1490033.3681197048,2655588.5560352714,13605368.200355189,3.239409509977781,6.717470793607344,100.36836760021691,412.9079769468831,/bdd/CORDEX-Adjust/bias-adjusted-output/EUR-11/KNMI/ICHEC-EC-EARTH/rcp45/r1i1p1/KNMI-RACMO22E/SBCK-CDFt-ERA5-1976-2005/day/tasmaxAdjust/v20260512/tasmaxAdjust_EUR-11_ICHEC-EC-EARTH_rcp45_r1i1p1_KNMI-RACMO22E_SBCK-CDFt-ERA5-1976-2005_day_20060101-21001231.nc,KNMI_ICHEC-EC-EARTH_rcp45_r1i1p1_KNMI-RACMO22E_SBCK-CDFt-ERA5-1976-2005_day_tasmaxAdjust_v20260512,noleap,92,2.692388656374378
4489,2038,6,54,9214160.308553962,10.5,27.0,270785.6167033845,587583.9090797079,1535693.3847589938,4415559.426416092,11.838550593734476,29.66313557650761,178.6242466904912,800.9046605657055,/bdd/CORDEX-Adjust/bias-adjusted-output/EUR-11/KNMI/ICHEC-EC-EARTH/rcp45/r1i1p1/KNMI-RACMO22E/SBCK-CDFt-ERA5-1976-2005/day/tasmaxAdjust/v20260512/tasmaxAdjust_EUR-11_ICHEC-EC-EARTH_rcp45_r1i1p1_KNMI-RACMO22E_SBCK-CDFt-ERA5-1976-2005_day_20060101-21001231.nc,KNMI_ICHEC-EC-EARTH_rcp45_r1i1p1_KNMI-RACMO22E_SBCK-CDFt-ERA5-1976-2005_day_tasmaxAdjust_v20260512,noleap,92,1.1677308141534741
4490,2039,10,92,17304720.285160203,21.3,92.0,307540.6000015201,1089756.86070783,1730472.0285160202,6250328.429031184,5.841722556241953,14.70693807282718,90.7218331243216,212.22784366713384,/bdd/CORDEX-Adjust/bias-adjusted-output/EUR-11/KNMI/ICHEC-EC-EARTH/rcp45/r1i1p1/KNMI-RACMO22E/SBCK-CDFt-ERA5-1976-2005/day/tasmaxAdjust/v20260512/tasmaxAdjust_EUR-11_ICHEC-EC-EARTH_rcp45_r1i1p1_KNMI-RACMO22E_SBCK-CDFt-ERA5-1976-2005_day_20060101-21001231.nc,KNMI_ICHEC-EC-EARTH_rcp45_r1i1p1_KNMI-RACMO22E_SBCK-CDFt-ERA5-1976-2005_day_tasmaxAdjust_v20260512,noleap,92,2.1930652854529638
4491,2040,4,92,79004414.02126174,41.0,92.0,1842080.4322781097,4550066.380997264,19751103.505315434,55238284.14041719,10.31606664855445,17.457435434516505,583.7834995089169,1323.4296171897422,/bdd/CORDEX-Adjust/bias-adjusted-output/EUR-11/KNMI/ICHEC-EC-EARTH/rcp45/r1i1p1/KNMI-RACMO22E/SBCK-CDFt-ERA5-1976-2005/day/tasmaxAdjust/v20260512/tasmaxAdjust_EUR-11_ICHEC-EC-EARTH_rcp45_r1i1p1_KNMI-RACMO22E_SBCK-CDFt-ERA5-1976-2005_day_20060101-21001231.nc,KNMI_ICHEC-EC-EARTH_rcp45_r1i1p1_KNMI-RACMO22E_SBCK-CDFt-ERA5-1976-2005_day_tasmaxAdjust_v20260512,noleap,92,10.012403259483168
4492,2041,7,80,46034848.923874296,19.142857142857142,67.0,693123.0273825937,2239421.947186128,6576406.9891249,29790101.16215021,5.643392366887801,10.329097826221355,119.71627341573108,462.9559037486492,/bdd/CORDEX-Adjust/bias-adjusted-output/EUR-11/KNMI/ICHEC-EC-EARTH/rcp45/r1i1p1/KNMI-RACMO22E/SBCK-CDFt-ERA5-1976-2005/day/tasmaxAdjust/v20260512/tasmaxAdjust_EUR-11_ICHEC-EC-EARTH_rcp45_r1i1p1_KNMI-RACMO22E_SBCK-CDFt-ERA5-1976-2005_day_20060101-21001231.nc,KNMI_ICHEC-EC-EARTH_rcp45_r1i1p1_KNMI-RACMO22E_SBCK-CDFt-ERA5-1976-2005_day_tasmaxAdjust_v20260512,noleap,92,5.834097716251286
4493,2042,9,79,29157710.266870968,15.555555555555555,42.0,512400.5834462135,1627564.5205086994,3239745.585207885,10856355.054170797,15.2970403118028,54.21341548805725,257.95690304425665,1030.0548942730877,/bdd/CORDEX-Adjust/bias-adjusted-output/EUR-11/KNMI/ICHEC-EC-EARTH/rcp45/r1i1p1/KNMI-RACMO22E/SBCK-CDFt-ERA5-1976-2005/day/tasmaxAdjust/v20260512/tasmaxAdjust_EUR-11_ICHEC-EC-EARTH_rcp45_r1i1p1_KNMI-RACMO22E_SBCK-CDFt-ERA5-1976-2005_day_20060101-21001231.nc,KNMI_ICHEC-EC-EARTH_rcp45_r1i1p1_KNMI-RACMO22E_SBCK-CDFt-ERA5-1976-2005_day_tasmaxAdjust_v20260512,noleap,92,3.695220791543595
4494,2043,6,92,9190036.824619662,25.166666666666668,92.0,225820.45314022605,653985.8197472729,1531672.804103277,5405664.324382567,4.546537239766339,7.967234487321046,120.6937057050296,481.761189871502,/bdd/CORDEX-Adjust/bias-adjusted-output/EUR-11/KNMI/ICHEC-EC-EARTH/rcp45/r1i1p1/KNMI-RACMO22E/SBCK-CDFt-ERA5-1976-2005/day/tasmaxAdjust/v20260512/tasmaxAdjust_EUR-11_ICHEC-EC-EARTH_rcp45_r1i1p1_KNMI-RACMO22E_SBCK-CDFt-ERA5-1976-2005_day_20060101-21001231.nc,KNMI_ICHEC-EC-EARTH_rcp45_r1i1p1_KNMI-RACMO22E_SBCK-CDFt-ERA5-1976-2005_day_tasmaxAdjust_v20260512,noleap,92,1.164673591944233
4495,2044,6,92,36202927.74910023,24.33333333333333,92.0,774542.9636490037,3647290.0033595553,6033821.291516705,31194553.46297093,4.1869780854028456,8.375533457927741,138.44511524917834,614.3588931426156,/bdd/CORDEX-Adjust/bias-adjusted-output/EUR-11/KNMI/ICHEC-EC-EARTH/rcp45/r1i1p1/KNMI-RACMO22E/SBCK-CDFt-ERA5-1976-2005/day/tasmaxAdjust/v20260512/tasmaxAdjust_EUR-11_ICHEC-EC-EARTH_rcp45_r1i1p1_KNMI-RACMO22E_SBCK-CDFt-ERA5-1976-2005_day_20060101-21001231.nc,KNMI_ICHEC-EC-EARTH_rcp45_r1i1p1_KNMI-RACMO22E_SBCK-CDFt-ERA5-1976-2005_day_tasmaxAdjust_v20260512,noleap,92,4.5880767079719655
4496,2045,8,75,17596325.123950608,15.625,39.0,411752.7326092829,951783.6322656904,2199540.640493826,5482466.2088250015,8.00681529420633,23.34317476326442,185.11270086828543,676.9520681346683,/bdd/CORDEX-Adjust/bias-adjusted-output/EUR-11/KNMI/ICHEC-EC-EARTH/rcp45/r1i1p1/KNMI-RACMO22E/SBCK-CDFt-ERA5-1976-2005/day/tasmaxAdjust/v20260512/tasmaxAdjust_EUR-11_ICHEC-EC-EARTH_rcp45_r1i1p1_KNMI-RACMO22E_SBCK-CDFt-ERA5-1976-2005_day_20060101-21001231.nc,KNMI_ICHEC-EC-EARTH_rcp45_r1i1p1_KNMI-RACMO22E_SBCK-CDFt-ERA5-1976-2005_day_tasmaxAdjust_v20260512,noleap,92,2.230021008428143
4497,2046,4,92,46424687.35490313,33.25,92.0,1453180.9433806394,3699123.3280246537,11606171.838725785,32261977.026446763,8.724054532828024,14.480639077828478,397.3931155421517,1332.21879516022,/bdd/CORDEX-Adjust/bias-adjusted-output/EUR-11/KNMI/ICHEC-EC-EARTH/rcp45/r1i1p1/KNMI-RACMO22E/SBCK-CDFt-ERA5-1976-2005/day/tasmaxAdjust/v20260512/tasmaxAdjust_EUR-11_ICHEC-EC-EARTH_rcp45_r1i1p1_KNMI-RACMO22E_SBCK-CDFt-ERA5-1976-2005_day_20060101-21001231.nc,KNMI_ICHEC-EC-EARTH_rcp45_r1i1p1_KNMI-RACMO22E_SBCK-CDFt-ERA5-1976-2005_day_tasmaxAdjust_v20260512,noleap,92,5.883502798560415
4498,2047,4,92,8848865.624986134,38.0,92.0,313981.8129024977,485814.1365941764,2212216.4062465336,4190364.0441902257,20.937759092132755,59.618644389626674,368.2157237779508,511.03197100624,/bdd/CORDEX-Adjust/bias-adjusted-output/EUR-11/KNMI/ICHEC-EC-EARTH/rcp45/r1i1p1/KNMI-RACMO22E/SBCK-CDFt-ERA5-1976-2005/day/tasmaxAdjust/v20260512/tasmaxAdjust_EUR-11_ICHEC-EC-EARTH_rcp45_r1i1p1_KNMI-RACMO22E_SBCK-CDFt-ERA5-1976-2005_day_20060101-21001231.nc,KNMI_ICHEC-EC-EARTH_rcp45_r1i1p1_KNMI-RACMO22E_SBCK-CDFt-ERA5-1976-2005_day_tasmaxAdjust_v20260512,noleap,92,1.1214362149752297
4499,2048,5,73,31780640.881146643,18.4,59.0,977795.7354998316,3431328.4602893107,6356128.176229329,25243158.137948103,19.04881348685849,67.50942420711233,342.6143555281702,1012.6413631066848,/bdd/CORDEX-Adjust/bias-adjusted-output/EUR-11/KNMI/ICHEC-EC-EARTH/rcp45/r1i1p1/KNMI-RACMO22E/SBCK-CDFt-ERA5-1976-2005/day/tasmaxAdjust/v20260512/tasmaxAdjust_EUR-11_ICHEC-EC-EARTH_rcp45_r1i1p1_KNMI-RACMO22E_SBCK-CDFt-ERA5-1976-2005_day_20060101-21001231.nc,KNMI_ICHEC-EC-EARTH_rcp45_r1i1p1_KNMI-RACMO22E_SBCK-CDFt-ERA5-1976-2005_day_tasmaxAdjust_v20260512,noleap,92,4.0276305607585705
4500,2049,5,92,18727480.41147859,31.6,92.0,678036.2627241972,1848377.719737347,3745496.082295718,10634996.40795716,7.539862362685751,15.204519362368824,163.28772820155265,304.0903872473765,/bdd/CORDEX-Adjust/bias-adjusted-output/EUR-11/KNMI/ICHEC-EC-EARTH/rcp45/r1i1p1/KNMI-RACMO22E/SBCK-CDFt-ERA5-1976-2005/day/tasmaxAdjust/v20260512/tasmaxAdjust_EUR-11_ICHEC-EC-EARTH_rcp45_r1i1p1_KNMI-RACMO22E_SBCK-CDFt-ERA5-1976-2005_day_20060101-21001231.nc,KNMI_ICHEC-EC-EARTH_rcp45_r1i1p1_KNMI-RACMO22E_SBCK-CDFt-ERA5-1976-2005_day_tasmaxAdjust_v20260512,noleap,92,2.373374807429536
4501,2050,1,92,56329294.827713065,92.0,92.0,3185386.09878398,3185386.09878398,56329294.827713065,56329294.827713065,6.251670095170463,6.251670095170463,575.1536487556826,575.1536487556826,/bdd/CORDEX-Adjust/bias-adjusted-output/EUR-11/KNMI/ICHEC-EC-EARTH/rcp45/r1i1p1/KNMI-RACMO22E/SBCK-CDFt-ERA5-1976-2005/day/tasmaxAdjust/v20260512/tasmaxAdjust_EUR-11_ICHEC-EC-EARTH_rcp45_r1i1p1_KNMI-RACMO22E_SBCK-CDFt-ERA5-1976-2005_day_20060101-21001231.nc,KNMI_ICHEC-EC-EARTH_rcp45_r1i1p1_KNMI-RACMO22E_SBCK-CDFt-ERA5-1976-2005_day_tasmaxAdjust_v20260512,noleap,92,7.138735501355667
4502,2051,7,74,17858069.427114483,15.0,25.0,395353.0984184957,1199371.7499567985,2551152.775302069,9082839.526408045,15.648305045357526,35.78711339787355,266.84359538265534,760.8809727913264,/bdd/CORDEX-Adjust/bias-adjusted-output/EUR-11/KNMI/ICHEC-EC-EARTH/rcp45/r1i1p1/KNMI-RACMO22E/SBCK-CDFt-ERA5-1976-2005/day/tasmaxAdjust/v20260512/tasmaxAdjust_EUR-11_ICHEC-EC-EARTH_rcp45_r1i1p1_KNMI-RACMO22E_SBCK-CDFt-ERA5-1976-2005_day_20060101-21001231.nc,KNMI_ICHEC-EC-EARTH_rcp45_r1i1p1_KNMI-RACMO22E_SBCK-CDFt-ERA5-1976-2005_day_tasmaxAdjust_v20260512,noleap,92,2.2631924400071917
4503,2052,4,92,18094171.69060189,41.75,92.0,637687.785666536,1148438.965542795,4523542.922650472,6448055.647799084,5.739559619383895,13.350990262470452,124.23125366524242,177.36964025003397,/bdd/CORDEX-Adjust/bias-adjusted-output/EUR-11/KNMI/ICHEC-EC-EARTH/rcp45/r1i1p1/KNMI-RACMO22E/SBCK-CDFt-ERA5-1976-2005/day/tasmaxAdjust/v20260512/tasmaxAdjust_EUR-11_ICHEC-EC-EARTH_rcp45_r1i1p1_KNMI-RACMO22E_SBCK-CDFt-ERA5-1976-2005_day_20060101-21001231.nc,KNMI_ICHEC-EC-EARTH_rcp45_r1i1p1_KNMI-RACMO22E_SBCK-CDFt-ERA5-1976-2005_day_tasmaxAdjust_v20260512,noleap,92,2.293114199465802
4504,2053,6,92,14121145.441576667,41.0,92.0,438138.9572305561,1418669.7867500796,2353524.240262778,8050177.652379591,7.846479719024994,18.136375943652503,262.80029145106573,753.06195962088,/bdd/CORDEX-Adjust/bias-adjusted-output/EUR-11/KNMI/ICHEC-EC-EARTH/rcp45/r1i1p1/KNMI-RACMO22E/SBCK-CDFt-ERA5-1976-2005/day/tasmaxAdjust/v20260512/tasmaxAdjust_EUR-11_ICHEC-EC-EARTH_rcp45_r1i1p1_KNMI-RACMO22E_SBCK-CDFt-ERA5-1976-2005_day_20060101-21001231.nc,KNMI_ICHEC-EC-EARTH_rcp45_r1i1p1_KNMI-RACMO22E_SBCK-CDFt-ERA5-1976-2005_day_tasmaxAdjust_v20260512,noleap,92,1.7896038392086295
4505,2054,3,92,47810223.83525631,39.333333333333336,92.0,1637625.3184475536,3147323.5918092206,15936741.27841877,38227841.96250791,13.202513281598556,18.178484245820144,328.10539140958275,531.9253952038177,/bdd/CORDEX-Adjust/bias-adjusted-output/EUR-11/KNMI/ICHEC-EC-EARTH/rcp45/r1i1p1/KNMI-RACMO22E/SBCK-CDFt-ERA5-1976-2005/day/tasmaxAdjust/v20260512/tasmaxAdjust_EUR-11_ICHEC-EC-EARTH_rcp45_r1i1p1_KNMI-RACMO22E_SBCK-CDFt-ERA5-1976-2005_day_20060101-21001231.nc,KNMI_ICHEC-EC-EARTH_rcp45_r1i1p1_KNMI-RACMO22E_SBCK-CDFt-ERA5-1976-2005_day_tasmaxAdjust_v20260512,noleap,92,6.0590948859631215
4506,2055,6,92,22435326.973862723,28.5,92.0,434462.5667041472,1288789.1541223524,3739221.1623104536,15427428.792176217,9.305582005665167,35.74760251619511,320.4670012864731,1501.3993056801946,/bdd/CORDEX-Adjust/bias-adjusted-output/EUR-11/KNMI/ICHEC-EC-EARTH/rcp45/r1i1p1/KNMI-RACMO22E/SBCK-CDFt-ERA5-1976-2005/day/tasmaxAdjust/v20260512/tasmaxAdjust_EUR-11_ICHEC-EC-EARTH_rcp45_r1i1p1_KNMI-RACMO22E_SBCK-CDFt-ERA5-1976-2005_day_20060101-21001231.nc,KNMI_ICHEC-EC-EARTH_rcp45_r1i1p1_KNMI-RACMO22E_SBCK-CDFt-ERA5-1976-2005_day_tasmaxAdjust_v20260512,noleap,92,2.8432783623991025
4507,2056,4,92,10618807.213863049,53.0,92.0,406883.1362563778,719859.6256742503,2654701.8034657617,5052083.951663073,6.281565733292494,11.319613348194457,255.4434348980932,623.8245186577849,/bdd/CORDEX-Adjust/bias-adjusted-output/EUR-11/KNMI/ICHEC-EC-EARTH/rcp45/r1i1p1/KNMI-RACMO22E/SBCK-CDFt-ERA5-1976-2005/day/tasmaxAdjust/v20260512/tasmaxAdjust_EUR-11_ICHEC-EC-EARTH_rcp45_r1i1p1_KNMI-RACMO22E_SBCK-CDFt-ERA5-1976-2005_day_20060101-21001231.nc,KNMI_ICHEC-EC-EARTH_rcp45_r1i1p1_KNMI-RACMO22E_SBCK-CDFt-ERA5-1976-2005_day_tasmaxAdjust_v20260512,noleap,92,1.3457448077684988
4508,2057,7,92,13379985.94866391,26.142857142857142,92.0,299075.4756041505,599951.969332536,1911426.5640948445,5251859.808298599,9.6345578354694,41.701231617150064,145.51813731741743,583.8172426401009,/bdd/CORDEX-Adjust/bias-adjusted-output/EUR-11/KNMI/ICHEC-EC-EARTH/rcp45/r1i1p1/KNMI-RACMO22E/SBCK-CDFt-ERA5-1976-2005/day/tasmaxAdjust/v20260512/tasmaxAdjust_EUR-11_ICHEC-EC-EARTH_rcp45_r1i1p1_KNMI-RACMO22E_SBCK-CDFt-ERA5-1976-2005_day_20060101-21001231.nc,KNMI_ICHEC-EC-EARTH_rcp45_r1i1p1_KNMI-RACMO22E_SBCK-CDFt-ERA5-1976-2005_day_tasmaxAdjust_v20260512,noleap,92,1.69567506554999
4509,2058,4,92,41396206.947399184,31.25,92.0,964390.000838308,3265480.538457928,10349051.736849796,38273590.06257419,16.84049780304613,42.011414116463264,241.7133789737184,588.1597976304857,/bdd/CORDEX-Adjust/bias-adjusted-output/EUR-11/KNMI/ICHEC-EC-EARTH/rcp45/r1i1p1/KNMI-RACMO22E/SBCK-CDFt-ERA5-1976-2005/day/tasmaxAdjust/v20260512/tasmaxAdjust_EUR-11_ICHEC-EC-EARTH_rcp45_r1i1p1_KNMI-RACMO22E_SBCK-CDFt-ERA5-1976-2005_day_20060101-21001231.nc,KNMI_ICHEC-EC-EARTH_rcp45_r1i1p1_KNMI-RACMO22E_SBCK-CDFt-ERA5-1976-2005_day_tasmaxAdjust_v20260512,noleap,92,5.2462324099870585
4510,2059,3,92,20749045.94315936,49.0,92.0,955036.0669492338,2273881.4368600594,6916348.647719785,16732525.783169009,14.449926727327576,23.139455898637195,851.975646013685,1585.7380919711086,/bdd/CORDEX-Adjust/bias-adjusted-output/EUR-11/KNMI/ICHEC-EC-EARTH/rcp45/r1i1p1/KNMI-RACMO22E/SBCK-CDFt-ERA5-1976-2005/day/tasmaxAdjust/v20260512/tasmaxAdjust_EUR-11_ICHEC-EC-EARTH_rcp45_r1i1p1_KNMI-RACMO22E_SBCK-CDFt-ERA5-1976-2005_day_20060101-21001231.nc,KNMI_ICHEC-EC-EARTH_rcp45_r1i1p1_KNMI-RACMO22E_SBCK-CDFt-ERA5-1976-2005_day_tasmaxAdjust_v20260512,noleap,92,2.62957225626084
4511,2060,3,92,18031711.262528405,49.66666666666666,92.0,806893.0282817731,916994.8046777842,6010570.420842801,8081867.999302188,6.91674383547436,8.112256359210715,296.6190416118312,440.09867071751137,/bdd/CORDEX-Adjust/bias-adjusted-output/EUR-11/KNMI/ICHEC-EC-EARTH/rcp45/r1i1p1/KNMI-RACMO22E/SBCK-CDFt-ERA5-1976-2005/day/tasmaxAdjust/v20260512/tasmaxAdjust_EUR-11_ICHEC-EC-EARTH_rcp45_r1i1p1_KNMI-RACMO22E_SBCK-CDFt-ERA5-1976-2005_day_20060101-21001231.nc,KNMI_ICHEC-EC-EARTH_rcp45_r1i1p1_KNMI-RACMO22E_SBCK-CDFt-ERA5-1976-2005_day_tasmaxAdjust_v20260512,noleap,92,2.285198451954994
4512,2061,7,92,88830541.46233903,30.0,92.0,1192865.4428102167,6626675.016914364,12690077.351762718,79587878.1459738,8.48311446693592,22.54058311581992,442.20177999720863,2073.7336466554325,/bdd/CORDEX-Adjust/bias-adjusted-output/EUR-11/KNMI/ICHEC-EC-EARTH/rcp45/r1i1p1/KNMI-RACMO22E/SBCK-CDFt-ERA5-1976-2005/day/tasmaxAdjust/v20260512/tasmaxAdjust_EUR-11_ICHEC-EC-EARTH_rcp45_r1i1p1_KNMI-RACMO22E_SBCK-CDFt-ERA5-1976-2005_day_20060101-21001231.nc,KNMI_ICHEC-EC-EARTH_rcp45_r1i1p1_KNMI-RACMO22E_SBCK-CDFt-ERA5-1976-2005_day_tasmaxAdjust_v20260512,noleap,92,11.257690015140417
4513,2062,4,92,47174895.825418524,44.5,92.0,1351517.2027826142,4829887.913783321,11793723.956354631,44154803.57087077,11.40504760324197,18.01055178027231,742.4764354774036,1656.9707637850524,/bdd/CORDEX-Adjust/bias-adjusted-output/EUR-11/KNMI/ICHEC-EC-EARTH/rcp45/r1i1p1/KNMI-RACMO22E/SBCK-CDFt-ERA5-1976-2005/day/tasmaxAdjust/v20260512/tasmaxAdjust_EUR-11_ICHEC-EC-EARTH_rcp45_r1i1p1_KNMI-RACMO22E_SBCK-CDFt-ERA5-1976-2005_day_20060101-21001231.nc,KNMI_ICHEC-EC-EARTH_rcp45_r1i1p1_KNMI-RACMO22E_SBCK-CDFt-ERA5-1976-2005_day_tasmaxAdjust_v20260512,noleap,92,5.978578369065358
4514,2063,6,92,47844056.60610028,39.5,92.0,1183446.9261421117,3249830.3373288605,7974009.434350047,20214392.712112613,13.306606357208652,35.727164215625564,441.7895304053514,1097.0449246746823,/bdd/CORDEX-Adjust/bias-adjusted-output/EUR-11/KNMI/ICHEC-EC-EARTH/rcp45/r1i1p1/KNMI-RACMO22E/SBCK-CDFt-ERA5-1976-2005/day/tasmaxAdjust/v20260512/tasmaxAdjust_EUR-11_ICHEC-EC-EARTH_rcp45_r1i1p1_KNMI-RACMO22E_SBCK-CDFt-ERA5-1976-2005_day_20060101-21001231.nc,KNMI_ICHEC-EC-EARTH_rcp45_r1i1p1_KNMI-RACMO22E_SBCK-CDFt-ERA5-1976-2005_day_tasmaxAdjust_v20260512,noleap,92,6.063382587470335
4515,2064,7,92,20716133.79883553,25.571428571428573,92.0,497774.8130245144,1927338.794105564,2959447.685547933,11910774.189208465,10.50302769603964,33.20861241894131,338.4491222130746,1494.3875588523588,/bdd/CORDEX-Adjust/bias-adjusted-output/EUR-11/KNMI/ICHEC-EC-EARTH/rcp45/r1i1p1/KNMI-RACMO22E/SBCK-CDFt-ERA5-1976-2005/day/tasmaxAdjust/v20260512/tasmaxAdjust_EUR-11_ICHEC-EC-EARTH_rcp45_r1i1p1_KNMI-RACMO22E_SBCK-CDFt-ERA5-1976-2005_day_20060101-21001231.nc,KNMI_ICHEC-EC-EARTH_rcp45_r1i1p1_KNMI-RACMO22E_SBCK-CDFt-ERA5-1976-2005_day_tasmaxAdjust_v20260512,noleap,92,2.625401227778611
4516,2065,7,92,25156577.038714714,22.571428571428573,92.0,592393.1863443438,1487418.2837287756,3593796.719816388,9987938.91000357,8.656230847823048,18.94114954780821,256.9866115064664,1102.0145545405614,/bdd/CORDEX-Adjust/bias-adjusted-output/EUR-11/KNMI/ICHEC-EC-EARTH/rcp45/r1i1p1/KNMI-RACMO22E/SBCK-CDFt-ERA5-1976-2005/day/tasmaxAdjust/v20260512/tasmaxAdjust_EUR-11_ICHEC-EC-EARTH_rcp45_r1i1p1_KNMI-RACMO22E_SBCK-CDFt-ERA5-1976-2005_day_20060101-21001231.nc,KNMI_ICHEC-EC-EARTH_rcp45_r1i1p1_KNMI-RACMO22E_SBCK-CDFt-ERA5-1976-2005_day_tasmaxAdjust_v20260512,noleap,92,3.1881483719641417
4517,2066,8,92,60198148.29578753,32.125,92.0,1076593.0056626785,3953600.3086082777,7524768.536973441,27082330.391204063,10.725376022132783,25.204581035738883,294.89148835686296,689.0872471832828,/bdd/CORDEX-Adjust/bias-adjusted-output/EUR-11/KNMI/ICHEC-EC-EARTH/rcp45/r1i1p1/KNMI-RACMO22E/SBCK-CDFt-ERA5-1976-2005/day/tasmaxAdjust/v20260512/tasmaxAdjust_EUR-11_ICHEC-EC-EARTH_rcp45_r1i1p1_KNMI-RACMO22E_SBCK-CDFt-ERA5-1976-2005_day_20060101-21001231.nc,KNMI_ICHEC-EC-EARTH_rcp45_r1i1p1_KNMI-RACMO22E_SBCK-CDFt-ERA5-1976-2005_day_tasmaxAdjust_v20260512,noleap,92,7.629043815822587
4518,2067,3,92,4115720.461731068,34.666666666666664,92.0,292039.5295235907,549830.6350176524,1371906.8205770226,2577675.533625876,10.192324585458133,16.904205377178393,464.3761113011531,1257.8946908860323,/bdd/CORDEX-Adjust/bias-adjusted-output/EUR-11/KNMI/ICHEC-EC-EARTH/rcp45/r1i1p1/KNMI-RACMO22E/SBCK-CDFt-ERA5-1976-2005/day/tasmaxAdjust/v20260512/tasmaxAdjust_EUR-11_ICHEC-EC-EARTH_rcp45_r1i1p1_KNMI-RACMO22E_SBCK-CDFt-ERA5-1976-2005_day_20060101-21001231.nc,KNMI_ICHEC-EC-EARTH_rcp45_r1i1p1_KNMI-RACMO22E_SBCK-CDFt-ERA5-1976-2005_day_tasmaxAdjust_v20260512,noleap,92,0.521594311870571
4519,2068,9,92,22384576.113754094,25.444444444444443,92.0,403567.3457343221,1608181.4076759715,2487175.1237504547,11176438.322668985,11.374384367006098,24.677779119045635,493.6229184374053,2270.3556789521986,/bdd/CORDEX-Adjust/bias-adjusted-output/EUR-11/KNMI/ICHEC-EC-EARTH/rcp45/r1i1p1/KNMI-RACMO22E/SBCK-CDFt-ERA5-1976-2005/day/tasmaxAdjust/v20260512/tasmaxAdjust_EUR-11_ICHEC-EC-EARTH_rcp45_r1i1p1_KNMI-RACMO22E_SBCK-CDFt-ERA5-1976-2005_day_20060101-21001231.nc,KNMI_ICHEC-EC-EARTH_rcp45_r1i1p1_KNMI-RACMO22E_SBCK-CDFt-ERA5-1976-2005_day_tasmaxAdjust_v20260512,noleap,92,2.8368465942065493
4520,2069,7,92,37826367.35222406,27.571428571428573,92.0,894768.7851434959,2511569.195999833,5403766.764603437,15394864.87585713,7.164896469916733,11.22433715240149,206.02835742446496,567.7427561661382,/bdd/CORDEX-Adjust/bias-adjusted-output/EUR-11/KNMI/ICHEC-EC-EARTH/rcp45/r1i1p1/KNMI-RACMO22E/SBCK-CDFt-ERA5-1976-2005/day/tasmaxAdjust/v20260512/tasmaxAdjust_EUR-11_ICHEC-EC-EARTH_rcp45_r1i1p1_KNMI-RACMO22E_SBCK-CDFt-ERA5-1976-2005_day_20060101-21001231.nc,KNMI_ICHEC-EC-EARTH_rcp45_r1i1p1_KNMI-RACMO22E_SBCK-CDFt-ERA5-1976-2005_day_tasmaxAdjust_v20260512,noleap,92,4.793818781693526
4521,2070,4,92,29704298.52731213,51.5,92.0,871912.7516940824,2454117.217930494,7426074.631828031,21564120.96888896,6.372543734425632,11.992992790059928,368.5744276418152,1103.3553366855133,/bdd/CORDEX-Adjust/bias-adjusted-output/EUR-11/KNMI/ICHEC-EC-EARTH/rcp45/r1i1p1/KNMI-RACMO22E/SBCK-CDFt-ERA5-1976-2005/day/tasmaxAdjust/v20260512/tasmaxAdjust_EUR-11_ICHEC-EC-EARTH_rcp45_r1i1p1_KNMI-RACMO22E_SBCK-CDFt-ERA5-1976-2005_day_20060101-21001231.nc,KNMI_ICHEC-EC-EARTH_rcp45_r1i1p1_KNMI-RACMO22E_SBCK-CDFt-ERA5-1976-2005_day_tasmaxAdjust_v20260512,noleap,92,3.7644911247045187
4522,2071,4,92,24603064.261470284,37.5,92.0,706913.7180763863,2398627.5957165165,6150766.065367571,22107952.80284457,4.488148583294126,11.680826342508862,294.54728371630216,1074.6360235108152,/bdd/CORDEX-Adjust/bias-adjusted-output/EUR-11/KNMI/ICHEC-EC-EARTH/rcp45/r1i1p1/KNMI-RACMO22E/SBCK-CDFt-ERA5-1976-2005/day/tasmaxAdjust/v20260512/tasmaxAdjust_EUR-11_ICHEC-EC-EARTH_rcp45_r1i1p1_KNMI-RACMO22E_SBCK-CDFt-ERA5-1976-2005_day_20060101-21001231.nc,KNMI_ICHEC-EC-EARTH_rcp45_r1i1p1_KNMI-RACMO22E_SBCK-CDFt-ERA5-1976-2005_day_tasmaxAdjust_v20260512,noleap,92,3.1180004795494694
4523,2072,3,92,46701310.13974504,63.333333333333336,92.0,1882495.007915386,4212198.290694757,15567103.379915012,37523155.950782016,5.280002822715329,10.062795982792869,341.24098165066914,925.777230416944,/bdd/CORDEX-Adjust/bias-adjusted-output/EUR-11/KNMI/ICHEC-EC-EARTH/rcp45/r1i1p1/KNMI-RACMO22E/SBCK-CDFt-ERA5-1976-2005/day/tasmaxAdjust/v20260512/tasmaxAdjust_EUR-11_ICHEC-EC-EARTH_rcp45_r1i1p1_KNMI-RACMO22E_SBCK-CDFt-ERA5-1976-2005_day_20060101-21001231.nc,KNMI_ICHEC-EC-EARTH_rcp45_r1i1p1_KNMI-RACMO22E_SBCK-CDFt-ERA5-1976-2005_day_tasmaxAdjust_v20260512,noleap,92,5.918559812866643
4524,2073,6,92,40596417.39514494,36.0,92.0,807469.5846253264,3504092.799312566,6766069.56585749,34351290.766474254,11.57763807340883,17.776780400795506,462.2062166559852,1101.555159651731,/bdd/CORDEX-Adjust/bias-adjusted-output/EUR-11/KNMI/ICHEC-EC-EARTH/rcp45/r1i1p1/KNMI-RACMO22E/SBCK-CDFt-ERA5-1976-2005/day/tasmaxAdjust/v20260512/tasmaxAdjust_EUR-11_ICHEC-EC-EARTH_rcp45_r1i1p1_KNMI-RACMO22E_SBCK-CDFt-ERA5-1976-2005_day_20060101-21001231.nc,KNMI_ICHEC-EC-EARTH_rcp45_r1i1p1_KNMI-RACMO22E_SBCK-CDFt-ERA5-1976-2005_day_tasmaxAdjust_v20260512,noleap,92,5.144873319876778
4525,2074,4,92,13451161.097425878,56.0,92.0,629947.8964453079,1447542.0573115796,3362790.274356469,7391744.956104828,19.017802073611858,39.83831104230008,1110.1794621224833,2060.572314507773,/bdd/CORDEX-Adjust/bias-adjusted-output/EUR-11/KNMI/ICHEC-EC-EARTH/rcp45/r1i1p1/KNMI-RACMO22E/SBCK-CDFt-ERA5-1976-2005/day/tasmaxAdjust/v20260512/tasmaxAdjust_EUR-11_ICHEC-EC-EARTH_rcp45_r1i1p1_KNMI-RACMO22E_SBCK-CDFt-ERA5-1976-2005_day_20060101-21001231.nc,KNMI_ICHEC-EC-EARTH_rcp45_r1i1p1_KNMI-RACMO22E_SBCK-CDFt-ERA5-1976-2005_day_tasmaxAdjust_v20260512,noleap,92,1.704695248792748
4526,2075,4,92,50189558.24149276,38.5,92.0,1501326.1031437304,4690495.196448432,12547389.560373189,42252366.85605339,12.82663487883141,23.49819034668361,385.5048092124654,634.4511393604577,/bdd/CORDEX-Adjust/bias-adjusted-output/EUR-11/KNMI/ICHEC-EC-EARTH/rcp45/r1i1p1/KNMI-RACMO22E/SBCK-CDFt-ERA5-1976-2005/day/tasmaxAdjust/v20260512/tasmaxAdjust_EUR-11_ICHEC-EC-EARTH_rcp45_r1i1p1_KNMI-RACMO22E_SBCK-CDFt-ERA5-1976-2005_day_20060101-21001231.nc,KNMI_ICHEC-EC-EARTH_rcp45_r1i1p1_KNMI-RACMO22E_SBCK-CDFt-ERA5-1976-2005_day_tasmaxAdjust_v20260512,noleap,92,6.360633171633984
4527,2076,6,92,19144594.262446333,37.5,92.0,489559.58537753136,1685633.405944797,3190765.7104077223,12445089.057786606,10.103590244300566,33.71162617467886,244.17092652551324,819.8529529033918,/bdd/CORDEX-Adjust/bias-adjusted-output/EUR-11/KNMI/ICHEC-EC-EARTH/rcp45/r1i1p1/KNMI-RACMO22E/SBCK-CDFt-ERA5-1976-2005/day/tasmaxAdjust/v20260512/tasmaxAdjust_EUR-11_ICHEC-EC-EARTH_rcp45_r1i1p1_KNMI-RACMO22E_SBCK-CDFt-ERA5-1976-2005_day_20060101-21001231.nc,KNMI_ICHEC-EC-EARTH_rcp45_r1i1p1_KNMI-RACMO22E_SBCK-CDFt-ERA5-1976-2005_day_tasmaxAdjust_v20260512,noleap,92,2.4262365637344567
4528,2077,4,92,35436440.51008803,39.25,92.0,1125996.2422329362,3202429.8293593284,8859110.127522007,25553506.75065846,7.686459098228759,16.40749898249486,460.7368689736328,1509.489906389527,/bdd/CORDEX-Adjust/bias-adjusted-output/EUR-11/KNMI/ICHEC-EC-EARTH/rcp45/r1i1p1/KNMI-RACMO22E/SBCK-CDFt-ERA5-1976-2005/day/tasmaxAdjust/v20260512/tasmaxAdjust_EUR-11_ICHEC-EC-EARTH_rcp45_r1i1p1_KNMI-RACMO22E_SBCK-CDFt-ERA5-1976-2005_day_20060101-21001231.nc,KNMI_ICHEC-EC-EARTH_rcp45_r1i1p1_KNMI-RACMO22E_SBCK-CDFt-ERA5-1976-2005_day_tasmaxAdjust_v20260512,noleap,92,4.490938093309591
4529,2078,3,92,50505156.89888259,65.0,92.0,2171310.450996868,4543916.078708653,16835052.29962753,38893755.42504472,11.977048789102652,19.0253726165116,973.6985061811392,1750.3342807190668,/bdd/CORDEX-Adjust/bias-adjusted-output/EUR-11/KNMI/ICHEC-EC-EARTH/rcp45/r1i1p1/KNMI-RACMO22E/SBCK-CDFt-ERA5-1976-2005/day/tasmaxAdjust/v20260512/tasmaxAdjust_EUR-11_ICHEC-EC-EARTH_rcp45_r1i1p1_KNMI-RACMO22E_SBCK-CDFt-ERA5-1976-2005_day_20060101-21001231.nc,KNMI_ICHEC-EC-EARTH_rcp45_r1i1p1_KNMI-RACMO22E_SBCK-CDFt-ERA5-1976-2005_day_tasmaxAdjust_v20260512,noleap,92,6.4006296840451515
4530,2079,5,92,33703192.751145914,31.6,92.0,760625.349040165,3106882.564144477,6740638.550229183,27904661.01026332,5.1510760565134825,11.060070420230671,242.42074591007423,1017.526478661222,/bdd/CORDEX-Adjust/bias-adjusted-output/EUR-11/KNMI/ICHEC-EC-EARTH/rcp45/r1i1p1/KNMI-RACMO22E/SBCK-CDFt-ERA5-1976-2005/day/tasmaxAdjust/v20260512/tasmaxAdjust_EUR-11_ICHEC-EC-EARTH_rcp45_r1i1p1_KNMI-RACMO22E_SBCK-CDFt-ERA5-1976-2005_day_20060101-21001231.nc,KNMI_ICHEC-EC-EARTH_rcp45_r1i1p1_KNMI-RACMO22E_SBCK-CDFt-ERA5-1976-2005_day_tasmaxAdjust_v20260512,noleap,92,4.271279790338651
4531,2080,4,92,40826888.42184969,53.0,92.0,1220123.1317946145,3271029.5257825595,10206722.105462424,30390280.057655443,7.933755409765685,14.042357607605576,487.1356059489245,1090.833167482905,/bdd/CORDEX-Adjust/bias-adjusted-output/EUR-11/KNMI/ICHEC-EC-EARTH/rcp45/r1i1p1/KNMI-RACMO22E/SBCK-CDFt-ERA5-1976-2005/day/tasmaxAdjust/v20260512/tasmaxAdjust_EUR-11_ICHEC-EC-EARTH_rcp45_r1i1p1_KNMI-RACMO22E_SBCK-CDFt-ERA5-1976-2005_day_20060101-21001231.nc,KNMI_ICHEC-EC-EARTH_rcp45_r1i1p1_KNMI-RACMO22E_SBCK-CDFt-ERA5-1976-2005_day_tasmaxAdjust_v20260512,noleap,92,5.174081420304864
4532,2081,4,92,32954056.57210297,46.0,92.0,947964.2713545236,2213207.138264805,8238514.143025743,19821599.389523152,8.560994857450947,15.43891398728812,362.12048906688943,870.2598560059422,/bdd/CORDEX-Adjust/bias-adjusted-output/EUR-11/KNMI/ICHEC-EC-EARTH/rcp45/r1i1p1/KNMI-RACMO22E/SBCK-CDFt-ERA5-1976-2005/day/tasmaxAdjust/v20260512/tasmaxAdjust_EUR-11_ICHEC-EC-EARTH_rcp45_r1i1p1_KNMI-RACMO22E_SBCK-CDFt-ERA5-1976-2005_day_20060101-21001231.nc,KNMI_ICHEC-EC-EARTH_rcp45_r1i1p1_KNMI-RACMO22E_SBCK-CDFt-ERA5-1976-2005_day_tasmaxAdjust_v20260512,noleap,92,4.176340113691879
4533,2082,7,92,12635324.470600666,23.285714285714285,92.0,315609.9922750777,762795.2231680962,1805046.3529429524,4452486.569499516,8.129521111256564,18.30714849519486,175.09346497593364,614.3358746173594,/bdd/CORDEX-Adjust/bias-adjusted-output/EUR-11/KNMI/ICHEC-EC-EARTH/rcp45/r1i1p1/KNMI-RACMO22E/SBCK-CDFt-ERA5-1976-2005/day/tasmaxAdjust/v20260512/tasmaxAdjust_EUR-11_ICHEC-EC-EARTH_rcp45_r1i1p1_KNMI-RACMO22E_SBCK-CDFt-ERA5-1976-2005_day_20060101-21001231.nc,KNMI_ICHEC-EC-EARTH_rcp45_r1i1p1_KNMI-RACMO22E_SBCK-CDFt-ERA5-1976-2005_day_tasmaxAdjust_v20260512,noleap,92,1.6013024776061635
4534,2083,7,92,29275923.563582003,34.142857142857146,92.0,579165.65572389,1906633.2367786432,4182274.794797429,15426559.776532162,4.9961847858156,10.621385744175685,226.579803767632,977.1674884641628,/bdd/CORDEX-Adjust/bias-adjusted-output/EUR-11/KNMI/ICHEC-EC-EARTH/rcp45/r1i1p1/KNMI-RACMO22E/SBCK-CDFt-ERA5-1976-2005/day/tasmaxAdjust/v20260512/tasmaxAdjust_EUR-11_ICHEC-EC-EARTH_rcp45_r1i1p1_KNMI-RACMO22E_SBCK-CDFt-ERA5-1976-2005_day_20060101-21001231.nc,KNMI_ICHEC-EC-EARTH_rcp45_r1i1p1_KNMI-RACMO22E_SBCK-CDFt-ERA5-1976-2005_day_tasmaxAdjust_v20260512,noleap,92,3.710202222796098
4535,2084,9,92,31707716.98637359,40.44444444444444,92.0,441041.7720283672,2040483.9091417023,3523079.665152621,20795966.0437206,7.706473076249133,27.45371824894919,189.39926765788127,740.6841359839085,/bdd/CORDEX-Adjust/bias-adjusted-output/EUR-11/KNMI/ICHEC-EC-EARTH/rcp45/r1i1p1/KNMI-RACMO22E/SBCK-CDFt-ERA5-1976-2005/day/tasmaxAdjust/v20260512/tasmaxAdjust_EUR-11_ICHEC-EC-EARTH_rcp45_r1i1p1_KNMI-RACMO22E_SBCK-CDFt-ERA5-1976-2005_day_20060101-21001231.nc,KNMI_ICHEC-EC-EARTH_rcp45_r1i1p1_KNMI-RACMO22E_SBCK-CDFt-ERA5-1976-2005_day_tasmaxAdjust_v20260512,noleap,92,4.018388755085239
4536,2085,6,92,31860908.79749641,34.5,92.0,695205.272669991,2936619.095571316,5310151.466249402,24935990.211851377,8.814485006141458,16.995528385699078,223.65571401018656,603.7579293869308,/bdd/CORDEX-Adjust/bias-adjusted-output/EUR-11/KNMI/ICHEC-EC-EARTH/rcp45/r1i1p1/KNMI-RACMO22E/SBCK-CDFt-ERA5-1976-2005/day/tasmaxAdjust/v20260512/tasmaxAdjust_EUR-11_ICHEC-EC-EARTH_rcp45_r1i1p1_KNMI-RACMO22E_SBCK-CDFt-ERA5-1976-2005_day_20060101-21001231.nc,KNMI_ICHEC-EC-EARTH_rcp45_r1i1p1_KNMI-RACMO22E_SBCK-CDFt-ERA5-1976-2005_day_tasmaxAdjust_v20260512,noleap,92,4.037803090448823
4537,2086,3,92,36610304.71834745,40.333333333333336,92.0,1090823.3129482174,3079473.479436319,12203434.906115817,35596386.07172322,23.924038833529,58.43605964489976,658.3235244523058,1051.8490736081958,/bdd/CORDEX-Adjust/bias-adjusted-output/EUR-11/KNMI/ICHEC-EC-EARTH/rcp45/r1i1p1/KNMI-RACMO22E/SBCK-CDFt-ERA5-1976-2005/day/tasmaxAdjust/v20260512/tasmaxAdjust_EUR-11_ICHEC-EC-EARTH_rcp45_r1i1p1_KNMI-RACMO22E_SBCK-CDFt-ERA5-1976-2005_day_20060101-21001231.nc,KNMI_ICHEC-EC-EARTH_rcp45_r1i1p1_KNMI-RACMO22E_SBCK-CDFt-ERA5-1976-2005_day_tasmaxAdjust_v20260512,noleap,92,4.639704487827805
4538,2087,10,92,20350080.33585293,21.5,92.0,359000.93762544787,990295.9945921126,2035008.0335852928,6302493.313747024,10.761973405205383,47.66497136389008,157.57087792189105,421.4388301169848,/bdd/CORDEX-Adjust/bias-adjusted-output/EUR-11/KNMI/ICHEC-EC-EARTH/rcp45/r1i1p1/KNMI-RACMO22E/SBCK-CDFt-ERA5-1976-2005/day/tasmaxAdjust/v20260512/tasmaxAdjust_EUR-11_ICHEC-EC-EARTH_rcp45_r1i1p1_KNMI-RACMO22E_SBCK-CDFt-ERA5-1976-2005_day_20060101-21001231.nc,KNMI_ICHEC-EC-EARTH_rcp45_r1i1p1_KNMI-RACMO22E_SBCK-CDFt-ERA5-1976-2005_day_tasmaxAdjust_v20260512,noleap,92,2.579010466815233
4539,2088,3,92,7030860.0872542,69.66666666666667,92.0,363198.35273898224,560160.615681452,2343620.029084733,3352157.244286604,8.315167055742334,9.05003700767134,562.8778759569681,776.3350507129664,/bdd/CORDEX-Adjust/bias-adjusted-output/EUR-11/KNMI/ICHEC-EC-EARTH/rcp45/r1i1p1/KNMI-RACMO22E/SBCK-CDFt-ERA5-1976-2005/day/tasmaxAdjust/v20260512/tasmaxAdjust_EUR-11_ICHEC-EC-EARTH_rcp45_r1i1p1_KNMI-RACMO22E_SBCK-CDFt-ERA5-1976-2005_day_20060101-21001231.nc,KNMI_ICHEC-EC-EARTH_rcp45_r1i1p1_KNMI-RACMO22E_SBCK-CDFt-ERA5-1976-2005_day_tasmaxAdjust_v20260512,noleap,92,0.8910363721658524
4540,2089,1,92,134955378.64932993,92.0,92.0,6858516.374962634,6858516.374962634,134955378.64932993,134955378.64932993,5.623832025705714,5.623832025705714,517.3925463649257,517.3925463649257,/bdd/CORDEX-Adjust/bias-adjusted-output/EUR-11/KNMI/ICHEC-EC-EARTH/rcp45/r1i1p1/KNMI-RACMO22E/SBCK-CDFt-ERA5-1976-2005/day/tasmaxAdjust/v20260512/tasmaxAdjust_EUR-11_ICHEC-EC-EARTH_rcp45_r1i1p1_KNMI-RACMO22E_SBCK-CDFt-ERA5-1976-2005_day_20060101-21001231.nc,KNMI_ICHEC-EC-EARTH_rcp45_r1i1p1_KNMI-RACMO22E_SBCK-CDFt-ERA5-1976-2005_day_tasmaxAdjust_v20260512,noleap,92,17.10319214201997
4541,2090,3,92,57865942.51845984,41.0,92.0,2038276.4196906232,5228963.4101541005,19288647.50615328,52330072.92057307,6.52611465888181,9.28696132903865,337.3677992020498,854.4004422715559,/bdd/CORDEX-Adjust/bias-adjusted-output/EUR-11/KNMI/ICHEC-EC-EARTH/rcp45/r1i1p1/KNMI-RACMO22E/SBCK-CDFt-ERA5-1976-2005/day/tasmaxAdjust/v20260512/tasmaxAdjust_EUR-11_ICHEC-EC-EARTH_rcp45_r1i1p1_KNMI-RACMO22E_SBCK-CDFt-ERA5-1976-2005_day_20060101-21001231.nc,KNMI_ICHEC-EC-EARTH_rcp45_r1i1p1_KNMI-RACMO22E_SBCK-CDFt-ERA5-1976-2005_day_tasmaxAdjust_v20260512,noleap,92,7.33347824501262
4542,2091,5,92,45606132.02997642,33.2,92.0,1215454.423905725,4525707.169836371,9121226.405995283,36086104.819797724,8.103621509487313,10.499840427832764,290.8600963779458,861.2924658990634,/bdd/CORDEX-Adjust/bias-adjusted-output/EUR-11/KNMI/ICHEC-EC-EARTH/rcp45/r1i1p1/KNMI-RACMO22E/SBCK-CDFt-ERA5-1976-2005/day/tasmaxAdjust/v20260512/tasmaxAdjust_EUR-11_ICHEC-EC-EARTH_rcp45_r1i1p1_KNMI-RACMO22E_SBCK-CDFt-ERA5-1976-2005_day_20060101-21001231.nc,KNMI_ICHEC-EC-EARTH_rcp45_r1i1p1_KNMI-RACMO22E_SBCK-CDFt-ERA5-1976-2005_day_tasmaxAdjust_v20260512,noleap,92,5.779765480780196
4543,2092,8,92,21162150.333775576,24.125,92.0,365542.7340177099,983622.4236067848,2645268.791721947,9041990.147299528,14.60978764575176,38.91839022952357,364.350502779451,1048.2984387846047,/bdd/CORDEX-Adjust/bias-adjusted-output/EUR-11/KNMI/ICHEC-EC-EARTH/rcp45/r1i1p1/KNMI-RACMO22E/SBCK-CDFt-ERA5-1976-2005/day/tasmaxAdjust/v20260512/tasmaxAdjust_EUR-11_ICHEC-EC-EARTH_rcp45_r1i1p1_KNMI-RACMO22E_SBCK-CDFt-ERA5-1976-2005_day_20060101-21001231.nc,KNMI_ICHEC-EC-EARTH_rcp45_r1i1p1_KNMI-RACMO22E_SBCK-CDFt-ERA5-1976-2005_day_tasmaxAdjust_v20260512,noleap,92,2.6819258848315104
4544,2093,6,92,40140739.75418156,29.666666666666668,92.0,626529.1288002457,2464720.7939497484,6690123.292363592,32438535.28850093,8.349762083464746,14.534087155940387,268.2577005038722,1031.2575467773993,/bdd/CORDEX-Adjust/bias-adjusted-output/EUR-11/KNMI/ICHEC-EC-EARTH/rcp45/r1i1p1/KNMI-RACMO22E/SBCK-CDFt-ERA5-1976-2005/day/tasmaxAdjust/v20260512/tasmaxAdjust_EUR-11_ICHEC-EC-EARTH_rcp45_r1i1p1_KNMI-RACMO22E_SBCK-CDFt-ERA5-1976-2005_day_20060101-21001231.nc,KNMI_ICHEC-EC-EARTH_rcp45_r1i1p1_KNMI-RACMO22E_SBCK-CDFt-ERA5-1976-2005_day_tasmaxAdjust_v20260512,noleap,92,5.087124289595666
4545,2094,3,92,9054852.3841223,47.333333333333336,92.0,363544.1752012577,446790.0654056893,3018284.128040767,4214131.501072089,7.424971552966237,14.243713658710297,252.62875783779012,520.5096330100623,/bdd/CORDEX-Adjust/bias-adjusted-output/EUR-11/KNMI/ICHEC-EC-EARTH/rcp45/r1i1p1/KNMI-RACMO22E/SBCK-CDFt-ERA5-1976-2005/day/tasmaxAdjust/v20260512/tasmaxAdjust_EUR-11_ICHEC-EC-EARTH_rcp45_r1i1p1_KNMI-RACMO22E_SBCK-CDFt-ERA5-1976-2005_day_20060101-21001231.nc,KNMI_ICHEC-EC-EARTH_rcp45_r1i1p1_KNMI-RACMO22E_SBCK-CDFt-ERA5-1976-2005_day_tasmaxAdjust_v20260512,noleap,92,1.1475413702900996
4546,2095,9,92,57629565.955619216,22.666666666666668,92.0,754252.9896419683,4131667.437917872,6403285.106179913,41258654.35432855,7.459566545989849,20.042032987866897,177.58538289521795,691.0602368978718,/bdd/CORDEX-Adjust/bias-adjusted-output/EUR-11/KNMI/ICHEC-EC-EARTH/rcp45/r1i1p1/KNMI-RACMO22E/SBCK-CDFt-ERA5-1976-2005/day/tasmaxAdjust/v20260512/tasmaxAdjust_EUR-11_ICHEC-EC-EARTH_rcp45_r1i1p1_KNMI-RACMO22E_SBCK-CDFt-ERA5-1976-2005_day_20060101-21001231.nc,KNMI_ICHEC-EC-EARTH_rcp45_r1i1p1_KNMI-RACMO22E_SBCK-CDFt-ERA5-1976-2005_day_tasmaxAdjust_v20260512,noleap,92,7.303521722993307
4547,2096,7,92,13358806.201727727,35.57142857142857,92.0,315046.9139184148,678685.7869112219,1908400.885961104,5423660.877286445,15.637312653995432,48.45298459207839,455.2362510567456,1392.3942953389392,/bdd/CORDEX-Adjust/bias-adjusted-output/EUR-11/KNMI/ICHEC-EC-EARTH/rcp45/r1i1p1/KNMI-RACMO22E/SBCK-CDFt-ERA5-1976-2005/day/tasmaxAdjust/v20260512/tasmaxAdjust_EUR-11_ICHEC-EC-EARTH_rcp45_r1i1p1_KNMI-RACMO22E_SBCK-CDFt-ERA5-1976-2005_day_20060101-21001231.nc,KNMI_ICHEC-EC-EARTH_rcp45_r1i1p1_KNMI-RACMO22E_SBCK-CDFt-ERA5-1976-2005_day_tasmaxAdjust_v20260512,noleap,92,1.6929909096090088
4548,2097,1,92,131906374.54657473,92.0,92.0,5974249.269887536,5974249.269887536,131906374.54657473,131906374.54657473,3.353041430379637,3.353041430379637,308.4798115949266,308.4798115949266,/bdd/CORDEX-Adjust/bias-adjusted-output/EUR-11/KNMI/ICHEC-EC-EARTH/rcp45/r1i1p1/KNMI-RACMO22E/SBCK-CDFt-ERA5-1976-2005/day/tasmaxAdjust/v20260512/tasmaxAdjust_EUR-11_ICHEC-EC-EARTH_rcp45_r1i1p1_KNMI-RACMO22E_SBCK-CDFt-ERA5-1976-2005_day_20060101-21001231.nc,KNMI_ICHEC-EC-EARTH_rcp45_r1i1p1_KNMI-RACMO22E_SBCK-CDFt-ERA5-1976-2005_day_tasmaxAdjust_v20260512,noleap,92,16.716785141920102
4549,2098,6,92,20858446.72102011,33.666666666666664,92.0,537445.961580174,1276489.8179550734,3476407.786836685,9436155.832988689,5.218019674963744,9.294465698566778,231.01599921243792,855.0908442681437,/bdd/CORDEX-Adjust/bias-adjusted-output/EUR-11/KNMI/ICHEC-EC-EARTH/rcp45/r1i1p1/KNMI-RACMO22E/SBCK-CDFt-ERA5-1976-2005/day/tasmaxAdjust/v20260512/tasmaxAdjust_EUR-11_ICHEC-EC-EARTH_rcp45_r1i1p1_KNMI-RACMO22E_SBCK-CDFt-ERA5-1976-2005_day_20060101-21001231.nc,KNMI_ICHEC-EC-EARTH_rcp45_r1i1p1_KNMI-RACMO22E_SBCK-CDFt-ERA5-1976-2005_day_tasmaxAdjust_v20260512,noleap,92,2.6434368576051166
4550,2099,4,92,19875314.995702323,44.5,92.0,809310.7845231155,1086709.8868072818,4968828.748925581,6862273.854732325,15.21118119898085,47.60806551827042,340.706736169172,657.9012725789297,/bdd/CORDEX-Adjust/bias-adjusted-output/EUR-11/KNMI/ICHEC-EC-EARTH/rcp45/r1i1p1/KNMI-RACMO22E/SBCK-CDFt-ERA5-1976-2005/day/tasmaxAdjust/v20260512/tasmaxAdjust_EUR-11_ICHEC-EC-EARTH_rcp45_r1i1p1_KNMI-RACMO22E_SBCK-CDFt-ERA5-1976-2005_day_20060101-21001231.nc,KNMI_ICHEC-EC-EARTH_rcp45_r1i1p1_KNMI-RACMO22E_SBCK-CDFt-ERA5-1976-2005_day_tasmaxAdjust_v20260512,noleap,92,2.518842410408482
